loan_amnt,int_rate,term,emp_length_num,annual_inc,dti,delinq_2yrs,open_acc,pub_rec,revol_bal,revol_util,log_annual_inc,log_loan_amnt,log_revol_bal,loan_to_income,rate_x_term,has_delinq,has_pub_rec,grade,sub_grade,home_ownership,verification_status,purpose
35000.0,18.49,60.0,2.0,125000.0,18.15,0.0,38.0,1.0,48129.0,68.9,11.736077016252437,10.463131911491967,10.781660962297154,0.27999776001791987,1109.3999999999999,0,1,D,D5,RENT,Source Verified,debt_consolidation
14400.0,7.49,36.0,10.0,88186.0,2.24,0.0,32.0,0.0,3587.0,1.7,11.387214838841322,9.575052927597381,8.185350223178686,0.16328937371721455,269.64,0,0,A,A4,MORTGAGE,Verified,debt_consolidation
17500.0,8.49,36.0,10.0,35000.0,19.48,0.0,8.0,1.0,27161.0,47.5,10.463131911491967,9.770013301136157,10.209574216664013,0.4999857146938659,305.64,0,1,B,B1,OWN,Source Verified,debt_consolidation
20000.0,11.48,36.0,10.0,250000.0,10.05,0.0,18.0,0.0,91249.51999999856,59.5,12.765691290604371,9.903537551286169,12.285747593280625,0.05714269387801749,413.28000000000003,0,0,B,B5,OWN,Not Verified,other
21000.0,10.78,36.0,0.0,100000.0,29.75,0.0,24.0,0.0,45269.0,31.3,11.51293546492023,9.952325334619427,10.720399840430003,0.2099979000209998,388.08,0,0,B,B4,MORTGAGE,Not Verified,debt_consolidation
7000.0,11.99,36.0,5.0,43000.0,14.12,0.0,6.0,1.0,2449.0,64.4,10.668978650219241,8.853808274977197,7.803843303538772,0.16278691193228065,431.64,0,1,C,C1,OWN,Verified,home_improvement
15675.0,16.99,60.0,9.0,41000.0,30.71,0.0,10.0,0.0,40372.0,64.6,10.62135173563291,9.659886159319521,10.605916523694313,0.38230774859149774,1019.3999999999999,0,0,D,D3,MORTGAGE,Not Verified,debt_consolidation
9600.0,11.99,36.0,1.0,76899.0,16.54,1.0,10.0,0.0,8615.0,66.3,11.250261155493735,9.169622538697624,9.061376218836225,0.12483745123537061,431.64,1,0,C,C1,MORTGAGE,Not Verified,debt_consolidation
8200.0,5.32,36.0,1.0,49233.0,24.84,1.0,14.0,0.0,3628.0,25.4,10.804339720721092,9.01201137703641,8.19671240721307,0.16655157005321525,191.52,1,0,A,A1,MORTGAGE,Not Verified,debt_consolidation
3600.0,14.85,36.0,10.0,41200.0,34.66,0.0,26.0,1.0,9195.0,82.8,10.626217806887722,8.188966863648876,9.126523885883072,0.08737651998737894,534.6,0,1,C,C5,OWN,Verified,medical
7325.0,10.78,36.0,5.0,40000.0,10.95,0.0,7.0,0.0,6051.0,71.2,10.596659732783579,8.89918494333876,8.708144074908246,0.18312042198945028,388.08,0,0,B,B4,RENT,Verified,debt_consolidation
16000.0,12.88,60.0,6.0,50000.0,19.39,0.0,5.0,0.0,19389.0,89.4,10.819798284210286,9.680406499268875,9.872512748236698,0.31999360012799744,772.8000000000001,0,0,C,C2,RENT,Source Verified,debt_consolidation
35000.0,10.78,36.0,10.0,130000.0,25.24,0.0,17.0,0.0,91249.51999999856,49.4,11.775297421715825,10.463131911491967,12.167913768429402,0.26922869824078277,388.08,0,0,B,B4,OWN,Source Verified,debt_consolidation
12000.0,11.48,36.0,1.0,45000.0,7.63,1.0,7.0,0.0,2934.0,53.3,10.714439990727769,9.392745258631441,7.984462732262196,0.2666607408724251,413.28000000000003,1,0,B,B5,RENT,Source Verified,debt_consolidation
9600.0,17.27,36.0,10.0,53000.0,30.27,0.0,16.0,0.0,16553.0,38.3,10.87806606028079,9.169622538697624,9.714383043445341,0.18112865794985,621.72,0,0,D,D3,OWN,Source Verified,debt_consolidation
5000.0,6.99,36.0,3.0,51782.0,21.62,0.0,7.0,0.0,4253.0,38.7,10.854817189054799,8.517393171418904,8.355614995760183,0.09655678504528513,251.64000000000001,0,0,A,A3,MORTGAGE,Source Verified,credit_card
15000.0,12.88,60.0,4.0,44952.0,23.89,0.0,16.0,0.0,13364.0,57.4,10.713372778495833,9.61587214452889,9.50039462857302,0.33368184548306007,772.8000000000001,0,0,C,C2,MORTGAGE,Source Verified,credit_card
8650.0,19.89,36.0,8.0,55000.0,25.49,0.0,18.0,1.0,9568.0,46.0,10.915106645867501,9.065430200180375,9.166283985779263,0.15726986782058508,716.04,0,1,E,E3,RENT,Verified,debt_consolidation
35000.0,7.91,36.0,4.0,165000.0,18.89,0.0,21.0,1.0,53593.0,50.0,12.013706813470412,10.463131911491967,10.889192400494602,0.21211992654589973,284.76,0,1,A,A5,MORTGAGE,Source Verified,debt_consolidation
6000.0,17.57,36.0,3.0,20000.0,11.52,1.0,4.0,0.0,3925.0,77.0,9.903537551286169,8.699681400989512,8.275376374836407,0.2999850007499625,632.52,1,0,D,D4,RENT,Not Verified,debt_consolidation
20000.0,13.44,36.0,4.0,65000.0,25.99,0.0,23.0,0.0,29724.0,39.1,11.082157933374816,9.903537551286169,10.299743721558983,0.3076875740373225,483.84,0,0,C,C3,MORTGAGE,Not Verified,debt_consolidation
18400.0,24.24,60.0,2.0,40000.0,31.32,1.0,23.0,0.0,4406.0,58.7,10.596659732783579,9.820160289946374,8.390949464841986,0.45998850028749283,1454.3999999999999,1,0,F,F3,RENT,Not Verified,major_purchase
4400.0,7.49,36.0,4.0,49000.0,18.79,0.0,6.0,0.0,7170.0,64.0,10.799595985047786,8.38958706681109,8.877800393882575,0.08979408583498295,269.64,0,0,A,A4,MORTGAGE,Source Verified,credit_card
10000.0,6.49,36.0,0.0,80000.0,4.38,0.0,12.0,2.0,1075.0,12.6,11.289794413577894,9.210440366976515,6.98100574072173,0.124998437519531,233.64000000000001,0,1,A,A2,OWN,Not Verified,debt_consolidation
11200.0,16.59,60.0,4.0,97000.0,38.78,0.0,27.0,2.0,23639.0,75.3,11.48247656671073,9.32375833901174,10.070695471520034,0.11546272718837951,995.4,0,1,D,D2,MORTGAGE,Not Verified,debt_consolidation
7200.0,10.78,36.0,4.0,160000.0,9.85,0.0,13.0,6.0,19246.0,61.3,11.982935344196433,8.881975184248866,9.865110483415123,0.0449997187517578,388.08,0,1,B,B4,MORTGAGE,Source Verified,home_improvement
35000.0,18.49,60.0,10.0,100000.0,31.36,1.0,11.0,0.0,8475.0,52.6,11.51293546492023,10.463131911491967,9.044993919388189,0.34999650003499966,1109.3999999999999,1,0,E,E2,MORTGAGE,Source Verified,debt_consolidation
20000.0,7.89,36.0,2.0,59000.0,27.32,1.0,14.0,0.0,9723.0,45.0,10.985309671896763,9.903537551286169,9.182352335436013,0.3389773054693988,284.03999999999996,1,0,A,A5,OWN,Source Verified,credit_card
35000.0,19.48,36.0,0.0,100000.0,27.64,0.0,24.0,0.0,35316.0,82.7,11.51293546492023,10.463131911491967,10.47211971339814,0.34999650003499966,701.28,0,0,E,E2,MORTGAGE,Verified,debt_consolidation
8000.0,8.49,36.0,10.0,65000.0,16.16,1.0,12.0,0.0,8030.0,36.7,11.082157933374816,8.987321812850123,8.991064332188461,0.123075029614929,305.64,1,0,B,B1,RENT,Not Verified,debt_consolidation
4000.0,13.44,36.0,10.0,75000.0,14.94,0.0,16.0,0.0,21333.0,77.2,11.225256725762893,8.294299608857235,9.968057323185429,0.053332622231703576,483.84,0,0,C,C3,MORTGAGE,Source Verified,credit_card
1000.0,7.49,36.0,10.0,35360.0,24.95,0.0,7.0,0.0,9081.0,69.3,10.473364796894678,6.90875477931522,9.114049711657897,0.028279743219931562,269.64,0,0,A,A4,MORTGAGE,Not Verified,other
30000.0,21.99,60.0,10.0,125000.0,18.55,2.0,20.0,0.0,6821.0,51.7,11.736077016252437,10.308985993422082,8.82790796297859,0.23999808001535988,1319.3999999999999,1,0,F,F1,OWN,Source Verified,home_improvement
21000.0,21.48,60.0,3.0,78000.0,20.74,0.0,17.0,0.0,55377.0,79.4,11.264476926102367,9.952325334619427,10.921937681952201,0.26922731759849233,1288.8,0,0,E,E5,MORTGAGE,Verified,debt_consolidation
24000.0,19.89,60.0,8.0,76000.0,16.94,0.0,11.0,1.0,5902.0,23.0,11.23850177707664,10.085850775128717,8.683215975240689,0.31578531861422876,1193.4,0,1,E,E3,MORTGAGE,Verified,debt_consolidation
12000.0,11.22,36.0,2.0,66500.0,17.02,0.0,8.0,0.0,8747.0,55.4,11.104972264124866,9.392745258631441,9.076580381796658,0.18044841430955927,403.92,0,0,B,B5,RENT,Verified,debt_consolidation
10000.0,13.44,60.0,4.0,50403.0,16.95,0.0,7.0,0.0,6924.0,69.2,10.827825815989584,9.210440366976515,8.842893331055539,0.1983969526228077,806.4,0,0,C,C3,RENT,Not Verified,credit_card
10000.0,19.48,36.0,1.0,150000.0,14.89,1.0,10.0,0.0,3318.0,13.5,11.918397239722838,9.210440366976515,8.107418811719974,0.06666622222518516,701.28,1,0,E,E2,MORTGAGE,Source Verified,other
10000.0,11.99,36.0,,42000.0,37.37,0.0,9.0,0.0,9056.0,56.2,10.645448706505872,9.210440366976515,9.111293218374948,0.23808956929596914,431.64,0,0,C,C1,OWN,Verified,credit_card
7000.0,11.48,36.0,5.0,30000.0,12.12,0.0,12.0,0.0,6861.0,39.7,10.308985993422082,8.853808274977197,8.833754223418394,0.23332555581480618,413.28000000000003,0,0,B,B5,RENT,Not Verified,home_improvement
10000.0,18.99,60.0,3.0,62000.0,20.48,1.0,16.0,0.0,9604.0,43.5,11.034905792929415,9.210440366976515,9.170039075202657,0.16128772116578766,1139.3999999999999,1,0,E,E3,RENT,Source Verified,debt_consolidation
30000.0,13.44,60.0,5.0,81000.0,12.03,3.0,12.0,0.0,18471.0,52.5,11.30221677925738,10.308985993422082,9.824011351034331,0.3703657979531117,806.4,1,0,C,C3,MORTGAGE,Source Verified,debt_consolidation
6400.0,8.38,36.0,10.0,52000.0,23.68,2.0,6.0,1.0,4221.0,36.7,10.859018228147885,8.764209507142002,8.348064228408266,0.12307455625853349,301.68,1,1,B,B1,MORTGAGE,Not Verified,debt_consolidation
18000.0,6.99,36.0,10.0,98000.0,20.7,0.0,20.0,0.0,31754.0,28.6,11.49273296168228,9.798182590890704,10.365805472237074,0.1836715951878042,251.64000000000001,0,0,A,A3,MORTGAGE,Source Verified,debt_consolidation
1600.0,13.67,36.0,10.0,60000.0,32.2,0.0,10.0,0.0,21707.0,92.8,11.002116507732017,7.3783837129967145,9.985436135183296,0.026666222229629506,492.12,0,0,C,C4,RENT,Verified,other
10000.0,9.17,36.0,,24080.0,29.16,0.0,13.0,1.0,9009.0,21.7,10.089178426799686,9.210440366976515,9.106090350602383,0.4152651467962294,330.12,0,1,B,B2,OWN,Not Verified,credit_card
15000.0,6.49,36.0,10.0,105000.0,0.62,1.0,6.0,0.0,3701.0,4.7,11.561725152903833,9.61587214452889,8.216628493133442,0.1428557823258826,233.64000000000001,1,0,A,A2,MORTGAGE,Not Verified,major_purchase
2500.0,10.64,36.0,3.0,87000.0,17.19,0.0,10.0,0.0,10833.0,75.2,11.373674891823535,7.824445930877618,9.290444616217844,0.02873530189308169,383.04,0,0,B,B4,RENT,Verified,debt_consolidation
32450.0,17.97,60.0,5.0,87000.0,30.94,0.0,9.0,0.0,7335.0,59.6,11.373674891823535,10.387486538298399,8.9005490139363,0.3729842185722003,1078.1999999999998,0,0,D,D4,MORTGAGE,Verified,debt_consolidation
9800.0,13.44,36.0,4.0,40000.0,39.6,1.0,8.0,0.0,5735.0,53.6,10.596659732783579,9.19023970026918,8.654517382279456,0.24499387515312118,483.84,1,0,C,C3,RENT,Verified,debt_consolidation
16000.0,9.17,36.0,10.0,125000.0,8.84,0.0,12.0,0.0,9169.0,25.5,11.736077016252437,9.680406499268875,9.12369256525051,0.12799897600819193,330.12,0,0,B,B2,MORTGAGE,Not Verified,home_improvement
8000.0,12.88,36.0,0.0,58000.0,25.59,0.0,14.0,0.0,5731.0,49.0,10.968215530759235,8.987321812850123,8.653819788948063,0.1379286564024758,463.68,0,0,C,C2,MORTGAGE,Source Verified,debt_consolidation
20000.0,13.99,36.0,10.0,65000.0,13.81,0.0,10.0,0.0,20018.0,66.9,11.082157933374816,9.903537551286169,9.904437101571716,0.3076875740373225,503.64,0,0,C,C4,MORTGAGE,Source Verified,credit_card
8000.0,7.89,36.0,5.0,35000.0,7.72,0.0,7.0,0.0,6848.0,36.0,10.463131911491967,8.987321812850123,8.831857935197904,0.22856489814576728,284.03999999999996,0,0,A,A5,RENT,Source Verified,credit_card
13675.0,18.99,36.0,1.0,38000.0,23.37,0.0,11.0,0.0,1746.0,33.6,10.545367754151743,9.523397750759191,7.465655310134056,0.35985895108023475,683.64,0,0,E,E3,RENT,Source Verified,debt_consolidation
15000.0,9.8,36.0,1.0,75000.0,20.21,0.0,11.0,0.0,14296.0,64.7,11.225256725762893,9.61587214452889,9.567805004029164,0.19999733336888842,352.8,0,0,B,B3,RENT,Source Verified,debt_consolidation
8400.0,17.86,36.0,4.0,42000.0,31.04,1.0,22.0,0.0,19657.0,69.2,10.645448706505872,9.036106025364846,9.886239659126574,0.1999952382086141,642.96,1,0,D,D5,OWN,Source Verified,car
18000.0,6.99,36.0,7.0,125000.0,14.15,0.0,11.0,0.0,16027.0,20.1,11.736077016252437,9.798182590890704,9.682092471756034,0.14399884800921592,251.64000000000001,0,0,A,A3,RENT,Not Verified,debt_consolidation
7200.0,8.38,36.0,,29580.0,10.47,0.0,7.0,0.0,4363.0,20.6,10.294887542319458,8.881975184248866,8.381144346952961,0.24339947939555795,301.68,0,0,B,B1,OWN,Source Verified,debt_consolidation
14000.0,5.32,36.0,5.0,130000.0,11.74,0.0,10.0,0.0,22771.0,35.5,11.775297421715825,9.546884034617925,10.033286990070971,0.1076914792963131,191.52,0,0,A,A1,MORTGAGE,Not Verified,debt_consolidation
13000.0,13.18,60.0,8.0,35000.0,27.39,0.0,13.0,0.0,10172.0,66.5,10.463131911491967,9.472781556562168,9.227492430793747,0.3714179594868718,790.8,0,0,C,C3,RENT,Source Verified,credit_card
12000.0,6.99,36.0,2.0,114000.0,18.99,0.0,13.0,0.0,4273.0,12.4,11.643962499267984,9.392745258631441,8.360305435879093,0.10526223454180227,251.64000000000001,0,0,A,A3,MORTGAGE,Not Verified,house
22500.0,14.85,36.0,10.0,114000.0,9.83,2.0,15.0,0.0,20164.0,56.8,11.643962499267984,10.02131503164933,9.911703707307469,0.19736668976587923,534.6,1,0,C,C5,OWN,Source Verified,debt_consolidation
20000.0,11.99,60.0,3.0,65000.0,21.18,0.0,11.0,0.0,26478.0,68.4,11.082157933374816,9.903537551286169,10.1841072449874,0.3076875740373225,719.4,0,0,C,C1,MORTGAGE,Not Verified,debt_consolidation
24000.0,12.88,60.0,9.0,70000.0,22.69,0.0,8.0,0.0,16957.0,92.2,11.156264806643742,10.085850775128717,9.738494977863947,0.34285224496792904,772.8000000000001,0,0,C,C2,MORTGAGE,Verified,debt_consolidation
6400.0,9.17,36.0,5.0,80000.0,12.45,0.0,11.0,0.0,13823.0,48.0,11.289794413577894,8.764209507142002,9.534161491043836,0.07999900001249985,330.12,0,0,B,B2,OWN,Not Verified,debt_consolidation
7200.0,9.17,36.0,10.0,50000.0,19.25,0.0,13.0,0.0,9051.0,47.6,10.819798284210286,8.881975184248866,9.110741006753427,0.14399712005759885,330.12,0,0,B,B2,MORTGAGE,Not Verified,debt_consolidation
6600.0,13.44,36.0,2.0,75000.0,11.39,0.0,21.0,1.0,23723.0,50.8,11.225256725762893,8.79497643168877,10.074242472958616,0.0879988266823109,483.84,0,1,C,C3,RENT,Source Verified,debt_consolidation
10800.0,12.88,36.0,10.0,69000.0,18.37,0.0,10.0,0.0,26560.0,76.1,11.141876276228,9.287394001418473,10.187199253484014,0.15651947073230824,463.68,0,0,C,C2,MORTGAGE,Verified,debt_consolidation
35000.0,17.97,60.0,10.0,150000.0,25.11,1.0,27.0,0.0,39913.0,85.3,11.918397239722838,10.463131911491967,10.59448241852793,0.2333317777881481,1078.1999999999998,1,0,D,D4,MORTGAGE,Not Verified,debt_consolidation
24000.0,10.78,36.0,3.0,150000.0,14.91,0.0,18.0,0.0,43241.0,65.9,11.918397239722838,10.085850775128717,10.674567524152495,0.1599989333404444,388.08,0,0,B,B4,OWN,Verified,debt_consolidation
12000.0,10.64,36.0,1.0,47940.0,19.78,1.0,17.0,0.0,11078.0,42.3,10.777726367178413,9.392745258631441,9.312806703520673,0.25030766984418346,383.04,1,0,B,B4,RENT,Source Verified,credit_card
5600.0,14.85,36.0,6.0,39240.0,23.33,0.0,6.0,0.0,5416.0,54.7,10.577477397554379,8.630700432209832,8.597297435657898,0.1427078820621289,534.6,0,0,C,C5,RENT,Source Verified,other
20150.0,14.48,36.0,0.0,56000.0,29.49,0.0,6.0,0.0,18020.0,73.0,10.933124826700706,9.911009193934975,9.79929302351827,0.35981500330351246,521.28,0,0,C,C5,RENT,Verified,debt_consolidation
32000.0,13.67,60.0,10.0,89110.0,31.81,0.0,10.0,0.0,32185.0,61.7,11.397638062628861,10.373522431293592,10.37928685437844,0.3591026921479952,820.2,0,0,C,C4,RENT,Verified,debt_consolidation
35000.0,15.77,36.0,0.0,104000.0,27.26,0.0,15.0,0.0,49143.0,88.7,11.552155793461898,10.463131911491967,10.802510042843762,0.33653522562283056,567.72,0,0,D,D1,RENT,Not Verified,credit_card
5000.0,6.89,36.0,5.0,65000.0,33.4,0.0,21.0,0.0,20338.0,35.7,11.082157933374816,8.517393171418904,9.920295504185495,0.07692189350933062,248.04,0,0,A,A3,MORTGAGE,Not Verified,debt_consolidation
10000.0,8.49,36.0,2.0,85000.0,15.25,0.0,9.0,1.0,8480.0,64.7,11.350418300109132,9.210440366976515,9.045583646361699,0.11764567475676757,305.64,0,1,B,B1,MORTGAGE,Source Verified,credit_card
25000.0,6.99,36.0,0.0,90000.0,17.03,3.0,11.0,0.0,23584.0,17.0,11.407576060361786,10.12667110305036,10.068366195718362,0.27777469139231786,251.64000000000001,1,0,A,A3,MORTGAGE,Not Verified,credit_card
20000.0,6.49,36.0,1.0,121900.0,19.65,0.0,16.0,0.0,10210.0,16.6,11.71096451888116,9.903537551286169,9.231220849555537,0.16406756302245265,233.64000000000001,0,0,A,A2,RENT,Not Verified,debt_consolidation
15000.0,11.99,60.0,3.0,100000.0,7.58,0.0,13.0,1.0,3434.0,23.8,11.51293546492023,9.61587214452889,8.14177220465645,0.14999850001499984,719.4,0,1,C,C1,MORTGAGE,Source Verified,debt_consolidation
15200.0,13.99,60.0,10.0,69998.0,14.52,0.0,7.0,1.0,19434.0,85.6,11.156236235215168,9.62911649414402,9.874830843286324,0.21714595922798896,839.4,0,1,C,C4,OWN,Verified,debt_consolidation
5000.0,6.89,36.0,5.0,41000.0,16.06,2.0,3.0,0.0,6658.0,46.9,10.62135173563291,8.517393171418904,8.803724602110622,0.12194824516475208,248.04,1,0,A,A3,MORTGAGE,Not Verified,home_improvement
6500.0,9.17,36.0,1.0,60000.0,24.34,0.0,8.0,2.0,8749.0,75.4,11.002116507732017,8.77971129020447,9.076808979351659,0.10833152780786987,330.12,0,1,B,B2,RENT,Source Verified,credit_card
30000.0,9.17,36.0,10.0,170000.0,13.83,1.0,17.0,0.0,28168.0,53.7,12.043559598368038,10.308985993422082,10.245977361482778,0.17646955017911659,330.12,1,0,B,B2,MORTGAGE,Source Verified,debt_consolidation
18000.0,12.88,36.0,4.0,108000.0,23.92,0.0,43.0,0.0,40979.0,74.5,11.58989576532275,9.798182590890704,10.62083942179289,0.16666512347107898,463.68,0,0,C,C2,MORTGAGE,Source Verified,debt_consolidation
28000.0,5.32,36.0,2.0,200000.0,13.82,0.0,21.0,0.0,14432.0,20.2,12.206077645517674,10.239995502805314,9.577272530367564,0.13999930000349997,191.52,0,0,A,A1,MORTGAGE,Source Verified,home_improvement
18000.0,9.8,36.0,2.0,45000.0,21.39,0.0,14.0,0.0,4667.0,8.8,10.714439990727769,9.798182590890704,8.448485993406447,0.39999111130863757,352.8,0,0,B,B3,MORTGAGE,Not Verified,major_purchase
6500.0,9.8,36.0,1.0,59500.0,15.07,1.0,12.0,1.0,416.0,5.5,10.993748398115178,8.77971129020447,6.0330862217988015,0.10924186148131965,352.8,1,1,B,B3,RENT,Verified,other
8500.0,14.85,36.0,10.0,80000.0,27.99,0.0,17.0,0.0,15014.0,53.4,11.289794413577894,9.047939082617358,9.616804980417431,0.10624867189160135,534.6,0,0,C,C5,MORTGAGE,Source Verified,debt_consolidation
14000.0,13.67,60.0,3.0,29200.0,22.85,0.0,9.0,0.0,9520.0,82.1,10.281958234245314,9.546884034617925,9.161255164285691,0.4794356357658984,820.2,0,0,C,C4,OWN,Verified,debt_consolidation
20000.0,13.18,60.0,10.0,90000.0,10.45,0.0,9.0,0.0,16872.0,36.7,11.407576060361786,9.903537551286169,9.733469990198337,0.22221975311385428,790.8,0,0,C,C3,MORTGAGE,Source Verified,credit_card
5500.0,9.17,36.0,7.0,32000.0,12.68,0.0,6.0,0.0,3437.0,79.9,10.373522431293592,8.612685172875457,8.142645185942794,0.17186962907409142,330.12,0,0,B,B2,MORTGAGE,Source Verified,debt_consolidation
1000.0,11.48,36.0,10.0,40000.0,18.36,0.0,14.0,0.0,9479.0,35.5,10.596659732783579,6.90875477931522,9.156939595249067,0.02499937501562461,413.28000000000003,0,0,B,B5,OWN,Verified,medical
9000.0,5.32,36.0,,48000.0,18.55,0.0,22.0,0.0,8484.0,5.6,10.77897712300635,9.105090961257085,9.046055177668327,0.18749609383137852,191.52,0,0,A,A1,MORTGAGE,Not Verified,credit_card
7800.0,9.17,36.0,3.0,68012.0,11.61,1.0,14.0,0.0,5262.0,31.8,11.127454142356939,8.962007209588313,8.568456485353778,0.1146839574787173,330.12,1,0,B,B2,RENT,Not Verified,credit_card
10000.0,8.49,36.0,5.0,50000.0,21.75,0.0,9.0,1.0,15293.0,56.0,10.819798284210286,9.210440366976515,9.63521587360417,0.1999960000799984,305.64,0,1,B,B1,MORTGAGE,Source Verified,debt_consolidation
10000.0,9.8,36.0,7.0,75000.0,10.94,0.0,7.0,0.0,10368.0,39.1,11.225256725762893,9.210440366976515,9.246575864558277,0.13333155557925894,352.8,0,0,B,B3,RENT,Not Verified,major_purchase
24000.0,14.48,60.0,9.0,171000.0,8.98,0.0,12.0,0.0,35131.0,36.1,12.049424683420913,10.085850775128717,10.466867675037008,0.14035005643241852,868.8000000000001,0,0,C,C5,RENT,Source Verified,other
20000.0,12.59,60.0,10.0,105000.0,14.12,0.0,9.0,0.0,33205.0,88.3,11.561725152903833,9.903537551286169,10.41048586146773,0.19047437643451015,755.4,0,0,C,C2,MORTGAGE,Not Verified,debt_consolidation
20275.0,18.2,60.0,8.0,110000.0,12.23,0.0,19.0,0.0,16916.0,65.8,11.608244735642321,9.917193199592239,9.736074312475292,0.18431650621357987,1092.0,0,0,E,E1,OWN,Not Verified,debt_consolidation
18000.0,12.88,36.0,10.0,120000.0,29.13,5.0,9.0,0.0,91249.51999999856,73.7,11.695255355062795,9.798182590890704,12.666215314929033,0.14999875001041657,463.68,1,0,C,C2,MORTGAGE,Verified,debt_consolidation
5775.0,15.77,36.0,10.0,38000.0,22.52,0.0,6.0,0.0,5235.0,52.3,10.545367754151743,8.661466680572662,8.56331312702979,0.15196968500828925,567.72,0,0,D,D1,MORTGAGE,Not Verified,medical
25000.0,11.99,36.0,6.0,210000.0,10.59,0.0,8.0,0.0,20359.0,83.1,12.25486757159303,10.12667110305036,9.921327470664458,0.1190470521568945,431.64,0,0,C,C1,RENT,Source Verified,debt_consolidation
8000.0,10.78,36.0,3.0,35000.0,11.83,0.0,27.0,0.0,6436.0,41.8,10.463131911491967,8.987321812850123,8.769817872052615,0.22856489814576728,388.08,0,0,B,B4,MORTGAGE,Source Verified,debt_consolidation
7800.0,9.17,36.0,10.0,94000.0,10.24,0.0,12.0,1.0,7665.0,26.3,11.451060699493427,8.962007209588313,8.9445502459405,0.08297784066126956,330.12,0,1,B,B2,RENT,Source Verified,other
5500.0,12.88,36.0,0.0,31368.0,29.84,0.0,4.0,0.0,1184.0,65.8,10.353575423086568,8.612685172875457,7.077498053569231,0.17533233447033697,463.68,0,0,C,C2,RENT,Source Verified,debt_consolidation
4500.0,6.49,36.0,0.0,50000.0,20.96,0.0,13.0,0.0,6628.0,17.9,10.819798284210286,8.412054873292933,8.79920924224139,0.08999820003599927,233.64000000000001,0,0,A,A2,RENT,Not Verified,credit_card
7200.0,17.27,36.0,3.0,22000.0,38.63,0.0,10.0,0.0,20086.0,60.9,9.99884318585288,8.881975184248866,9.907828118634548,0.327257851915822,621.72,0,0,D,D3,RENT,Verified,debt_consolidation
5000.0,9.76,36.0,1.0,100000.0,27.35,0.0,39.0,0.0,10975.0,45.5,11.51293546492023,8.517393171418904,9.303466349965666,0.04999950000499995,351.36,0,0,B,B3,MORTGAGE,Verified,debt_consolidation
4200.0,13.67,36.0,,30000.0,24.24,1.0,6.0,0.0,1248.0,31.2,10.308985993422082,8.343077871169381,7.130098510125578,0.1399953334888837,492.12,1,0,C,C4,MORTGAGE,Verified,home_improvement
10000.0,10.78,36.0,10.0,73000.0,19.56,1.0,13.0,0.0,13876.0,56.9,11.19822841866684,9.210440366976515,9.53798807237101,0.13698442487089219,388.08,1,0,B,B4,OWN,Source Verified,debt_consolidation
4200.0,13.44,36.0,10.0,24000.0,22.1,0.0,4.0,0.0,17027.0,96.2,10.085850775128717,8.343077871169381,9.742614326948043,0.17499270863714012,483.84,0,0,C,C3,MORTGAGE,Source Verified,credit_card
12000.0,5.32,36.0,10.0,72000.0,19.78,0.0,22.0,0.0,16844.0,20.4,11.184435286790631,9.392745258631441,9.731809155840653,0.1666643518840016,191.52,0,0,A,A1,MORTGAGE,Not Verified,debt_consolidation
14000.0,10.64,36.0,3.0,86000.0,20.82,0.0,11.0,0.0,13752.0,50.4,11.362114203075018,9.546884034617925,9.529012261114708,0.16278880478133975,383.04,0,0,B,B4,RENT,Source Verified,debt_consolidation
25000.0,6.89,36.0,2.0,85000.0,18.88,1.0,18.0,0.0,23872.0,54.6,11.350418300109132,10.12667110305036,10.080503392206552,0.2941141868919189,248.04,1,0,A,A3,RENT,Not Verified,debt_consolidation
4000.0,11.48,36.0,10.0,44000.0,14.46,0.0,8.0,0.0,16229.0,80.3,10.691967639914864,8.294299608857235,9.694616660508636,0.09090702484034453,413.28000000000003,0,0,B,B5,RENT,Source Verified,debt_consolidation
16000.0,10.78,36.0,4.0,90000.0,15.36,0.0,19.0,2.0,12000.0,54.5,11.407576060361786,9.680406499268875,9.392745258631441,0.17777580249108343,388.08,0,1,B,B4,MORTGAGE,Source Verified,debt_consolidation
12000.0,11.99,36.0,0.0,110000.0,15.01,0.0,9.0,0.0,30588.0,99.3,11.608244735642321,9.392745258631441,10.3283957461889,0.1090899173643876,431.64,0,0,C,C1,MORTGAGE,Verified,debt_consolidation
10000.0,12.59,36.0,3.0,66200.0,25.67,0.0,7.0,0.0,12323.0,81.6,11.10045084755119,9.210440366976515,9.419303859716559,0.15105512001329285,453.24,0,0,C,C2,RENT,Verified,debt_consolidation
35000.0,13.67,60.0,0.0,82000.0,12.26,0.0,11.0,0.0,5529.0,14.0,11.314486721293981,10.463131911491967,8.61794309451638,0.42682406312118143,820.2,0,0,C,C4,MORTGAGE,Source Verified,debt_consolidation
28000.0,6.24,36.0,0.0,150000.0,20.28,0.0,8.0,0.0,91249.51999999856,85.5,11.918397239722838,10.239995502805314,12.834302566573555,0.18666542223051846,224.64000000000001,0,0,A,A2,MORTGAGE,Not Verified,credit_card
7750.0,9.8,36.0,10.0,54500.0,29.02,0.0,7.0,0.0,2207.0,26.9,10.905974329106854,8.955577146281511,7.699842407396986,0.1421992257022807,352.8,0,0,B,B3,MORTGAGE,Source Verified,debt_consolidation
8000.0,14.85,36.0,1.0,72000.0,15.83,0.0,7.0,2.0,2480.0,56.4,11.184435286790631,8.987321812850123,7.816416983691801,0.11110956792266774,534.6,0,1,C,C5,RENT,Source Verified,debt_consolidation
35000.0,13.44,36.0,0.0,175000.0,18.36,2.0,9.0,0.0,91249.51999999856,51.8,12.072546967175038,10.463131911491967,11.558242939660687,0.19999885714938773,483.84,1,0,C,C3,RENT,Source Verified,credit_card
4450.0,15.41,36.0,,23892.0,28.47,0.0,24.0,0.0,6780.0,56.5,10.08134080799053,8.400884069015854,8.821879862683842,0.1862470179550496,554.76,0,0,D,D1,OWN,Verified,credit_card
12000.0,10.64,36.0,0.0,105000.0,12.69,0.0,10.0,0.0,10922.0,62.4,11.561725152903833,9.392745258631441,9.298625936843543,0.11428462586070609,383.04,0,0,B,B4,MORTGAGE,Source Verified,debt_consolidation
4500.0,9.8,36.0,7.0,24000.0,4.85,0.0,4.0,0.0,3436.0,25.3,10.085850775128717,8.412054873292933,8.142354276849833,0.18749218782550728,352.8,0,0,B,B3,RENT,Source Verified,credit_card
20000.0,6.89,36.0,4.0,141000.0,2.34,0.0,8.0,0.0,13225.0,28.1,11.856522261533737,9.903537551286169,9.489939868234607,0.14184296565272586,248.04,0,0,A,A3,MORTGAGE,Not Verified,debt_consolidation
20000.0,10.78,60.0,10.0,65000.0,24.31,0.0,17.0,0.0,45144.0,44.7,11.082157933374816,9.903537551286169,10.717634810741579,0.3076875740373225,646.8,0,0,B,B4,MORTGAGE,Not Verified,debt_consolidation
2500.0,7.91,36.0,6.0,29000.0,21.19,0.0,8.0,0.0,1409.0,10.9,10.275085591132715,7.824445930877618,7.2513449833722134,0.0862039240026206,284.76,0,0,A,A5,RENT,Source Verified,debt_consolidation
6000.0,17.27,36.0,1.0,27500.0,28.2,0.0,9.0,2.0,1202.0,14.0,10.221977646629885,8.699681400989512,7.0925737159746784,0.21817388458601505,621.72,0,1,D,D3,MORTGAGE,Verified,debt_consolidation
13000.0,11.99,36.0,7.0,65000.0,14.77,0.0,13.0,1.0,9058.0,60.8,11.082157933374816,9.472781556562168,9.111514017669288,0.19999692312425962,431.64,0,1,C,C1,RENT,Source Verified,debt_consolidation
20000.0,7.49,36.0,10.0,107600.0,15.2,0.0,12.0,0.0,21350.0,58.5,11.586185220346932,9.903537551286169,9.96885385596738,0.1858718785141402,269.64,0,0,A,A4,MORTGAGE,Not Verified,credit_card
35000.0,9.76,36.0,1.0,85000.0,9.77,1.0,12.0,0.0,2762.0,18.4,11.350418300109132,10.463131911491967,7.924072324923416,0.4117598616486865,351.36,1,0,B,B3,RENT,Source Verified,debt_consolidation
27000.0,13.18,60.0,6.0,82000.0,15.59,0.0,8.0,0.0,18591.0,81.9,11.314486721293981,10.203629181337648,9.830486659651637,0.3292642772649114,790.8,0,0,C,C3,MORTGAGE,Not Verified,credit_card
14500.0,10.78,36.0,8.0,62000.0,20.98,0.0,14.0,0.0,17556.0,35.4,11.034905792929415,9.581972891547895,9.773208009769208,0.23386719569039208,388.08,0,0,B,B4,RENT,Verified,debt_consolidation
20000.0,9.8,36.0,5.0,75000.0,23.45,0.0,14.0,0.0,7558.0,9.6,11.225256725762893,9.903537551286169,8.930494185292176,0.2666631111585179,352.8,0,0,B,B3,RENT,Not Verified,debt_consolidation
16100.0,13.99,36.0,6.0,35000.0,20.27,0.0,21.0,0.0,16458.0,17.4,10.463131911491967,9.686636660844938,9.708627719044067,0.4599868575183566,503.64,0,0,C,C4,OWN,Not Verified,credit_card
8000.0,7.89,36.0,1.0,80000.0,11.46,0.0,13.0,0.0,7239.0,54.8,11.289794413577894,8.987321812850123,8.887376485379761,0.0999987500156248,284.03999999999996,0,0,A,A5,RENT,Source Verified,credit_card
8300.0,12.59,36.0,1.0,86000.0,8.88,0.0,10.0,2.0,9561.0,81.0,11.362114203075018,9.024131268455035,9.165552189186048,0.09651050569179428,453.24,0,1,C,C2,MORTGAGE,Not Verified,credit_card
1500.0,9.8,36.0,6.0,63000.0,7.68,1.0,10.0,0.0,36160.0,82.2,11.050905878263567,7.313886831633462,10.49573646899098,0.02380914588657323,352.8,1,0,B,B3,MORTGAGE,Not Verified,vacation
25200.0,7.49,36.0,0.0,108000.0,16.31,0.0,9.0,0.0,20588.0,83.0,11.58989576532275,10.134638955251866,9.932512231576744,0.23333117285951055,269.64,0,0,A,A4,RENT,Not Verified,debt_consolidation
19000.0,6.89,36.0,1.0,61000.0,30.45,0.0,10.0,0.0,15778.0,52.1,11.0186455364637,9.852246888342531,9.666435221035668,0.31147030376551205,248.04,0,0,A,A3,RENT,Not Verified,credit_card
15000.0,10.78,36.0,7.0,35000.0,15.23,0.0,11.0,0.0,15025.0,52.9,10.463131911491967,9.61587214452889,9.617537312929105,0.4285591840233136,388.08,0,0,B,B4,RENT,Source Verified,credit_card
5000.0,10.64,36.0,9.0,47000.0,15.37,1.0,8.0,0.0,4301.0,57.3,10.757924157061597,8.517393171418904,8.366835309827675,0.1063807153039297,383.04,1,0,B,B4,RENT,Source Verified,debt_consolidation
10000.0,16.59,36.0,8.0,50000.0,14.21,0.0,10.0,1.0,5856.0,44.7,10.819798284210286,9.210440366976515,8.675392806089782,0.1999960000799984,597.24,0,1,D,D2,MORTGAGE,Verified,debt_consolidation
14200.0,20.99,60.0,2.0,48135.62,7.8,0.0,9.0,1.0,1306.0,6.1,10.781798496990083,9.561067663645012,7.175489713624222,0.2949937074933803,1259.3999999999999,0,1,E,E5,MORTGAGE,Verified,debt_consolidation
7200.0,25.99,36.0,5.0,40000.0,8.55,1.0,8.0,0.0,8418.0,68.4,10.596659732783579,8.881975184248866,9.038246335337664,0.17999550011249718,935.64,1,0,F,F5,MORTGAGE,Source Verified,debt_consolidation
12000.0,11.48,36.0,8.0,60000.0,21.78,0.0,7.0,1.0,14351.0,55.0,11.002116507732017,9.392745258631441,9.571644584298577,0.1999966667222213,413.28000000000003,0,1,B,B5,RENT,Verified,debt_consolidation
11400.0,12.59,36.0,5.0,70000.0,17.93,0.0,13.0,1.0,4196.0,47.1,11.156264806643742,9.34145634983372,8.34212526333359,0.16285481635976629,453.24,0,1,C,C2,MORTGAGE,Verified,debt_consolidation
25000.0,13.99,36.0,0.0,89500.0,27.13,0.0,12.0,0.0,68540.0,98.3,11.402005077384885,10.12667110305036,11.135187385342592,0.27932648797220144,503.64,0,0,C,C4,RENT,Source Verified,debt_consolidation
9525.0,7.89,36.0,5.0,80000.0,17.79,0.0,6.0,0.0,13717.0,81.2,11.289794413577894,9.161780181360806,9.526464118059266,0.11906101173735328,284.03999999999996,0,0,A,A5,RENT,Not Verified,debt_consolidation
4000.0,21.48,36.0,10.0,28000.0,11.66,0.0,13.0,0.0,3813.0,38.1,10.239995502805314,8.294299608857235,8.246433786160365,0.14285204099853577,773.28,0,0,E,E5,MORTGAGE,Verified,debt_consolidation
6000.0,8.38,36.0,2.0,32000.0,26.97,0.0,5.0,0.0,8227.0,74.1,10.373522431293592,8.699681400989512,9.015298250772847,0.18749414080809976,301.68,0,0,B,B1,MORTGAGE,Source Verified,debt_consolidation
30000.0,13.67,36.0,0.0,70000.0,27.11,0.0,12.0,0.0,30044.0,86.6,11.156264806643742,10.308985993422082,10.310451536768028,0.4285653062099113,492.12,0,0,C,C4,RENT,Verified,credit_card
11900.0,17.97,36.0,3.0,34000.0,32.83,0.0,10.0,1.0,8890.0,35.0,10.434145214930487,9.38437770918244,9.09279480812114,0.3499897061851122,646.92,0,1,D,D4,MORTGAGE,Verified,home_improvement
5000.0,13.99,36.0,10.0,52000.0,29.22,0.0,6.0,0.0,2222.0,96.6,10.859018228147885,8.517393171418904,7.706612913964197,0.09615199707697929,503.64,0,0,C,C4,RENT,Not Verified,debt_consolidation
8000.0,12.88,36.0,6.0,60000.0,5.46,1.0,7.0,0.0,6831.0,81.3,11.002116507732017,8.987321812850123,8.829372735468406,0.13333111114814752,463.68,1,0,C,C2,RENT,Source Verified,debt_consolidation
31150.0,22.45,60.0,10.0,82000.0,38.11,0.0,16.0,0.0,20256.0,82.0,11.314486721293981,10.346601626429049,9.916255691813806,0.3798734161778515,1347.0,0,0,F,F1,MORTGAGE,Verified,debt_consolidation
20000.0,16.59,60.0,10.0,100000.0,12.38,0.0,14.0,0.0,16640.0,93.5,11.51293546492023,9.903537551286169,9.719624808723344,0.1999980000199998,995.4,0,0,D,D2,MORTGAGE,Verified,debt_consolidation
32000.0,11.99,36.0,10.0,110000.0,17.7,0.0,9.0,0.0,22289.0,73.3,11.608244735642321,10.373522431293592,10.011893426379913,0.2909064463050336,431.64,0,0,C,C1,MORTGAGE,Verified,debt_consolidation
8400.0,7.91,36.0,3.0,80000.0,6.42,0.0,7.0,0.0,7557.0,24.7,11.289794413577894,9.036106025364846,8.930361883909434,0.10499868751640605,284.76,0,0,A,A5,RENT,Not Verified,debt_consolidation
10925.0,19.48,36.0,10.0,84000.0,17.59,0.0,6.0,1.0,0.0,0.0,11.338583982516495,9.298900548955663,0.0,0.13005797550029166,701.28,0,1,E,E2,RENT,Source Verified,car
20000.0,13.67,60.0,10.0,84000.0,22.09,0.0,16.0,0.0,15484.0,60.7,11.338583982516495,9.903537551286169,9.647627092407303,0.23809240366186116,820.2,0,0,C,C4,MORTGAGE,Not Verified,credit_card
12000.0,9.17,36.0,10.0,86000.0,13.37,0.0,38.0,0.0,8591.0,6.6,11.362114203075018,9.392745258631441,9.058586816748646,0.13953326124114837,330.12,0,0,B,B2,RENT,Verified,major_purchase
8000.0,12.59,36.0,1.0,35000.0,20.34,1.0,6.0,0.0,7008.0,59.9,10.463131911491967,8.987321812850123,8.854950316500325,0.22856489814576728,453.24,1,0,C,C2,RENT,Not Verified,credit_card
21675.0,11.48,60.0,3.0,80000.0,33.53,0.0,14.0,0.0,21964.0,40.8,11.289794413577894,9.983960936686005,9.99720555640988,0.27093411332358347,688.8000000000001,0,0,B,B5,RENT,Source Verified,debt_consolidation
19675.0,21.48,60.0,0.0,86000.0,8.09,1.0,8.0,0.0,10734.0,39.2,11.362114203075018,9.88715489791523,9.28126471031288,0.22877640957663284,1288.8,1,0,E,E5,MORTGAGE,Source Verified,debt_consolidation
12000.0,12.88,36.0,8.0,52000.0,5.75,0.0,7.0,0.0,6771.0,38.0,10.859018228147885,9.392745258631441,8.820551743253025,0.2307647929847503,463.68,0,0,C,C2,MORTGAGE,Source Verified,debt_consolidation
9500.0,8.38,36.0,2.0,64000.0,14.57,0.0,9.0,0.0,9808.0,59.8,11.06665398721974,9.159152335206748,9.191055610564316,0.14843518070030157,301.68,0,0,B,B1,MORTGAGE,Source Verified,credit_card
8000.0,12.88,36.0,3.0,46000.0,8.87,1.0,12.0,0.0,2221.0,18.5,10.736418414365374,8.987321812850123,7.706162970199575,0.17390926284211214,463.68,1,0,C,C2,RENT,Source Verified,debt_consolidation
16725.0,23.13,60.0,7.0,68190.0,30.14,0.0,17.0,0.0,35370.0,78.6,11.130067870314047,9.72471967394147,10.473647554347222,0.24526697071461043,1387.8,0,0,F,F2,OWN,Not Verified,debt_consolidation
12000.0,9.8,36.0,,49500.0,34.49,0.0,24.0,0.0,25197.0,55.5,10.809748150372926,9.392745258631441,10.134519905270574,0.24241934506373608,352.8,0,0,B,B3,RENT,Verified,debt_consolidation
11000.0,10.78,36.0,2.0,40000.0,10.74,0.0,25.0,0.0,2085.0,5.2,10.596659732783579,9.305741456739435,7.643003635560717,0.2749931251718707,388.08,0,0,B,B4,RENT,Source Verified,debt_consolidation
16800.0,10.78,36.0,4.0,75000.0,16.18,0.0,9.0,1.0,2262.0,18.7,11.225256725762893,9.729193687429403,7.724446645633537,0.22399701337315503,388.08,0,1,B,B4,RENT,Not Verified,debt_consolidation
20000.0,11.99,36.0,8.0,175000.0,7.86,0.0,10.0,0.0,16740.0,65.9,12.072546967175038,9.903537551286169,9.725616079415785,0.11428506122822155,431.64,0,0,C,C1,MORTGAGE,Source Verified,credit_card
14000.0,18.2,60.0,4.0,160000.0,20.6,0.0,15.0,0.0,63200.0,85.2,11.982935344196433,9.546884034617925,11.05407540279458,0.08749945312841795,1092.0,0,0,E,E1,MORTGAGE,Not Verified,other
9000.0,9.17,36.0,10.0,62000.0,19.32,0.0,14.0,0.0,14709.0,40.1,11.034905792929415,9.105090961257085,9.596282813595483,0.1451589490492089,330.12,0,0,B,B2,RENT,Source Verified,credit_card
35000.0,21.48,60.0,1.0,160000.0,28.64,1.0,23.0,0.0,64704.0,36.6,11.982935344196433,10.463131911491967,11.07759375725577,0.21874863282104487,1288.8,1,0,E,E5,MORTGAGE,Verified,credit_card
24000.0,18.49,60.0,10.0,165000.0,13.05,1.0,13.0,1.0,15347.0,79.1,12.013706813470412,10.085850775128717,9.638740451366843,0.1454536639171884,1109.3999999999999,1,1,D,D5,RENT,Source Verified,debt_consolidation
28800.0,17.97,36.0,10.0,64000.0,30.79,0.0,27.0,1.0,32674.0,53.0,11.06665398721974,10.268165387743457,10.394365538492423,0.44999296885986156,646.92,0,1,D,D4,RENT,Verified,debt_consolidation
20000.0,10.78,36.0,0.0,90000.0,13.69,0.0,9.0,1.0,3227.0,17.6,11.407576060361786,9.903537551286169,8.07961802938984,0.22221975311385428,388.08,0,1,B,B4,MORTGAGE,Verified,debt_consolidation
11200.0,14.85,36.0,5.0,50000.0,36.22,1.0,11.0,0.0,11052.0,65.0,10.819798284210286,9.32375833901174,9.310457163310955,0.22399552008959822,534.6,1,0,C,C5,MORTGAGE,Verified,debt_consolidation
20000.0,13.44,36.0,10.0,97000.0,26.5,0.0,28.0,0.0,20308.0,36.8,11.48247656671073,9.903537551286169,9.91881941653311,0.20618344140782055,483.84,0,0,C,C3,MORTGAGE,Verified,debt_consolidation
6000.0,10.78,36.0,,55000.0,11.15,0.0,14.0,0.0,4144.0,15.2,10.915106645867501,8.699681400989512,8.329658067569396,0.10908892565589716,388.08,0,0,B,B4,RENT,Verified,debt_consolidation
8400.0,11.22,36.0,10.0,26000.0,26.57,0.0,11.0,0.0,5162.0,28.7,10.165890277802454,9.036106025364846,8.54927308487965,0.3230644975193262,403.92,0,0,B,B5,RENT,Verified,debt_consolidation
12000.0,11.48,36.0,10.0,70000.0,26.95,0.0,15.0,0.0,16659.0,60.4,11.156264806643742,9.392745258631441,9.720765915720833,0.17142612248396452,413.28000000000003,0,0,B,B5,RENT,Verified,credit_card
12000.0,9.17,36.0,0.0,45000.0,6.02,0.0,9.0,0.0,7358.0,12.6,10.714439990727769,9.392745258631441,8.903679332926599,0.2666607408724251,330.12,0,0,B,B2,RENT,Source Verified,small_business
19000.0,16.59,36.0,7.0,91000.0,31.98,0.0,18.0,0.0,37543.0,78.9,11.418625774449596,9.852246888342531,10.533268857474253,0.20878891440753397,597.24,0,0,D,D2,RENT,Not Verified,credit_card
26400.0,11.99,36.0,6.0,70000.0,24.55,2.0,9.0,0.0,19203.0,88.5,11.156264806643742,10.181157167204903,9.86287386965083,0.37713746946472193,431.64,1,0,C,C1,MORTGAGE,Verified,debt_consolidation
6200.0,13.44,36.0,,12406.8,22.36,0.0,9.0,0.0,11121.0,18.8,9.426080586093327,8.732465848349877,9.316680407747508,0.49968568158738863,483.84,0,0,C,C3,OWN,Verified,debt_consolidation
10000.0,6.49,36.0,2.0,62400.0,19.75,0.0,12.0,0.0,10564.0,81.3,11.041336579870135,9.210440366976515,9.265301930050157,0.16025384208586402,233.64000000000001,0,0,A,A2,RENT,Not Verified,credit_card
11175.0,17.97,36.0,,25400.0,21.91,0.0,12.0,0.0,13685.0,65.8,10.142543822310387,9.321523900936798,9.524128691512443,0.43994330931853076,646.92,0,0,D,D4,RENT,Verified,debt_consolidation
8000.0,16.99,36.0,2.0,30000.0,31.64,0.0,16.0,0.0,9329.0,84.8,10.308985993422082,8.987321812850123,9.140990293841389,0.2666577780740642,611.64,0,0,D,D3,OWN,Source Verified,debt_consolidation
25000.0,6.99,36.0,2.0,175000.0,6.49,0.0,12.0,0.0,24039.0,41.8,12.072546967175038,10.12667110305036,10.087474388649143,0.14285632653527694,251.64000000000001,0,0,A,A3,MORTGAGE,Not Verified,debt_consolidation
6000.0,11.99,36.0,10.0,84000.0,33.17,0.0,9.0,0.0,91249.51999999856,99.1,11.338583982516495,8.699681400989512,11.655431465059884,0.07142772109855836,431.64,0,0,C,C1,MORTGAGE,Verified,debt_consolidation
16000.0,11.99,60.0,4.0,44096.0,34.57,0.0,12.0,1.0,8224.0,53.1,10.694147031910097,9.680406499268875,9.014933575633572,0.36283647413656256,719.4,0,1,C,C1,OWN,Not Verified,debt_consolidation
5000.0,9.8,36.0,2.0,95000.0,28.1,0.0,30.0,0.0,28234.0,71.8,11.461642696843066,8.517393171418904,10.248317622106937,0.05263102493657962,352.8,0,0,B,B3,RENT,Verified,moving
12000.0,7.26,36.0,0.0,36000.0,11.67,0.0,9.0,0.0,10677.0,29.1,10.491301994830229,9.392745258631441,9.275940829060131,0.3333240743312686,261.36,0,0,A,A4,OWN,Source Verified,credit_card
2650.0,12.88,36.0,6.0,23000.0,28.79,0.0,20.0,0.0,5854.0,53.7,10.043292972227004,7.8826922062890254,8.675051276031818,0.11521238207034477,463.68,0,0,C,C2,RENT,Source Verified,other
26250.0,13.99,60.0,10.0,65000.0,26.9,0.0,11.0,1.0,11401.0,45.0,11.082157933374816,10.17545936253226,9.341544057591527,0.4038399409239858,839.4,0,1,C,C4,MORTGAGE,Verified,debt_consolidation
10000.0,7.91,36.0,10.0,105000.0,10.42,1.0,5.0,0.0,13406.0,88.2,11.561725152903833,9.210440366976515,9.503532237601561,0.09523718821725508,284.76,1,0,A,A5,RENT,Not Verified,debt_consolidation
21000.0,12.88,60.0,10.0,174000.0,5.71,1.0,10.0,0.0,13064.0,40.1,12.066816325306588,9.952325334619427,9.477692177954712,0.1206889615576922,772.8000000000001,1,0,C,C2,RENT,Not Verified,debt_consolidation
10075.0,11.99,36.0,5.0,28000.0,21.35,0.0,12.0,0.0,3567.0,23.2,10.239995502805314,9.2179116374725,8.1797604936999,0.35980857826506196,431.64,0,0,C,C1,OWN,Source Verified,debt_consolidation
21000.0,9.17,36.0,3.0,95000.0,20.0,2.0,8.0,0.0,7794.0,58.6,11.461642696843066,9.952325334619427,8.961237781491876,0.22105030473363438,330.12,1,0,B,B2,MORTGAGE,Source Verified,credit_card
11375.0,15.77,36.0,0.0,45600.0,13.58,0.0,12.0,0.0,5217.0,66.0,10.727684925086583,9.339261152043022,8.559869465696673,0.2494462840727177,567.72,0,0,D,D1,MORTGAGE,Verified,debt_consolidation
8000.0,9.8,36.0,7.0,76000.0,12.29,0.0,6.0,0.0,17144.0,83.2,11.23850177707664,8.987321812850123,9.74946186489702,0.10526177287140959,352.8,0,0,B,B3,MORTGAGE,Source Verified,debt_consolidation
7925.0,13.67,36.0,8.0,70000.0,23.93,0.0,10.0,1.0,15002.0,78.1,11.156264806643742,8.97790377375038,9.616005460087013,0.11321266839045156,492.12,0,1,C,C4,RENT,Not Verified,credit_card
35000.0,17.86,36.0,4.0,100000.0,12.14,0.0,10.0,2.0,17312.0,51.1,11.51293546492023,10.463131911491967,9.759212943379076,0.34999650003499966,642.96,0,1,D,D5,OWN,Source Verified,debt_consolidation
12000.0,15.77,36.0,0.0,40000.0,25.98,0.0,13.0,1.0,10967.0,75.6,10.596659732783579,9.392745258631441,9.30273722124215,0.2999925001874953,567.72,0,1,D,D1,MORTGAGE,Not Verified,credit_card
23450.0,17.86,60.0,9.0,51000.0,28.42,0.0,12.0,1.0,7979.0,64.3,10.839600519357369,10.06266841688844,8.984693690443855,0.45979490598223566,1071.6,0,1,D,D5,MORTGAGE,Source Verified,debt_consolidation
3000.0,10.78,36.0,8.0,17000.0,16.6,0.0,9.0,0.0,5993.0,35.5,9.741027444837728,8.006700845440367,8.698514247876608,0.1764602082230457,388.08,0,0,B,B4,RENT,Not Verified,debt_consolidation
25000.0,18.49,60.0,10.0,86000.0,37.5,5.0,10.0,0.0,21331.0,94.8,11.362114203075018,10.12667110305036,9.967963571720492,0.2906942942523924,1109.3999999999999,1,0,E,E2,RENT,Source Verified,credit_card
4000.0,13.67,36.0,10.0,59800.0,34.62,0.0,7.0,0.0,14451.0,71.2,10.998777662206932,8.294299608857235,9.57858809226753,0.06688851357000719,492.12,0,0,C,C4,RENT,Verified,other
7000.0,11.48,36.0,4.0,40000.0,27.87,0.0,11.0,0.0,4232.0,14.5,10.596659732783579,8.853808274977197,8.350666240520923,0.17499562510937228,413.28000000000003,0,0,B,B5,RENT,Verified,debt_consolidation
28000.0,27.31,60.0,10.0,70000.0,30.79,0.0,15.0,0.0,32682.0,75.7,11.156264806643742,10.239995502805314,10.39461034402625,0.3999942857959172,1638.6,0,0,G,G2,RENT,Verified,debt_consolidation
6000.0,11.48,36.0,,42000.0,12.31,0.0,10.0,0.0,8482.0,74.4,10.645448706505872,8.699681400989512,9.045819439807735,0.1428537415775815,413.28000000000003,0,0,B,B5,RENT,Source Verified,credit_card
10000.0,7.91,36.0,10.0,85000.0,10.77,0.0,10.0,0.0,14900.0,64.8,11.350418300109132,9.210440366976515,9.60918360377546,0.11764567475676757,284.76,0,0,A,A5,MORTGAGE,Not Verified,home_improvement
3000.0,11.99,36.0,0.0,42000.0,9.97,1.0,10.0,0.0,7964.0,64.7,10.645448706505872,8.006700845440367,8.98281222234415,0.07142687078879074,431.64,1,0,C,C1,MORTGAGE,Verified,debt_consolidation
21000.0,16.59,60.0,,65000.0,34.71,0.0,21.0,0.0,33960.0,78.0,11.082157933374816,9.952325334619427,10.432968086399285,0.32307195273918865,995.4,0,0,D,D2,MORTGAGE,Verified,other
6125.0,10.64,36.0,5.0,80000.0,7.52,0.0,7.0,1.0,1223.0,25.5,11.289794413577894,8.72029728739272,7.1098794630722715,0.07656154298071274,383.04,0,1,B,B4,MORTGAGE,Source Verified,debt_consolidation
15000.0,18.2,60.0,6.0,50000.0,28.16,0.0,6.0,0.0,8555.0,83.9,10.819798284210286,9.61587214452889,9.054388070202297,0.2999940001199976,1092.0,0,0,E,E1,RENT,Verified,debt_consolidation
3000.0,17.97,36.0,3.0,36000.0,17.37,0.0,13.0,0.0,2258.0,75.3,10.491301994830229,8.006700845440367,7.722677516468003,0.08333101858281715,646.92,0,0,D,D4,OWN,Source Verified,debt_consolidation
28000.0,5.32,36.0,4.0,135000.0,8.56,0.0,14.0,0.0,38029.0,38.1,11.813037464800539,10.239995502805314,10.546130600922305,0.20740587106762173,191.52,0,0,A,A1,MORTGAGE,Source Verified,credit_card
6000.0,13.44,36.0,9.0,44543.0,12.8,0.0,9.0,0.0,4845.0,26.2,10.70423274369409,8.699681400989512,8.48590890137647,0.13469827586206898,483.84,0,0,C,C3,RENT,Source Verified,credit_card
10000.0,10.64,36.0,0.0,50000.0,21.36,0.0,13.0,0.0,6050.0,24.8,10.819798284210286,9.210440366976515,8.707978826622321,0.1999960000799984,383.04,0,0,B,B4,OWN,Verified,debt_consolidation
6800.0,13.18,36.0,,20000.0,20.77,0.0,7.0,0.0,9179.0,37.5,9.903537551286169,8.824824939175638,9.124782483614537,0.33998300084995753,474.48,0,0,C,C3,OWN,Verified,home_improvement
18000.0,7.26,36.0,5.0,79000.0,16.48,1.0,8.0,0.0,16839.0,46.0,11.277215789596891,9.798182590890704,9.731512287796317,0.22784521714915001,261.36,1,0,A,A4,MORTGAGE,Not Verified,debt_consolidation
12000.0,9.17,36.0,10.0,250000.0,13.4,0.0,16.0,0.0,91249.51999999856,75.0,12.560247968016562,9.392745258631441,11.667653121171744,0.04210511542064765,330.12,0,0,B,B2,MORTGAGE,Not Verified,debt_consolidation
15000.0,11.48,36.0,4.0,65000.0,14.35,1.0,4.0,0.0,11761.0,58.8,11.082157933374816,9.61587214452889,9.372629275019902,0.23076568052799187,413.28000000000003,1,0,B,B5,MORTGAGE,Source Verified,debt_consolidation
3200.0,7.91,36.0,2.0,30000.0,19.66,1.0,15.0,0.0,2043.0,6.5,10.308985993422082,8.071218539969863,7.622663951323595,0.10666311122962568,284.76,1,0,A,A5,RENT,Not Verified,medical
24000.0,7.91,60.0,10.0,80000.0,22.91,0.0,15.0,0.0,68422.0,57.0,11.289794413577894,10.085850775128717,11.133464304398764,0.2999962500468744,474.6,0,0,A,A5,MORTGAGE,Not Verified,debt_consolidation
24000.0,5.32,36.0,10.0,120000.0,23.2,0.0,29.0,0.0,31551.0,32.3,11.695255355062795,10.085850775128717,10.359392257402362,0.1999983333472221,191.52,0,0,A,A1,MORTGAGE,Not Verified,debt_consolidation
9600.0,11.99,36.0,5.0,60000.0,22.58,0.0,11.0,1.0,8226.0,42.4,11.002116507732017,9.169622538697624,9.01517670716893,0.15999733337777702,431.64,0,1,C,C1,RENT,Not Verified,debt_consolidation
13000.0,8.49,60.0,7.0,80000.0,21.45,2.0,22.0,0.0,10616.0,13.5,11.289794413577894,9.472781556562168,9.270211769013573,0.1624979687753903,509.40000000000003,1,0,B,B1,OWN,Not Verified,credit_card
6000.0,9.17,36.0,0.0,65000.0,10.43,2.0,15.0,0.0,9012.0,30.1,11.082157933374816,8.699681400989512,9.10642325855641,0.09230627221119675,330.12,1,0,B,B2,MORTGAGE,Source Verified,credit_card
10500.0,7.49,36.0,10.0,47688.0,10.39,0.0,14.0,1.0,10158.0,45.6,10.77245604231587,9.259225769705994,9.226115291091544,0.22017656063243096,269.64,0,1,A,A4,RENT,Not Verified,debt_consolidation
20000.0,17.27,60.0,4.0,65000.0,29.21,0.0,11.0,1.0,3449.0,29.2,11.082157933374816,9.903537551286169,8.146129510025405,0.3076875740373225,1036.2,0,1,D,D3,MORTGAGE,Source Verified,debt_consolidation
30000.0,10.78,36.0,0.0,80000.0,12.88,0.0,13.0,0.0,9151.0,61.8,11.289794413577894,10.308985993422082,9.12172771361958,0.37499531255859303,388.08,0,0,B,B4,RENT,Source Verified,credit_card
10000.0,10.64,36.0,10.0,98000.0,18.49,0.0,10.0,0.0,5036.0,37.6,11.49273296168228,9.210440366976515,8.52456594574565,0.10203977510433566,383.04,0,0,B,B4,RENT,Source Verified,debt_consolidation
2800.0,10.78,36.0,10.0,150000.0,8.66,1.0,10.0,0.0,9231.0,65.9,11.918397239722838,7.937731775260108,9.13043098874788,0.018666542223051846,388.08,1,0,B,B4,RENT,Source Verified,debt_consolidation
12000.0,12.59,60.0,9.0,60000.0,12.74,0.0,13.0,0.0,9105.0,37.0,11.002116507732017,9.392745258631441,9.116688815894728,0.1999966667222213,755.4,0,0,C,C2,MORTGAGE,Not Verified,credit_card
3600.0,11.99,36.0,6.0,30000.0,23.36,0.0,6.0,0.0,4226.0,84.5,10.308985993422082,8.188966863648876,8.34924780056679,0.1199960001333289,431.64,0,0,C,C1,RENT,Verified,debt_consolidation
9575.0,13.44,36.0,8.0,62000.0,32.93,0.0,8.0,0.0,8673.0,79.6,11.034905792929415,9.167015247237808,9.06808532439531,0.15443299301624167,483.84,0,0,C,C3,MORTGAGE,Source Verified,debt_consolidation
20000.0,15.77,60.0,10.0,110000.0,23.46,0.0,15.0,0.0,5278.0,14.4,11.608244735642321,9.903537551286169,8.571491964823617,0.18181652894064598,946.1999999999999,0,0,D,D1,RENT,Not Verified,debt_consolidation
15000.0,10.64,36.0,0.0,78800.0,14.32,0.0,4.0,2.0,0.0,0.0,11.274680966120778,9.61587214452889,0.0,0.190352914303118,383.04,0,1,B,B4,MORTGAGE,Source Verified,debt_consolidation
24000.0,14.85,60.0,0.0,80000.0,24.3,0.0,18.0,1.0,19410.0,56.3,11.289794413577894,10.085850775128717,9.873595194671092,0.2999962500468744,891.0,0,1,C,C5,MORTGAGE,Not Verified,credit_card
6600.0,19.48,36.0,6.0,22000.0,17.46,0.0,8.0,0.0,6711.0,45.3,9.99884318585288,8.79497643168877,8.811652248147041,0.2999863642561702,701.28,0,0,E,E2,RENT,Verified,debt_consolidation
3250.0,17.86,36.0,,33839.0,27.7,0.0,11.0,0.0,17486.0,67.8,10.429398813720159,8.086717920303904,9.76921302671366,0.09604018912529551,642.96,0,0,D,D5,MORTGAGE,Verified,credit_card
8000.0,9.76,36.0,2.0,34000.0,30.49,0.0,8.0,0.0,13696.0,69.5,10.434145214930487,8.987321812850123,9.52493210973482,0.23528719743536955,351.36,0,0,B,B3,RENT,Source Verified,debt_consolidation
10900.0,18.49,36.0,2.0,39000.0,36.71,0.0,10.0,0.0,5005.0,31.9,10.571342565808699,9.296609807128359,8.518392471991719,0.27948001333299144,665.64,0,0,D,D5,MORTGAGE,Verified,home_improvement
20000.0,13.99,60.0,10.0,80000.0,15.06,0.0,8.0,0.0,2852.0,83.9,11.289794413577894,9.903537551286169,7.956126351213499,0.249996875039062,839.4,0,0,C,C4,MORTGAGE,Verified,debt_consolidation
15000.0,18.99,60.0,3.0,82000.0,10.6,0.0,6.0,0.0,1479.0,15.4,11.314486721293981,9.61587214452889,7.299797366758161,0.18292459848050632,1139.3999999999999,0,0,E,E3,RENT,Not Verified,debt_consolidation
5000.0,9.8,36.0,10.0,55000.0,10.93,0.0,6.0,0.0,6846.0,58.0,10.915106645867501,8.517393171418904,8.831565879121063,0.09090743804658097,352.8,0,0,B,B3,RENT,Not Verified,debt_consolidation
19200.0,8.49,36.0,1.0,168000.0,13.49,0.0,14.0,0.0,12296.0,93.2,12.031725210748633,9.862717639992916,9.417110609172447,0.11428503401765466,305.64,0,0,B,B1,RENT,Verified,credit_card
21000.0,11.48,60.0,10.0,60000.0,30.18,0.0,15.0,0.0,13523.0,27.9,11.002116507732017,9.952325334619427,9.512221163827776,0.3499941667638873,688.8000000000001,0,0,B,B5,MORTGAGE,Not Verified,debt_consolidation
15000.0,11.99,36.0,3.0,46000.0,19.65,0.0,10.0,0.0,14245.0,27.4,10.736418414365374,9.61587214452889,9.564231444538299,0.32607986782896026,431.64,0,0,C,C1,MORTGAGE,Verified,debt_consolidation
8400.0,10.78,36.0,10.0,150000.0,20.07,3.0,14.0,0.0,7356.0,69.4,11.918397239722838,9.036106025364846,8.903407519932264,0.05599962666915554,388.08,1,0,B,B4,MORTGAGE,Not Verified,major_purchase
21000.0,14.85,36.0,5.0,104000.0,4.64,1.0,4.0,0.0,6108.0,68.6,11.552155793461898,9.952325334619427,8.717518372649767,0.20192113537369832,534.6,1,0,C,C5,MORTGAGE,Verified,house
20000.0,12.88,36.0,10.0,65000.0,16.49,0.0,8.0,1.0,6711.0,83.9,11.082157933374816,9.903537551286169,8.811652248147041,0.3076875740373225,463.68,0,1,C,C2,RENT,Source Verified,debt_consolidation
18000.0,6.99,36.0,8.0,68000.0,14.12,0.0,16.0,0.0,20550.0,22.2,11.127277689932466,9.798182590890704,9.93066488054092,0.2647019896766224,251.64000000000001,0,0,A,A3,MORTGAGE,Not Verified,credit_card
5300.0,11.99,36.0,3.0,62000.0,16.34,0.0,10.0,1.0,1797.0,6.3,11.034905792929415,8.575650760987806,7.494430215031565,0.08548249221786745,431.64,0,1,C,C1,MORTGAGE,Source Verified,debt_consolidation
5000.0,6.49,36.0,10.0,55000.0,29.15,0.0,9.0,1.0,11449.0,42.2,10.915106645867501,8.517393171418904,9.345745008982385,0.09090743804658097,233.64000000000001,0,1,A,A2,OWN,Not Verified,debt_consolidation
13200.0,9.17,36.0,1.0,98000.0,10.03,0.0,8.0,0.0,14301.0,50.5,11.49273296168228,9.488047863280759,9.568154666608342,0.13469250313772307,330.12,0,0,B,B2,MORTGAGE,Source Verified,credit_card
8000.0,12.59,36.0,10.0,76700.0,14.79,0.0,15.0,0.0,27838.0,81.6,11.247670025080003,8.987321812850123,10.234193194263003,0.10430111732571935,453.24,0,0,C,C2,RENT,Verified,debt_consolidation
10000.0,12.88,36.0,1.0,30000.0,18.88,1.0,6.0,0.0,5965.0,44.8,10.308985993422082,9.210440366976515,8.693831965074693,0.33332222259258026,463.68,1,0,C,C2,RENT,Source Verified,debt_consolidation
4000.0,13.67,36.0,,37000.0,8.41,2.0,11.0,2.0,2484.0,11.0,10.518700218288165,8.294299608857235,7.8180279385307285,0.10810518634631497,492.12,1,1,C,C4,RENT,Source Verified,debt_consolidation
15000.0,17.97,60.0,2.0,45500.0,30.95,0.0,13.0,0.0,13021.0,37.0,10.725489582719506,9.61587214452889,9.474395513796807,0.329663084327817,1078.1999999999998,0,0,D,D4,RENT,Verified,debt_consolidation
6500.0,7.26,36.0,,65000.0,29.36,3.0,13.0,0.0,5435.0,13.4,11.082157933374816,8.77971129020447,8.600798775271034,0.09999846156212981,261.36,1,0,A,A4,MORTGAGE,Not Verified,credit_card
7500.0,7.91,36.0,,29000.0,23.55,0.0,11.0,1.0,534.0,2.4,10.275085591132715,8.922791623969635,6.282266746896006,0.2586117720078618,284.76,0,1,A,A5,RENT,Verified,debt_consolidation
24000.0,5.32,36.0,10.0,125000.0,24.54,0.0,13.0,0.0,72043.0,60.9,11.736077016252437,10.085850775128717,11.185032322456948,0.1919984640122879,191.52,0,0,A,A1,MORTGAGE,Not Verified,debt_consolidation
20000.0,13.44,36.0,10.0,50000.0,31.66,2.0,18.0,0.0,16551.0,66.5,10.819798284210286,9.903537551286169,9.714262219425379,0.3999920001599968,483.84,1,0,C,C3,MORTGAGE,Source Verified,debt_consolidation
25000.0,18.99,60.0,10.0,79000.0,30.12,0.0,24.0,0.0,26553.0,42.5,11.277215789596891,10.12667110305036,10.186935674455848,0.31645169048493055,1139.3999999999999,0,0,E,E1,RENT,Verified,debt_consolidation
15000.0,13.44,36.0,9.0,98000.0,37.42,0.0,35.0,1.0,16873.0,66.0,11.49273296168228,9.61587214452889,9.733529254725571,0.1530596626565035,483.84,0,1,C,C3,MORTGAGE,Verified,debt_consolidation
14000.0,14.85,60.0,10.0,55000.0,29.11,0.0,15.0,0.0,12131.0,41.8,10.915106645867501,9.546884034617925,9.40360186880847,0.2545408265304267,891.0,0,0,C,C5,MORTGAGE,Not Verified,debt_consolidation
28000.0,11.99,36.0,10.0,135000.0,17.01,3.0,11.0,0.0,27338.0,72.9,11.813037464800539,10.239995502805314,10.216069533164235,0.20740587106762173,431.64,1,0,C,C1,MORTGAGE,Not Verified,debt_consolidation
10400.0,12.88,60.0,5.0,52000.0,8.7,0.0,15.0,0.0,4178.0,10.3,10.859018228147885,9.249657234353133,8.337827262447915,0.1999961539201169,772.8000000000001,0,0,C,C2,RENT,Source Verified,debt_consolidation
13625.0,13.18,36.0,,31000.0,21.8,3.0,21.0,0.0,22036.0,13.8,10.34177474101152,9.519735011333614,10.000478137849756,0.43950195154995,474.48,1,0,C,C3,OWN,Verified,debt_consolidation
28000.0,17.27,36.0,7.0,125000.0,12.62,1.0,9.0,0.0,21896.0,74.7,11.736077016252437,10.239995502805314,9.994104920119742,0.2239982080143359,621.72,1,0,D,D3,MORTGAGE,Not Verified,small_business
9625.0,6.89,36.0,7.0,20664.0,32.4,0.0,6.0,0.0,9746.0,84.7,9.936196726945832,9.172223049863055,9.18471482433721,0.4657633680135495,248.04,0,0,A,A3,RENT,Not Verified,credit_card
8400.0,9.8,36.0,10.0,72701.0,20.42,1.0,17.0,0.0,6998.0,33.9,11.194124173459578,9.036106025364846,8.85352256068954,0.11554015020219527,352.8,1,0,B,B3,RENT,Verified,credit_card
9100.0,6.49,36.0,4.0,84000.0,15.57,0.0,12.0,0.0,8610.0,21.7,11.338583982516495,9.116139576577355,9.060795734696164,0.10833204366614684,233.64000000000001,0,0,A,A2,RENT,Not Verified,credit_card
10000.0,10.64,60.0,0.0,31000.0,23.62,0.0,8.0,0.0,16120.0,48.6,10.34177474101152,9.210440366976515,9.687878048875998,0.32257023966968806,638.4000000000001,0,0,B,B4,RENT,Not Verified,credit_card
18875.0,16.55,60.0,4.0,52200.0,28.02,6.0,14.0,0.0,11803.0,46.5,10.862856930775358,9.845646552846278,9.37619373606283,0.36158311143464683,993.0,1,0,D,D2,MORTGAGE,Source Verified,debt_consolidation
2000.0,9.8,36.0,7.0,32000.0,16.73,1.0,7.0,0.0,8996.0,54.0,10.373522431293592,7.601402334583733,9.104646467417119,0.062498046936033246,352.8,1,0,B,B3,RENT,Not Verified,other
25200.0,13.18,60.0,7.0,74000.0,19.22,0.0,10.0,0.0,20200.0,63.5,11.211833885608513,10.134638955251866,9.913487387114461,0.34053593870353105,790.8,0,0,C,C3,MORTGAGE,Source Verified,credit_card
9800.0,8.38,36.0,10.0,50000.0,23.09,0.0,13.0,1.0,16307.0,30.8,10.819798284210286,9.19023970026918,9.699411063939143,0.19599608007839844,301.68,0,1,B,B1,OWN,Source Verified,credit_card
18750.0,24.24,36.0,3.0,70000.0,23.06,1.0,12.0,0.0,3971.0,31.5,11.156264806643742,9.839002363309719,8.287025025165063,0.26785331638119453,872.64,1,0,F,F3,MORTGAGE,Verified,debt_consolidation
20000.0,9.8,36.0,3.0,100000.0,15.83,0.0,11.0,0.0,17258.0,37.7,11.51293546492023,9.903537551286169,9.756089025531402,0.1999980000199998,352.8,0,0,B,B3,OWN,Source Verified,debt_consolidation
16275.0,17.97,60.0,10.0,36180.0,35.19,1.0,7.0,0.0,5752.0,33.0,10.496289398147198,9.697446909121581,8.657476736863293,0.4498217296371023,1078.1999999999998,1,0,D,D4,RENT,Verified,debt_consolidation
23100.0,19.48,60.0,10.0,55000.0,22.24,0.0,24.0,0.0,3857.0,11.8,10.915106645867501,10.047631185616188,8.257904193465674,0.4199923637752041,1168.8,0,0,E,E2,MORTGAGE,Source Verified,debt_consolidation
21000.0,9.17,36.0,10.0,122000.0,13.43,1.0,7.0,0.0,37006.0,58.2,11.711784520403112,9.952325334619427,10.518862362921533,0.17212973664150294,330.12,1,0,B,B2,MORTGAGE,Not Verified,debt_consolidation
5000.0,7.91,36.0,4.0,93000.0,14.3,2.0,9.0,0.0,11220.0,24.3,11.440365524765754,8.517393171418904,9.325542301664866,0.05376286276491651,284.76,1,0,A,A5,RENT,Source Verified,credit_card
5000.0,10.78,36.0,10.0,56000.0,15.5,0.0,6.0,0.0,1994.0,49.8,10.933124826700706,8.517393171418904,7.598399329323963,0.08928411992642989,388.08,0,0,B,B4,RENT,Not Verified,debt_consolidation
13675.0,13.67,60.0,0.0,51000.0,8.16,1.0,4.0,1.0,2201.0,71.0,10.839600519357369,9.523397750759191,7.697121317282625,0.2681319974118155,820.2,1,1,C,C4,RENT,Verified,credit_card
14000.0,7.26,36.0,3.0,175000.0,5.79,0.0,8.0,0.0,22613.0,58.0,12.072546967175038,9.546884034617925,10.02632446249519,0.0799995428597551,261.36,0,0,A,A4,RENT,Source Verified,debt_consolidation
3500.0,6.89,36.0,,65000.0,13.09,0.0,9.0,1.0,3452.0,26.0,11.082157933374816,8.160803920954665,8.146998697389993,0.05384532545653144,248.04,0,1,A,A3,MORTGAGE,Not Verified,other
5000.0,7.49,36.0,,29520.0,32.07,1.0,11.0,0.0,5710.0,17.6,10.292857153479405,8.517393171418904,8.650149418664862,0.16937095626841908,269.64,1,0,A,A4,MORTGAGE,Verified,credit_card
10800.0,15.77,60.0,2.0,87261.0,7.89,0.0,10.0,7.0,6165.0,51.4,11.37667036642411,9.287394001418473,8.726805608446096,0.12376521280740757,946.1999999999999,0,1,D,D1,RENT,Verified,debt_consolidation
2200.0,6.49,36.0,5.0,48000.0,18.9,0.0,13.0,0.0,2467.0,10.5,10.77897712300635,7.696667081526462,7.811163385025278,0.045832378492114745,233.64000000000001,0,0,A,A2,RENT,Not Verified,medical
17000.0,9.17,36.0,10.0,82000.0,16.82,0.0,8.0,0.0,14582.0,74.4,11.314486721293981,9.741027444837728,9.587611745713565,0.20731454494457385,330.12,0,0,B,B2,MORTGAGE,Source Verified,debt_consolidation
18000.0,11.48,60.0,10.0,75000.0,13.74,0.0,12.0,1.0,9537.0,27.1,11.225256725762893,9.798182590890704,9.16303909885817,0.2399968000426661,688.8000000000001,0,1,B,B5,MORTGAGE,Not Verified,debt_consolidation
15000.0,6.99,36.0,1.0,117000.0,4.66,2.0,4.0,0.0,2976.0,20.4,11.669937760751914,9.61587214452889,7.998671361015776,0.12820403244416714,251.64000000000001,1,0,A,A3,MORTGAGE,Source Verified,debt_consolidation
20000.0,5.32,36.0,2.0,187000.0,14.68,0.0,20.0,0.0,18711.0,25.9,12.138869243416007,9.903537551286169,9.836920308264014,0.10695129972566991,191.52,0,0,A,A1,MORTGAGE,Not Verified,debt_consolidation
2000.0,13.44,36.0,10.0,75600.0,10.17,1.0,5.0,0.0,15568.0,92.7,11.233224789593368,7.601402334583733,9.653037036689675,0.026454676525442786,483.84,1,0,C,C3,OWN,Verified,debt_consolidation
20150.0,22.45,60.0,10.0,56000.0,26.03,1.0,8.0,0.0,35392.0,56.9,10.933124826700706,9.911009193934975,10.474269339455716,0.35981500330351246,1347.0,1,0,F,F1,RENT,Source Verified,debt_consolidation
16800.0,13.67,60.0,0.0,55000.0,16.98,0.0,15.0,0.0,18063.0,79.2,10.915106645867501,9.729193687429403,9.801676286389442,0.3054489918365121,820.2,0,0,C,C4,RENT,Verified,debt_consolidation
35000.0,16.59,60.0,8.0,150000.0,14.56,2.0,12.0,0.0,13391.0,47.5,11.918397239722838,10.463131911491967,9.502412792729256,0.2333317777881481,995.4,1,0,D,D2,MORTGAGE,Source Verified,debt_consolidation
15000.0,11.22,36.0,,80000.0,17.48,3.0,14.0,2.0,462.0,4.8,11.289794413577894,9.61587214452889,6.137727054086234,0.18749765627929652,403.92,1,1,B,B5,MORTGAGE,Verified,home_improvement
25950.0,17.27,60.0,10.0,68000.0,28.79,0.0,12.0,0.0,28382.0,92.4,11.127277689932466,10.163965423497027,10.253545653372553,0.38161203511713065,1036.2,0,0,D,D3,MORTGAGE,Not Verified,debt_consolidation
1400.0,16.59,36.0,10.0,54000.0,20.24,0.0,10.0,0.0,4055.0,46.1,10.896757843893464,7.244941546337007,8.30795254527102,0.025925445825077314,597.24,0,0,D,D2,MORTGAGE,Source Verified,home_improvement
8800.0,17.57,36.0,,20000.0,36.79,5.0,13.0,0.0,7998.0,44.2,9.903537551286169,9.082620630373812,8.987071812848821,0.439978001099945,632.52,1,0,D,D4,RENT,Verified,credit_card
20950.0,17.97,60.0,5.0,87500.0,10.81,0.0,7.0,0.0,830.0,7.6,11.379405500851828,9.949941656908011,6.722629794855448,0.23942583513331275,1078.1999999999998,0,0,D,D4,MORTGAGE,Not Verified,debt_consolidation
28000.0,5.32,36.0,5.0,250000.0,4.59,0.0,9.0,1.0,14150.0,30.8,12.899222326086994,10.239995502805314,9.557540571952371,0.0699998250004375,191.52,0,1,A,A1,MORTGAGE,Source Verified,debt_consolidation
10000.0,9.17,36.0,9.0,52000.0,22.92,0.0,7.0,0.0,7088.0,56.7,10.859018228147885,9.210440366976515,8.866299565855018,0.19230399415395857,330.12,0,0,B,B2,RENT,Not Verified,debt_consolidation
12000.0,9.8,36.0,5.0,41000.0,17.39,0.0,19.0,1.0,7913.0,26.5,10.62135173563291,9.392745258631441,8.97638862194537,0.292675788395405,352.8,0,1,B,B3,MORTGAGE,Source Verified,debt_consolidation
15000.0,11.99,36.0,1.0,65000.0,17.56,0.0,9.0,0.0,13028.0,88.3,11.082157933374816,9.61587214452889,9.474932921202932,0.23076568052799187,431.64,0,0,C,C1,MORTGAGE,Source Verified,debt_consolidation
30000.0,19.48,36.0,5.0,90000.0,11.29,0.0,20.0,0.0,19374.0,44.7,11.407576060361786,10.308985993422082,9.871738854221547,0.33332962967078145,701.28,0,0,E,E2,RENT,Verified,other
31225.0,23.13,60.0,10.0,71000.0,27.32,0.0,16.0,0.0,1991.0,11.8,11.170449240431308,10.349006360101466,7.596894438144544,0.4397825382741088,1387.8,0,0,F,F2,RENT,Source Verified,debt_consolidation
24000.0,17.86,60.0,10.0,79500.0,13.16,0.0,15.0,1.0,24390.0,47.9,11.283524879179666,10.085850775128717,10.101969490779476,0.30188299518245054,1071.6,0,1,D,D5,MORTGAGE,Source Verified,debt_consolidation
17000.0,8.49,36.0,1.0,85000.0,24.45,1.0,16.0,1.0,11823.0,48.3,11.350418300109132,9.741027444837728,9.377886643187983,0.19999764708650486,305.64,1,1,B,B1,MORTGAGE,Not Verified,debt_consolidation
12000.0,6.49,36.0,1.0,80000.0,24.15,0.0,22.0,0.0,9955.0,22.0,11.289794413577894,9.392745258631441,9.205930663487482,0.1499981250234372,233.64000000000001,0,0,A,A2,MORTGAGE,Not Verified,debt_consolidation
10000.0,10.78,36.0,10.0,120000.0,14.61,0.0,10.0,0.0,41324.0,84.3,11.695255355062795,9.210440366976515,10.629222922689225,0.08333263889467588,388.08,0,0,B,B4,RENT,Verified,debt_consolidation
10000.0,11.99,36.0,9.0,135000.0,15.75,0.0,9.0,0.0,39128.0,97.1,11.813037464800539,9.210440366976515,10.574619159038392,0.07407352538129347,431.64,0,0,C,C1,RENT,Not Verified,debt_consolidation
12000.0,8.49,60.0,0.0,68000.0,12.02,0.0,5.0,0.0,6343.0,37.3,11.127277689932466,9.392745258631441,8.755264763314683,0.17646799311774827,509.40000000000003,0,0,B,B1,MORTGAGE,Not Verified,debt_consolidation
14000.0,6.49,36.0,10.0,67500.0,10.79,1.0,11.0,0.0,13689.0,25.0,11.119897691565697,9.546884034617925,9.524420918282495,0.20740433475059628,233.64000000000001,1,0,A,A2,RENT,Not Verified,debt_consolidation
19775.0,12.59,36.0,5.0,95000.0,7.4,0.0,15.0,1.0,5229.0,28.1,11.461642696843066,9.892224360257417,8.56216655705897,0.20815570362417238,453.24,0,1,C,C2,MORTGAGE,Source Verified,debt_consolidation
10000.0,12.88,36.0,2.0,60000.0,23.9,0.0,7.0,0.0,6975.0,84.0,11.002116507732017,9.210440366976515,8.850230965588816,0.1666638889351844,463.68,0,0,C,C2,RENT,Source Verified,credit_card
20000.0,7.49,36.0,10.0,89600.0,6.39,0.0,1.0,0.0,19255.0,97.7,11.403121759615027,9.903537551286169,9.865577979462907,0.22321179451122197,269.64,0,0,A,A4,MORTGAGE,Verified,credit_card
12000.0,11.99,36.0,3.0,110000.0,33.38,0.0,12.0,0.0,35820.0,75.3,11.608244735642321,9.392745258631441,10.486289592589621,0.1090899173643876,431.64,0,0,C,C1,OWN,Source Verified,credit_card
12000.0,7.26,36.0,10.0,87319.0,21.55,0.0,18.0,0.0,3962.0,12.4,11.37733481066388,9.392745258631441,8.284756593190435,0.1374255611543747,261.36,0,0,A,A4,MORTGAGE,Source Verified,debt_consolidation
2000.0,13.44,36.0,2.0,55000.0,23.43,1.0,6.0,0.0,19968.0,92.9,10.915106645867501,7.601402334583733,9.90193635004339,0.03636297521863239,483.84,1,0,C,C3,RENT,Verified,debt_consolidation
8150.0,13.67,36.0,0.0,35000.0,31.93,2.0,15.0,0.0,5187.0,58.0,10.463131911491967,9.005895898094456,8.554103545436334,0.2328504899860004,492.12,1,0,C,C4,MORTGAGE,Verified,debt_consolidation
10000.0,17.86,36.0,0.0,20000.0,16.92,0.0,21.0,0.0,4960.0,29.7,9.903537551286169,9.210440366976515,8.509362612301048,0.4999750012499375,642.96,0,0,D,D5,RENT,Verified,credit_card
20000.0,10.78,36.0,2.0,42000.0,23.66,0.0,18.0,0.0,28350.0,36.4,10.645448706505872,9.903537551286169,10.252417581902414,0.4761791385919383,388.08,0,0,B,B4,RENT,Source Verified,credit_card
10000.0,10.78,36.0,10.0,43747.0,20.96,0.0,7.0,0.0,5683.0,41.5,10.686201176455116,9.210440366976515,8.64541048921699,0.22858187802870988,388.08,0,0,B,B4,RENT,Verified,debt_consolidation
15000.0,9.17,36.0,6.0,90000.0,16.59,0.0,12.0,0.0,8554.0,47.8,11.407576060361786,9.61587214452889,9.054271186326293,0.16666481483539072,330.12,0,0,B,B2,RENT,Source Verified,credit_card
5000.0,10.78,36.0,10.0,75000.0,16.7,0.0,13.0,0.0,22869.0,60.5,11.225256725762893,8.517393171418904,10.037581287016826,0.06666577778962947,388.08,0,0,B,B4,OWN,Source Verified,debt_consolidation
9000.0,12.59,36.0,4.0,110000.0,12.49,0.0,4.0,2.0,1528.0,30.0,11.608244735642321,9.105090961257085,7.332369205929062,0.0818174380232907,453.24,0,1,C,C2,OWN,Verified,debt_consolidation
7200.0,15.77,36.0,4.0,54000.0,33.56,0.0,25.0,0.0,27771.0,44.0,10.896757843893464,8.881975184248866,10.231783597873164,0.13333086424325474,567.72,0,0,D,D1,MORTGAGE,Verified,debt_consolidation
9600.0,14.48,36.0,2.0,90000.0,20.96,0.0,11.0,1.0,4231.0,33.6,11.407576060361786,9.169622538697624,8.350429973538136,0.10666548149465006,521.28,0,1,C,C5,MORTGAGE,Source Verified,debt_consolidation
2800.0,9.17,36.0,3.0,52000.0,3.76,7.0,11.0,0.0,5947.0,15.9,10.859018228147885,7.937731775260108,8.690810307580046,0.0538451183631084,330.12,1,0,B,B2,RENT,Not Verified,car
12000.0,11.99,60.0,10.0,83600.0,34.22,0.0,12.0,0.0,91249.51999999856,92.7,11.33381076072374,9.392745258631441,11.962745519368479,0.1435389528833387,719.4,0,0,C,C1,MORTGAGE,Not Verified,credit_card
16750.0,16.59,60.0,10.0,64296.0,17.45,0.0,12.0,1.0,9068.0,49.3,11.07126825283867,9.726213236963686,9.112617283447568,0.2605098216090953,995.4,0,1,D,D2,MORTGAGE,Source Verified,credit_card
20800.0,11.99,60.0,10.0,141000.0,18.23,0.0,16.0,0.0,23155.0,73.3,11.856522261533737,9.942756341456828,10.050009205198895,0.1475166842788349,719.4,0,0,C,C1,RENT,Source Verified,debt_consolidation
20250.0,13.99,36.0,5.0,45000.0,32.48,1.0,17.0,0.0,22848.0,21.0,10.714439990727769,9.915959454031448,10.036662631688545,0.4499900002222173,503.64,1,0,C,C4,OWN,Verified,debt_consolidation
10000.0,6.99,36.0,5.0,220000.0,4.76,0.0,8.0,1.0,6666.0,47.6,12.301387370778713,9.210440366976515,8.80492526261806,0.045454338843914345,251.64000000000001,0,1,A,A3,RENT,Not Verified,debt_consolidation
7000.0,12.88,36.0,1.0,65805.0,7.61,1.0,4.0,0.0,7890.0,63.1,11.094466298566605,8.853808274977197,8.973478148521036,0.10637327903230709,463.68,1,0,C,C2,RENT,Source Verified,credit_card
15000.0,21.48,36.0,8.0,75000.0,14.97,0.0,14.0,2.0,4112.0,30.2,11.225256725762893,9.61587214452889,8.321907968230423,0.19999733336888842,773.28,0,1,E,E5,MORTGAGE,Source Verified,small_business
35000.0,13.99,36.0,9.0,89000.0,15.01,0.0,14.0,0.0,35232.0,42.3,11.39640288460621,10.463131911491967,10.469738422407529,0.3932540083819283,503.64,0,0,C,C4,MORTGAGE,Source Verified,credit_card
12000.0,7.49,36.0,10.0,88000.0,14.01,4.0,11.0,0.0,14241.0,65.3,11.385103457032141,9.392745258631441,9.56395062454207,0.13636208679446823,269.64,1,0,A,A4,MORTGAGE,Source Verified,debt_consolidation
2500.0,13.44,36.0,5.0,40000.0,31.38,0.0,6.0,0.0,7236.0,99.1,10.596659732783579,7.824445930877618,8.886962034866128,0.06249843753906152,483.84,0,0,C,C3,RENT,Source Verified,credit_card
3600.0,10.64,36.0,8.0,70500.0,27.01,0.0,12.0,0.0,14128.0,84.6,11.163382173096926,8.188966863648876,9.555984701765807,0.05106310548786542,383.04,0,0,B,B4,MORTGAGE,Verified,other
9000.0,13.44,36.0,3.0,48000.0,16.63,0.0,7.0,0.0,4256.0,32.7,10.77897712300635,9.105090961257085,8.356319965828153,0.18749609383137852,483.84,0,0,C,C3,RENT,Verified,debt_consolidation
12000.0,11.48,36.0,10.0,135000.0,25.05,0.0,16.0,0.0,8581.0,24.3,11.813037464800539,9.392745258631441,9.05742226555147,0.08888823045755216,413.28000000000003,0,0,B,B5,RENT,Not Verified,other
22000.0,10.78,60.0,10.0,100000.0,6.82,0.0,8.0,0.0,24057.0,44.0,11.51293546492023,9.99884318585288,10.088222860554017,0.21999780002199978,646.8,0,0,B,B4,MORTGAGE,Verified,debt_consolidation
9600.0,10.78,36.0,4.0,46000.0,11.06,1.0,5.0,1.0,4275.0,83.8,10.736418414365374,9.169622538697624,8.360773272144936,0.20869111541053456,388.08,1,1,B,B4,MORTGAGE,Verified,debt_consolidation
17000.0,8.49,36.0,10.0,75000.0,23.63,1.0,5.0,0.0,16965.0,99.7,11.225256725762893,9.741027444837728,9.73896662036768,0.2266636444847402,305.64,1,0,B,B1,RENT,Not Verified,debt_consolidation
3000.0,13.99,36.0,10.0,115000.0,17.48,0.0,27.0,0.0,23598.0,69.7,11.652696102959753,8.006700845440367,10.06895961723459,0.026086729680611473,503.64,0,0,C,C4,MORTGAGE,Verified,home_improvement
14000.0,15.77,60.0,1.0,45500.0,19.24,0.0,10.0,0.0,6297.0,25.9,10.725489582719506,9.546884034617925,8.74798740166097,0.30768554537262915,946.1999999999999,0,0,D,D1,RENT,Not Verified,debt_consolidation
2000.0,11.99,36.0,10.0,50000.0,23.81,0.0,19.0,0.0,24845.0,46.9,10.819798284210286,7.601402334583733,10.120452052773622,0.03999920001599968,431.64,0,0,C,C1,RENT,Source Verified,other
4725.0,18.49,36.0,0.0,109000.0,16.84,1.0,9.0,0.0,10595.0,68.4,11.599112335481124,8.460834457746852,9.26823185039196,0.04334822616306273,665.64,1,0,D,D5,RENT,Verified,credit_card
15000.0,11.99,60.0,10.0,65000.0,7.9,0.0,27.0,0.0,12845.0,17.8,11.082157933374816,9.61587214452889,9.460787757817737,0.23076568052799187,719.4,0,0,C,C1,OWN,Not Verified,debt_consolidation
8000.0,8.49,36.0,3.0,48000.0,15.15,0.0,4.0,0.0,7764.0,86.0,10.77897712300635,8.987321812850123,8.957381735582787,0.1666631945167809,305.64,0,0,B,B1,MORTGAGE,Not Verified,credit_card
2000.0,13.99,36.0,0.0,46000.0,25.18,2.0,13.0,0.0,5048.0,54.0,10.736418414365374,7.601402334583733,8.526945482858915,0.043477315710528035,503.64,1,0,C,C4,RENT,Not Verified,other
24000.0,19.48,60.0,10.0,97000.0,7.23,0.0,14.0,0.0,16424.0,52.5,11.48247656671073,10.085850775128717,9.70655984335281,0.24742012968938465,1168.8,0,0,E,E2,RENT,Verified,debt_consolidation
5000.0,5.32,36.0,8.0,130000.0,10.44,0.0,9.0,0.0,16709.0,25.1,11.775297421715825,8.517393171418904,9.723762621589438,0.03846124260582611,191.52,0,0,A,A1,MORTGAGE,Not Verified,debt_consolidation
8500.0,14.48,36.0,9.0,53000.0,13.88,2.0,9.0,0.0,2254.0,37.0,10.87806606028079,9.047939082617358,7.720905251936778,0.16037433255976302,521.28,1,0,C,C5,RENT,Source Verified,small_business
25000.0,13.18,60.0,10.0,139000.0,6.09,0.0,14.0,1.0,13243.0,57.3,11.842236406331555,10.12667110305036,9.491299898667137,0.17985482118833676,790.8,0,1,C,C3,MORTGAGE,Source Verified,debt_consolidation
7250.0,7.26,36.0,3.0,45000.0,12.11,0.0,6.0,0.0,15072.0,37.0,10.714439990727769,8.888894669371592,9.62066034281053,0.1611075309437568,261.36,0,0,A,A4,RENT,Not Verified,credit_card
5500.0,11.48,36.0,10.0,54000.0,38.0,1.0,12.0,0.0,12969.0,66.9,10.896757843893464,8.612685172875457,9.47039427731049,0.10184996574137516,413.28000000000003,1,0,B,B5,OWN,Verified,debt_consolidation
18000.0,11.48,36.0,2.0,249000.0,5.6,0.0,17.0,0.0,8547.0,16.6,12.425212191503038,9.798182590890704,9.053452616439039,0.07228886630977385,413.28000000000003,0,0,B,B5,RENT,Source Verified,credit_card
10075.0,13.44,36.0,2.0,30000.0,18.88,0.0,6.0,1.0,3230.0,34.4,10.308985993422082,9.2179116374725,8.080546965824498,0.3358221392620246,483.84,0,1,C,C3,RENT,Not Verified,debt_consolidation
10000.0,22.45,60.0,10.0,37000.0,32.47,0.0,16.0,0.0,33939.0,89.8,10.518700218288165,9.210440366976515,10.432349538788216,0.2702629658657874,1347.0,0,0,F,F1,RENT,Verified,debt_consolidation
10000.0,12.88,60.0,2.0,48500.0,23.29,2.0,14.0,0.0,6650.0,55.4,10.789339695269716,9.210440366976515,8.802522498284421,0.20618131584915775,772.8000000000001,1,0,C,C2,RENT,Source Verified,debt_consolidation
15000.0,8.49,36.0,5.0,50000.0,29.84,0.0,12.0,0.0,19248.0,72.6,10.819798284210286,9.61587214452889,9.865214390314636,0.2999940001199976,305.64,0,0,B,B1,MORTGAGE,Not Verified,credit_card
13000.0,6.99,36.0,1.0,33000.0,27.96,0.0,12.0,0.0,11131.0,72.3,10.404293143019792,9.472781556562168,9.317579122645782,0.393927456743735,251.64000000000001,0,0,A,A3,RENT,Source Verified,debt_consolidation
18000.0,7.89,36.0,1.0,119000.0,18.46,0.0,9.0,0.0,6459.0,11.1,11.686887175419702,9.798182590890704,8.773384596776648,0.1512592331156881,284.03999999999996,0,0,A,A5,RENT,Source Verified,other
10000.0,8.49,36.0,0.0,120000.0,9.44,0.0,28.0,0.0,10515.0,31.3,11.695255355062795,9.210440366976515,9.26065318584977,0.08333263889467588,305.64,0,0,B,B1,RENT,Not Verified,debt_consolidation
24000.0,5.32,36.0,10.0,85000.0,17.89,0.0,30.0,0.0,91249.51999999856,36.1,11.350418300109132,10.085850775128717,11.778890929633194,0.28234961941624215,191.52,0,0,A,A1,MORTGAGE,Not Verified,debt_consolidation
5600.0,10.78,36.0,,75000.0,12.26,0.0,13.0,1.0,11412.0,52.6,11.225256725762893,8.630700432209832,9.3425083355536,0.074665671124385,388.08,0,1,B,B4,MORTGAGE,Source Verified,other
30000.0,10.64,60.0,0.0,99000.0,23.83,0.0,28.0,0.0,15678.0,30.0,11.502885230075814,10.308985993422082,9.66007751636045,0.3030272421490692,638.4000000000001,0,0,B,B4,MORTGAGE,Not Verified,credit_card
25000.0,6.49,36.0,5.0,120000.0,21.3,0.0,17.0,0.0,29581.0,28.0,11.695255355062795,10.12667110305036,10.294921347231314,0.2083315972366897,233.64000000000001,0,0,A,A2,OWN,Not Verified,credit_card
10000.0,8.49,36.0,1.0,49000.0,19.25,0.0,10.0,0.0,3726.0,25.5,10.799595985047786,9.210440366976515,8.223358899479258,0.20407746780677946,305.64,0,0,B,B1,MORTGAGE,Not Verified,credit_card
16000.0,9.17,36.0,10.0,81000.0,26.8,0.0,15.0,1.0,7992.0,32.6,11.30221677925738,9.680406499268875,8.98632143762602,0.1975284255749929,330.12,0,1,B,B2,MORTGAGE,Not Verified,debt_consolidation
15000.0,12.59,36.0,10.0,42000.0,32.43,0.0,6.0,1.0,7546.0,48.7,10.645448706505872,9.61587214452889,8.928905412284868,0.3571343539439537,453.24,0,1,C,C2,RENT,Verified,debt_consolidation
20000.0,11.48,36.0,10.0,85000.0,27.08,0.0,19.0,0.0,32020.0,59.6,11.350418300109132,9.903537551286169,10.374147216543994,0.23529134951353514,413.28000000000003,0,0,B,B5,MORTGAGE,Source Verified,credit_card
25000.0,9.17,60.0,10.0,74000.0,17.08,1.0,14.0,0.0,25864.0,48.0,11.211833885608513,10.12667110305036,10.160645982437615,0.3378332725233443,550.2,1,0,B,B2,MORTGAGE,Verified,credit_card
2975.0,21.48,36.0,0.0,40000.0,6.9,0.0,9.0,0.0,4197.0,49.0,10.596659732783579,7.998335395952982,8.342363500380579,0.0743731406714832,773.28,0,0,E,E5,RENT,Not Verified,other
8000.0,6.99,36.0,3.0,119000.0,7.48,2.0,6.0,0.0,10721.0,38.0,11.686887175419702,8.987321812850123,9.280052984387483,0.06722632582919472,251.64000000000001,1,0,A,A3,RENT,Not Verified,debt_consolidation
15600.0,13.44,60.0,10.0,99000.0,15.45,0.0,15.0,0.0,13232.0,32.4,11.502885230075814,9.655090293747248,9.49046898877305,0.157574165917516,806.4,0,0,C,C3,RENT,Verified,debt_consolidation
12225.0,16.59,36.0,,94000.0,10.62,0.0,10.0,0.0,10711.0,82.0,11.451060699493427,9.41132011058867,9.279119887371008,0.13005180795948978,597.24,0,0,D,D2,MORTGAGE,Source Verified,debt_consolidation
8400.0,6.49,36.0,,70000.0,0.89,0.0,4.0,0.0,1622.0,27.0,11.156264806643742,9.036106025364846,7.392031567514591,0.11999828573877516,233.64000000000001,0,0,A,A2,MORTGAGE,Source Verified,credit_card
10000.0,9.8,36.0,5.0,38480.0,23.71,0.0,17.0,0.0,9555.0,80.3,10.55791989196796,9.210440366976515,9.1649245084457,0.25986850653569293,352.8,0,0,B,B3,RENT,Not Verified,credit_card
13200.0,10.64,36.0,0.0,58000.0,13.49,0.0,10.0,0.0,16617.0,54.7,10.968215530759235,9.488047863280759,9.718241724224926,0.2275822830640851,383.04,0,0,B,B4,RENT,Source Verified,debt_consolidation
1000.0,9.17,36.0,9.0,77463.0,16.44,0.0,13.0,0.0,3983.0,21.5,11.257568591291367,6.90875477931522,8.290041618704489,0.01290922234844573,330.12,0,0,B,B2,MORTGAGE,Source Verified,other
10000.0,10.64,36.0,10.0,40000.0,30.56,0.0,9.0,0.0,15739.0,80.3,10.596659732783579,9.210440366976515,9.663960521971394,0.2499937501562461,383.04,0,0,B,B4,MORTGAGE,Verified,debt_consolidation
35000.0,7.89,36.0,3.0,84000.0,17.88,0.0,17.0,0.0,43172.0,58.4,11.338583982516495,10.463131911491967,10.672970578838283,0.41666170640825706,284.03999999999996,0,0,A,A5,MORTGAGE,Source Verified,debt_consolidation
20000.0,13.44,36.0,1.0,53000.0,15.29,0.0,13.0,0.0,16180.0,59.1,10.87806606028079,9.903537551286169,9.691592993399809,0.37735137072885416,483.84,0,0,C,C3,RENT,Verified,debt_consolidation
27000.0,10.78,60.0,3.0,58000.0,14.19,0.0,15.0,0.0,12755.0,63.5,10.968215530759235,10.203629181337648,9.453757028129948,0.4655092153583559,646.8,0,0,B,B4,RENT,Source Verified,debt_consolidation
24000.0,5.32,36.0,10.0,65000.0,20.25,0.0,26.0,0.0,15581.0,15.9,11.082157933374816,10.085850775128717,9.653871680890804,0.369225088844787,191.52,0,0,A,A1,OWN,Source Verified,credit_card
24150.0,19.48,60.0,2.0,56000.0,22.7,0.0,9.0,0.0,9086.0,88.0,10.933124826700706,10.09208106609093,9.114600099695346,0.43124229924465635,1168.8,0,0,E,E2,MORTGAGE,Verified,debt_consolidation
6000.0,14.85,36.0,8.0,50000.0,14.21,0.0,8.0,0.0,11282.0,99.0,10.819798284210286,8.699681400989512,9.331052447138445,0.11999760004799905,534.6,0,0,C,C5,RENT,Verified,credit_card
16000.0,11.22,60.0,3.0,110000.0,17.75,0.0,20.0,0.0,27035.0,75.5,11.608244735642321,9.680406499268875,10.204924590220244,0.1454532231525168,673.2,0,0,B,B5,MORTGAGE,Source Verified,credit_card
30000.0,15.77,60.0,10.0,85000.0,25.38,0.0,26.0,0.0,23054.0,31.8,11.350418300109132,10.308985993422082,10.045637944640806,0.3529370242703027,946.1999999999999,0,0,D,D1,MORTGAGE,Source Verified,debt_consolidation
35000.0,11.48,36.0,4.0,200000.0,9.0,0.0,6.0,0.0,41913.0,77.9,12.206077645517674,10.463131911491967,10.643375178979888,0.17499912500437498,413.28000000000003,0,0,B,B5,RENT,Verified,debt_consolidation
16000.0,9.17,36.0,2.0,40000.0,34.26,0.0,9.0,0.0,12288.0,51.8,10.596659732783579,9.680406499268875,9.416459832284596,0.39999000024999376,330.12,0,0,B,B2,MORTGAGE,Source Verified,credit_card
6000.0,9.17,36.0,4.0,45000.0,14.53,0.0,6.0,0.0,3953.0,98.8,10.714439990727769,8.699681400989512,8.282483003730562,0.13333037043621254,330.12,0,0,B,B2,MORTGAGE,Source Verified,credit_card
16000.0,11.99,36.0,2.0,250000.0,11.02,3.0,19.0,0.0,91249.51999999856,67.6,13.30468660086356,9.680406499268875,12.579919799464541,0.026666622222296297,431.64,1,0,C,C1,MORTGAGE,Source Verified,credit_card
24000.0,13.18,36.0,4.0,80000.0,26.88,0.0,16.0,0.0,33823.0,76.5,11.289794413577894,10.085850775128717,10.428925888669964,0.2999962500468744,474.48,0,0,C,C3,RENT,Not Verified,debt_consolidation
7850.0,17.27,36.0,1.0,52625.0,7.18,0.0,8.0,0.0,6814.0,80.2,10.870965573179436,8.968396191198256,8.826881344130634,0.14916581157602707,621.72,0,0,D,D3,RENT,Verified,debt_consolidation
17500.0,8.49,36.0,0.0,59000.0,18.96,0.0,7.0,0.0,7947.0,70.3,10.985309671896763,9.770013301136157,8.980675603671708,0.296605142285724,305.64,0,0,B,B1,MORTGAGE,Verified,debt_consolidation
18375.0,11.99,60.0,3.0,170000.0,7.41,0.0,5.0,0.0,39637.0,93.3,12.043559598368038,9.818800744368934,10.587543533084293,0.10808759948470892,719.4,0,0,C,C1,MORTGAGE,Source Verified,debt_consolidation
9600.0,8.38,36.0,10.0,45508.0,38.53,0.0,12.0,0.0,20863.0,31.5,10.725665387576568,9.169622538697624,9.94578046472638,0.21094728515238745,301.68,0,0,B,B1,OWN,Not Verified,debt_consolidation
6000.0,13.44,36.0,3.0,60000.0,5.02,0.0,10.0,0.0,7682.0,31.5,11.002116507732017,8.699681400989512,8.946765374867635,0.09999833336111065,483.84,0,0,C,C3,MORTGAGE,Source Verified,credit_card
6650.0,11.22,36.0,,18500.0,7.38,0.0,24.0,0.0,5061.0,14.9,9.825580063659602,8.802522498284421,8.529516941105069,0.35944003026863414,403.92,0,0,B,B5,OWN,Verified,moving
15000.0,12.88,36.0,10.0,82000.0,24.5,3.0,6.0,0.0,3388.0,53.8,11.314486721293981,9.61587214452889,8.128290171607052,0.18292459848050632,463.68,1,0,C,C2,OWN,Not Verified,debt_consolidation
8000.0,5.32,36.0,2.0,65000.0,21.57,0.0,19.0,0.0,6753.0,8.4,11.082157933374816,8.987321812850123,8.817890200945513,0.123075029614929,191.52,0,0,A,A1,OWN,Not Verified,debt_consolidation
16000.0,10.78,36.0,2.0,90000.0,21.05,1.0,17.0,1.0,54009.0,63.4,11.407576060361786,9.680406499268875,10.896924493586937,0.17777580249108343,388.08,1,1,B,B4,MORTGAGE,Verified,debt_consolidation
13000.0,8.49,36.0,5.0,72000.0,12.5,0.0,19.0,0.0,14253.0,40.7,11.184435286790631,9.472781556562168,9.564792848061815,0.18055304787433507,305.64,0,0,B,B1,RENT,Not Verified,credit_card
10000.0,18.49,60.0,2.0,55000.0,30.29,0.0,20.0,0.0,6524.0,29.8,10.915106645867501,9.210440366976515,8.783396232190894,0.18181487609316194,1109.3999999999999,0,0,D,D5,RENT,Source Verified,debt_consolidation
5000.0,11.22,36.0,8.0,28000.0,7.04,0.0,10.0,0.0,3937.0,55.5,10.239995502805314,8.517393171418904,8.278428259199071,0.1785650512481697,403.92,0,0,B,B5,RENT,Source Verified,debt_consolidation
5500.0,5.32,36.0,10.0,60000.0,13.86,0.0,7.0,0.0,4886.0,26.3,11.002116507732017,8.612685172875457,8.494333897270154,0.09166513891435142,191.52,0,0,A,A1,MORTGAGE,Not Verified,credit_card
22000.0,11.99,36.0,10.0,108500.0,25.98,0.0,18.0,0.0,17450.0,33.2,11.59451466851004,9.99884318585288,9.767152232578871,0.20276310817411822,431.64,0,0,C,C1,MORTGAGE,Source Verified,home_improvement
5000.0,9.17,36.0,10.0,150000.0,2.95,0.0,7.0,0.0,10776.0,59.9,11.918397239722838,8.517393171418904,9.28516951259683,0.03333311111259258,330.12,0,0,B,B2,MORTGAGE,Source Verified,debt_consolidation
12300.0,11.99,36.0,2.0,89439.36,11.62,3.0,14.0,0.0,5984.0,41.0,11.401327313425547,9.417435838868785,8.697011617992073,0.1375218078281438,431.64,1,0,C,C1,OWN,Not Verified,debt_consolidation
24375.0,12.59,60.0,10.0,53000.0,28.57,0.0,21.0,0.0,12485.0,14.1,10.87806606028079,10.101354320665545,9.43236329562169,0.459896983075791,755.4,0,0,C,C2,RENT,Source Verified,debt_consolidation
14400.0,11.99,36.0,3.0,65000.0,9.29,0.0,12.0,1.0,13621.0,67.1,11.082157933374816,9.575052927597381,9.519441411801264,0.2215350533068722,431.64,0,1,C,C1,RENT,Source Verified,credit_card
12000.0,8.38,36.0,3.0,175000.0,19.09,0.0,11.0,0.0,4116.0,26.6,12.072546967175038,9.392745258631441,8.322880021769905,0.06857103673693293,301.68,0,0,B,B1,RENT,Verified,debt_consolidation
18700.0,13.99,60.0,0.0,55000.0,30.81,0.0,19.0,0.0,25268.0,28.4,10.915106645867501,9.83633227734872,10.137333626983473,0.3399938182942128,839.4,0,0,C,C4,MORTGAGE,Not Verified,debt_consolidation
15000.0,18.2,60.0,10.0,54320.0,30.0,0.0,13.0,0.0,17510.0,74.8,10.902666171488752,9.61587214452889,9.7705845338719,0.2761363008781134,1092.0,0,0,E,E1,RENT,Source Verified,debt_consolidation
6125.0,5.32,36.0,1.0,30000.0,16.6,0.0,13.0,0.0,6128.0,16.7,10.308985993422082,8.72029728739272,8.720786883485731,0.2041598613379554,191.52,0,0,A,A1,MORTGAGE,Source Verified,credit_card
23750.0,15.41,60.0,10.0,54000.0,24.44,0.0,11.0,0.0,24083.0,76.0,10.896757843893464,10.075379913839543,10.089302998584339,0.4398066702468473,924.6,0,0,D,D1,OWN,Not Verified,debt_consolidation
10000.0,10.64,36.0,10.0,60000.0,12.96,0.0,9.0,0.0,9009.0,61.3,11.002116507732017,9.210440366976515,9.106090350602383,0.1666638889351844,383.04,0,0,B,B4,RENT,Source Verified,debt_consolidation
8000.0,15.77,36.0,5.0,52000.0,32.73,0.0,8.0,0.0,7383.0,50.2,10.859018228147885,8.987321812850123,8.907070776182687,0.15384319532316687,567.72,0,0,D,D1,RENT,Not Verified,debt_consolidation
18000.0,11.99,36.0,3.0,65000.0,18.11,0.0,11.0,0.0,8294.0,95.3,11.082157933374816,9.798182590890704,9.023408202624545,0.27691881663359025,431.64,0,0,C,C1,RENT,Verified,debt_consolidation
24000.0,13.67,60.0,6.0,109000.0,21.16,0.0,10.0,1.0,8214.0,88.3,11.599112335481124,10.085850775128717,9.013717030471367,0.2201814662250805,820.2,0,1,C,C4,RENT,Verified,debt_consolidation
5000.0,11.99,36.0,10.0,52000.0,11.54,0.0,17.0,0.0,9239.0,21.4,10.859018228147885,8.517393171418904,9.131297164635729,0.09615199707697929,431.64,0,0,C,C1,MORTGAGE,Source Verified,debt_consolidation
9000.0,11.48,36.0,4.0,42000.0,31.46,0.0,10.0,0.0,7618.0,84.6,10.645448706505872,9.105090961257085,8.93840040647301,0.21428061236637222,413.28000000000003,0,0,B,B5,MORTGAGE,Verified,debt_consolidation
12000.0,12.88,60.0,10.0,62000.0,21.06,0.0,6.0,0.0,6366.0,97.9,11.034905792929415,9.392745258631441,8.758883680017025,0.19354526539894518,772.8000000000001,0,0,C,C2,MORTGAGE,Verified,credit_card
16000.0,5.32,36.0,10.0,75000.0,13.23,1.0,14.0,0.0,1767.0,39.3,11.225256725762893,9.680406499268875,7.477604243197589,0.2133304889268143,191.52,1,0,A,A1,MORTGAGE,Source Verified,debt_consolidation
5000.0,5.32,36.0,5.0,83000.0,24.73,0.0,15.0,0.0,8477.0,61.4,11.326607934898927,8.517393171418904,9.045229851912582,0.06024023806942085,191.52,0,0,A,A1,RENT,Source Verified,credit_card
15000.0,8.49,36.0,10.0,120000.0,10.66,0.0,14.0,0.0,13833.0,51.2,11.695255355062795,9.61587214452889,9.53488460916053,0.12499895834201381,305.64,0,0,B,B1,OWN,Source Verified,debt_consolidation
15000.0,10.78,60.0,3.0,38000.0,19.93,0.0,9.0,0.0,15297.0,74.6,10.545367754151743,9.61587214452889,9.635477379881811,0.3947264545669851,646.8,0,0,B,B4,MORTGAGE,Source Verified,debt_consolidation
7500.0,7.91,36.0,1.0,35380.0,24.14,0.0,19.0,0.0,14867.0,44.9,10.473930231870588,8.922791623969635,9.606966531417143,0.21197818037929964,284.76,0,0,A,A5,RENT,Not Verified,credit_card
20800.0,13.99,36.0,2.0,55000.0,21.21,4.0,21.0,1.0,70471.0,54.2,10.915106645867501,9.942756341456828,11.16297074678963,0.37817494227377685,503.64,1,1,C,C4,MORTGAGE,Source Verified,debt_consolidation
33050.0,13.67,60.0,10.0,67000.0,31.99,0.0,9.0,0.0,31233.0,53.8,11.112462823634855,10.405807102008174,10.349262524047791,0.4932762197579141,820.2,0,0,C,C4,MORTGAGE,Source Verified,credit_card
7800.0,11.99,36.0,10.0,31722.0,34.01,0.0,11.0,0.0,8604.0,78.9,10.364797248830204,8.962007209588313,9.06009870864564,0.2458783847681493,431.64,0,0,C,C1,RENT,Source Verified,moving
7200.0,14.85,36.0,2.0,25958.0,18.4,0.0,9.0,0.0,6978.0,64.6,10.164273649274849,8.881975184248866,8.850660919017152,0.2773604530220733,534.6,0,0,C,C5,RENT,Verified,debt_consolidation
28000.0,7.91,36.0,8.0,102000.0,21.05,1.0,24.0,0.0,55427.0,39.9,11.532737896139919,10.239995502805314,10.922840160218605,0.2745071126753659,284.76,1,0,A,A5,MORTGAGE,Source Verified,credit_card
12000.0,14.48,60.0,10.0,87000.0,32.57,0.0,10.0,0.0,11985.0,95.9,11.373674891823535,9.392745258631441,9.39149458101813,0.1379294490867921,868.8000000000001,0,0,C,C5,MORTGAGE,Verified,debt_consolidation
10000.0,13.18,36.0,10.0,65000.0,20.29,2.0,3.0,0.0,91249.51999999856,97.7,11.082157933374816,9.210440366976515,11.59434875765909,0.15384378701866125,474.48,1,0,C,C3,MORTGAGE,Verified,debt_consolidation
12000.0,13.67,36.0,3.0,75000.0,20.3,0.0,14.0,0.0,17383.0,61.6,11.225256725762893,9.392745258631441,9.763305521936266,0.15999786669511074,492.12,0,0,C,C4,RENT,Verified,debt_consolidation
17600.0,14.85,36.0,9.0,96000.0,16.45,0.0,18.0,1.0,12760.0,35.6,11.472113887062386,9.775710997593968,9.454148923733976,0.18333142363100385,534.6,0,1,C,C5,MORTGAGE,Verified,debt_consolidation
22725.0,16.59,60.0,5.0,160000.0,8.59,0.0,10.0,0.0,17357.0,67.5,11.982935344196433,10.031264922477954,9.761808774204189,0.14203036231023555,995.4,0,0,D,D2,MORTGAGE,Source Verified,credit_card
17600.0,9.8,36.0,5.0,98000.0,24.88,0.0,19.0,0.0,22619.0,52.4,11.49273296168228,9.775710997593968,10.02658974967011,0.17959000418363077,352.8,0,0,B,B3,MORTGAGE,Verified,credit_card
10000.0,16.59,36.0,10.0,75000.0,13.53,0.0,9.0,0.0,12877.0,79.5,11.225256725762893,9.210440366976515,9.463275708098129,0.13333155557925894,597.24,0,0,D,D2,MORTGAGE,Not Verified,credit_card
3500.0,16.59,36.0,4.0,48000.0,33.95,0.0,6.0,0.0,323.0,5.2,10.77897712300635,8.160803920954665,5.780743515792329,0.07291514760109165,597.24,0,0,D,D2,RENT,Source Verified,vacation
5000.0,14.85,36.0,0.0,26880.0,21.16,0.0,10.0,1.0,2260.0,41.1,10.199174996326047,8.517393171418904,7.72356247227797,0.1860049849335962,534.6,0,1,C,C5,MORTGAGE,Source Verified,debt_consolidation
13700.0,17.97,36.0,,38500.0,21.13,0.0,12.0,0.0,13022.0,83.5,10.55843949396453,9.525224101853109,9.474472303967703,0.3558349133788733,646.92,0,0,D,D4,RENT,Verified,debt_consolidation
10000.0,10.64,36.0,3.0,43000.0,7.06,0.0,19.0,0.0,10343.0,29.2,10.668978650219241,9.210440366976515,9.244161920451694,0.2325527313318295,383.04,0,0,B,B4,RENT,Source Verified,credit_card
30000.0,19.48,60.0,3.0,85000.0,23.69,3.0,12.0,0.0,543.0,4.3,11.350418300109132,10.308985993422082,6.298949246855942,0.3529370242703027,1168.8,1,0,E,E2,OWN,Source Verified,debt_consolidation
19350.0,24.24,60.0,10.0,44000.0,23.46,0.0,10.0,1.0,11300.0,50.0,10.691967639914864,9.870499376709146,9.33264649636015,0.4397627326651667,1454.3999999999999,0,1,F,F3,MORTGAGE,Verified,debt_consolidation
17000.0,19.89,60.0,10.0,50000.0,5.2,0.0,11.0,1.0,4695.0,27.8,10.819798284210286,9.741027444837728,8.454466361507933,0.33999320013599726,1193.4,0,1,E,E3,MORTGAGE,Verified,debt_consolidation
6000.0,13.18,36.0,6.0,40000.0,34.8,0.0,15.0,3.0,5426.0,20.6,10.596659732783579,8.699681400989512,8.599141774063405,0.14999625009374765,474.48,0,1,C,C3,RENT,Source Verified,debt_consolidation
28000.0,6.49,36.0,10.0,137000.0,8.73,0.0,10.0,0.0,30335.0,75.6,11.827743504053695,10.239995502805314,10.320090405054748,0.20437807023306398,233.64000000000001,0,0,A,A2,OWN,Verified,credit_card
2325.0,19.99,36.0,,25882.92,16.74,0.0,4.0,0.0,17629.0,100.7,10.16137720545997,7.75190533307861,9.777357275391916,0.08982410701315721,719.64,0,0,E,E4,MORTGAGE,Verified,debt_consolidation
26550.0,16.99,60.0,10.0,68100.0,26.36,0.0,12.0,0.0,58244.0,65.1,11.128747176317603,10.186822690744211,10.972413530833878,0.389862116562165,1019.3999999999999,0,0,D,D3,MORTGAGE,Not Verified,credit_card
27200.0,6.99,36.0,10.0,124167.0,7.7,0.0,7.0,0.0,28058.0,74.8,11.72939076633102,10.211009016314165,10.24206471510266,0.21905805038335158,251.64000000000001,0,0,A,A3,RENT,Verified,debt_consolidation
2000.0,12.88,36.0,6.0,86564.0,27.73,0.0,25.0,0.0,19821.0,89.7,11.368650855813176,7.601402334583733,9.894547710966654,0.02310402587650898,463.68,0,0,C,C2,RENT,Verified,credit_card
26025.0,21.48,60.0,10.0,101000.0,11.8,0.0,6.0,0.0,6712.0,59.9,11.522885696764481,10.166851317336702,8.811801223938751,0.2576707161315234,1288.8,0,0,E,E5,MORTGAGE,Verified,debt_consolidation
19000.0,13.99,36.0,2.0,135000.0,9.72,1.0,11.0,1.0,8998.0,45.2,11.813037464800539,9.852246888342531,9.104868739033948,0.1407396982244576,503.64,1,1,C,C4,MORTGAGE,Not Verified,debt_consolidation
8000.0,9.8,36.0,10.0,60000.0,4.98,0.0,15.0,0.0,5762.0,12.3,11.002116507732017,8.987321812850123,8.659213451436665,0.13333111114814752,352.8,0,0,B,B3,OWN,Source Verified,debt_consolidation
16825.0,13.44,36.0,8.0,60000.0,28.41,11.0,9.0,0.0,4062.0,51.4,11.002116507732017,9.730680588110758,8.309676895987726,0.2804119931334478,483.84,1,0,C,C3,RENT,Verified,debt_consolidation
12000.0,16.55,36.0,1.0,41990.0,31.81,0.0,15.0,1.0,9828.0,41.6,10.645210588588755,9.392745258631441,9.19309247856663,0.2857755233264271,595.8000000000001,0,1,D,D2,OWN,Verified,debt_consolidation
15000.0,11.48,36.0,5.0,250000.0,9.09,1.0,10.0,0.0,91249.51999999856,33.6,12.765691290604371,9.61587214452889,11.847574612201978,0.04285702040851312,413.28000000000003,1,0,B,B5,MORTGAGE,Source Verified,debt_consolidation
28000.0,9.17,60.0,8.0,125000.0,16.95,0.0,11.0,0.0,21248.0,36.1,11.736077016252437,10.239995502805314,9.964065114421732,0.2239982080143359,550.2,0,0,B,B2,MORTGAGE,Not Verified,debt_consolidation
12000.0,9.17,36.0,10.0,85000.0,7.54,0.0,12.0,0.0,11299.0,65.3,11.350418300109132,9.392745258631441,9.33255800470043,0.14117480970812107,330.12,0,0,B,B2,MORTGAGE,Source Verified,home_improvement
16000.0,6.24,36.0,3.0,87000.0,11.42,0.0,8.0,0.0,5302.0,18.9,11.373674891823535,9.680406499268875,8.57602797713713,0.18390593211572281,224.64000000000001,0,0,A,A2,RENT,Not Verified,debt_consolidation
11750.0,16.55,60.0,7.0,60000.0,4.86,0.0,9.0,0.0,5444.0,40.9,11.002116507732017,9.371693622333941,8.602453035367061,0.19583006949884169,993.0,0,0,D,D2,RENT,Source Verified,credit_card
8000.0,13.44,36.0,4.0,70000.0,27.26,0.0,12.0,0.0,9441.0,94.4,11.156264806643742,8.987321812850123,9.152923101106232,0.11428408165597634,483.84,0,0,C,C3,MORTGAGE,Verified,debt_consolidation
24000.0,9.17,36.0,10.0,145000.0,9.96,0.0,9.0,0.0,24670.0,84.5,11.884495917930654,10.085850775128717,10.113383743764707,0.1655160998889663,330.12,0,0,B,B2,MORTGAGE,Not Verified,debt_consolidation
10000.0,10.78,36.0,10.0,61500.0,24.37,0.0,12.0,1.0,10242.0,34.5,11.026808713825016,9.210440366976515,9.234349824436535,0.16259898213037186,388.08,0,1,B,B4,MORTGAGE,Source Verified,debt_consolidation
22400.0,6.49,36.0,0.0,115000.0,12.0,0.0,22.0,0.0,6042.0,6.3,11.652696102959753,10.016860879703811,8.706655856361559,0.19478091494856567,233.64000000000001,0,0,A,A2,MORTGAGE,Not Verified,debt_consolidation
14400.0,16.59,60.0,10.0,93000.0,17.29,1.0,26.0,0.0,15685.0,29.6,11.440365524765754,9.575052927597381,9.660523873772611,0.15483704476295954,995.4,1,0,D,D2,OWN,Source Verified,debt_consolidation
8000.0,9.17,36.0,3.0,37000.0,15.54,0.0,8.0,0.0,14535.0,40.3,10.518700218288165,8.987321812850123,9.584383610076006,0.21621037269262994,330.12,0,0,B,B2,RENT,Not Verified,debt_consolidation
21500.0,5.32,36.0,0.0,137000.0,6.73,0.0,11.0,0.0,20203.0,29.4,11.827743504053695,9.975854724662028,9.913635883587943,0.15693316107181698,191.52,0,0,A,A1,RENT,Not Verified,credit_card
17000.0,12.88,36.0,5.0,85000.0,20.82,0.0,9.0,0.0,30701.0,83.2,11.350418300109132,9.741027444837728,10.332083078033147,0.19999764708650486,463.68,0,0,C,C2,OWN,Not Verified,credit_card
6500.0,11.48,36.0,,38000.0,24.35,0.0,14.0,1.0,8150.0,43.1,10.545367754151743,8.77971129020447,9.005895898094456,0.1710481303123602,413.28000000000003,0,1,B,B5,MORTGAGE,Verified,debt_consolidation
16200.0,19.99,60.0,10.0,45000.0,31.73,0.0,11.0,0.0,20069.0,59.2,10.714439990727769,9.692828247710418,9.906981441790384,0.35999200017777383,1199.3999999999999,0,0,E,E4,OWN,Verified,other
7000.0,12.88,36.0,5.0,37311.0,10.92,1.0,11.0,0.0,7877.0,26.7,10.527070269710164,8.853808274977197,8.971829343530851,0.1876072041166381,463.68,1,0,C,C2,RENT,Verified,medical
25000.0,7.49,36.0,10.0,61900.0,29.93,0.0,10.0,0.0,29388.0,66.6,11.033291613631048,10.12667110305036,10.28837573365546,0.403870696757726,269.64,0,0,A,A4,MORTGAGE,Not Verified,debt_consolidation
16200.0,24.24,60.0,10.0,45000.0,28.16,0.0,5.0,0.0,7530.0,44.0,10.714439990727769,9.692828247710418,8.926783114101351,0.35999200017777383,1454.3999999999999,0,0,F,F3,RENT,Verified,debt_consolidation
5000.0,12.88,36.0,1.0,51000.0,11.95,1.0,10.0,0.0,5392.0,12.4,10.839600519357369,8.517393171418904,8.592857095337227,0.09803729338640418,463.68,1,0,C,C2,OWN,Verified,home_improvement
23500.0,9.8,36.0,,84700.0,23.83,0.0,17.0,0.0,29097.0,66.6,11.346882686945893,10.064798252418377,10.278424722275334,0.27744654726626605,352.8,0,0,B,B3,MORTGAGE,Verified,credit_card
6000.0,8.49,36.0,10.0,65000.0,3.31,0.0,4.0,1.0,4352.0,74.0,11.082157933374816,8.699681400989512,8.378620541552298,0.09230627221119675,305.64,0,1,B,B1,RENT,Not Verified,credit_card
15000.0,18.99,60.0,3.0,100000.0,12.01,0.0,10.0,0.0,8417.0,54.0,11.51293546492023,9.61587214452889,9.038127549330516,0.14999850001499984,1139.3999999999999,0,0,E,E1,OWN,Source Verified,credit_card
14025.0,18.49,60.0,10.0,39000.0,18.0,0.0,12.0,0.0,15646.0,74.9,10.571342565808699,9.548668029096856,9.658034484302057,0.3596061639445142,1109.3999999999999,0,0,D,D5,MORTGAGE,Verified,debt_consolidation
9200.0,17.57,36.0,1.0,28000.0,31.5,0.0,6.0,0.0,6585.0,54.4,10.239995502805314,9.127067452782361,8.792701462936309,0.3285596942966323,632.52,0,0,D,D4,RENT,Not Verified,debt_consolidation
35000.0,18.49,60.0,2.0,120000.0,11.64,0.0,7.0,1.0,22030.0,64.0,11.695255355062795,10.463131911491967,10.000205831412565,0.29166423613136555,1109.3999999999999,0,1,D,D5,MORTGAGE,Verified,debt_consolidation
12800.0,11.99,36.0,1.0,42000.0,9.28,0.0,10.0,0.0,7593.0,53.9,10.645448706505872,9.45727857185611,8.935113740791747,0.3047546486988405,431.64,0,0,C,C1,RENT,Verified,debt_consolidation
9000.0,11.99,36.0,10.0,91800.0,23.76,1.0,9.0,1.0,3639.0,37.9,11.427378469795437,9.105090961257085,8.199738960630786,0.0980381477325955,431.64,1,1,C,C1,MORTGAGE,Not Verified,home_improvement
25000.0,9.17,60.0,2.0,140000.0,17.91,0.0,24.0,0.0,23104.0,29.4,11.849404844423074,10.12667110305036,10.047804323304366,0.17857015307033522,550.2,0,0,B,B2,MORTGAGE,Not Verified,credit_card
4750.0,13.18,36.0,,13200.0,29.64,0.0,13.0,0.0,229.0,1.1,9.488047863280759,8.46611040118692,5.438079308923196,0.35982122566472236,474.48,0,0,C,C3,RENT,Not Verified,medical
16075.0,15.41,36.0,4.0,33500.0,3.38,0.0,10.0,0.0,5857.0,8.7,10.419330568113901,9.685082755569091,8.675563527387679,0.4798364227933494,554.76,0,0,D,D1,RENT,Source Verified,medical
14275.0,16.59,36.0,10.0,60292.3,17.58,1.0,13.0,0.0,7924.0,34.0,11.006976265430868,9.566335084610051,8.977777598745481,0.23675930824818014,597.24,1,0,D,D2,MORTGAGE,Source Verified,other
31525.0,15.77,36.0,10.0,85000.0,14.65,0.0,11.0,0.0,21141.0,55.5,11.350418300109132,10.358567881186488,9.959016862328609,0.37087798967070973,567.72,0,0,D,D1,MORTGAGE,Source Verified,home_improvement
6650.0,17.27,36.0,,18480.0,22.21,0.0,10.0,1.0,9160.0,55.9,9.824498456285756,8.802522498284421,9.122710622015209,0.35982901358151614,621.72,0,1,D,D3,RENT,Verified,debt_consolidation
24000.0,14.85,60.0,4.0,100000.0,22.58,0.0,11.0,0.0,19591.0,79.0,11.51293546492023,10.085850775128717,9.882876598632004,0.23999760002399975,891.0,0,0,C,C5,RENT,Not Verified,credit_card
27600.0,11.99,36.0,5.0,60000.0,25.7,0.0,9.0,1.0,38909.0,75.1,11.002116507732017,10.22560728293294,10.569006565978599,0.45999233346110896,431.64,0,1,C,C1,RENT,Not Verified,credit_card
5500.0,8.49,36.0,1.0,72800.0,16.63,0.0,6.0,0.0,7517.0,36.8,11.19548497035417,8.612685172875457,8.925055424124123,0.07554841279652752,305.64,0,0,B,B1,RENT,Source Verified,car
20000.0,15.77,60.0,6.0,57000.0,21.09,0.0,7.0,0.0,19727.0,98.1,10.950824090522444,9.903537551286169,9.889794225404126,0.3508710373502219,946.1999999999999,0,0,D,D1,RENT,Verified,debt_consolidation
12000.0,5.32,36.0,10.0,64400.0,2.45,0.0,5.0,0.0,3949.0,42.0,11.072884439922198,9.392745258631441,8.281470857895167,0.18633251036474588,191.52,0,0,A,A1,MORTGAGE,Verified,other
12000.0,11.48,36.0,1.0,80000.0,4.65,0.0,8.0,0.0,8680.0,27.1,11.289794413577894,9.392745258631441,9.068892008391808,0.1499981250234372,413.28000000000003,0,0,B,B5,MORTGAGE,Source Verified,debt_consolidation
16000.0,5.32,36.0,10.0,85000.0,11.87,0.0,12.0,0.0,12862.0,28.6,11.350418300109132,9.680406499268875,9.462110252078714,0.1882330796108281,191.52,0,0,A,A1,RENT,Source Verified,debt_consolidation
18200.0,11.99,36.0,10.0,82000.0,19.51,0.0,17.0,0.0,10986.0,24.7,11.314486721293981,9.809231816610406,9.30446803470088,0.22194851282301437,431.64,0,0,C,C1,MORTGAGE,Not Verified,home_improvement
25000.0,17.27,60.0,4.0,63000.0,10.76,0.0,7.0,0.0,13714.0,93.3,11.050905878263567,10.12667110305036,9.526245403371703,0.3968190981095538,1036.2,0,0,D,D3,RENT,Not Verified,debt_consolidation
20000.0,15.77,60.0,,63000.0,25.39,2.0,11.0,0.0,3010.0,23.7,11.050905878263567,9.903537551286169,8.010027528481734,0.31745527848764304,946.1999999999999,1,0,D,D1,MORTGAGE,Not Verified,debt_consolidation
21900.0,14.85,36.0,8.0,100000.0,20.22,0.0,12.0,1.0,11816.0,72.0,11.51293546492023,9.994287576862567,9.377294451639015,0.21899781002189977,534.6,0,1,C,C5,MORTGAGE,Verified,debt_consolidation
2500.0,11.99,36.0,0.0,37000.0,21.21,0.0,7.0,0.0,4363.0,24.9,10.518700218288165,7.824445930877618,8.381144346952961,0.06756574146644685,431.64,0,0,C,C1,RENT,Source Verified,other
12000.0,10.64,60.0,10.0,56000.0,31.76,0.0,7.0,0.0,24847.0,98.2,10.933124826700706,9.392745258631441,10.120532545388468,0.21428188782343172,638.4000000000001,0,0,B,B4,RENT,Not Verified,debt_consolidation
11200.0,18.99,36.0,3.0,32000.0,34.06,0.0,16.0,0.0,17211.0,75.0,10.373522431293592,9.32375833901174,9.75336209395849,0.3499890628417862,683.64,0,0,E,E1,MORTGAGE,Verified,debt_consolidation
35000.0,14.85,60.0,10.0,90000.0,19.13,0.0,12.0,0.0,17669.0,66.4,11.407576060361786,10.463131911491967,9.779623565313742,0.38888456794924503,891.0,0,0,C,C5,OWN,Verified,debt_consolidation
8000.0,7.49,36.0,0.0,150000.0,7.6,0.0,14.0,0.0,8825.0,10.4,11.918397239722838,8.987321812850123,9.085457189829492,0.05333297778014813,269.64,0,0,A,A4,RENT,Source Verified,car
3000.0,9.17,36.0,1.0,32500.0,14.19,0.0,10.0,0.0,2398.0,3.8,10.389026137075234,8.006700845440367,7.782807262839694,0.09230485215839512,330.12,0,0,B,B2,RENT,Source Verified,other
3400.0,9.8,36.0,10.0,45000.0,15.09,2.0,12.0,0.0,917.0,28.7,10.714439990727769,8.131824785007195,6.82219739062049,0.07555387658052043,352.8,1,0,B,B3,MORTGAGE,Source Verified,home_improvement
20000.0,11.99,36.0,10.0,160000.0,13.98,1.0,11.0,1.0,25267.0,80.0,11.982935344196433,9.903537551286169,10.137294052018591,0.12499921875488278,431.64,1,1,C,C1,RENT,Not Verified,debt_consolidation
9500.0,9.17,36.0,,40000.0,32.22,0.0,13.0,0.0,27226.0,57.8,10.596659732783579,9.159152335206748,10.211964406994612,0.23749406264843378,330.12,0,0,B,B2,OWN,Not Verified,credit_card
15750.0,17.97,60.0,2.0,35000.0,48.56,0.0,14.0,1.0,18149.0,62.6,10.463131911491967,9.664659134301735,9.806425839692997,0.4499871432244793,1078.1999999999998,0,1,D,D4,MORTGAGE,Source Verified,credit_card
12000.0,6.99,36.0,10.0,50000.0,20.12,0.0,13.0,0.0,12242.0,28.9,10.819798284210286,9.392745258631441,9.412709624073916,0.2399952000959981,251.64000000000001,0,0,A,A3,MORTGAGE,Not Verified,credit_card
12000.0,6.99,36.0,2.0,100000.0,9.19,1.0,9.0,0.0,8093.0,53.2,11.51293546492023,9.392745258631441,8.998878325435811,0.11999880001199988,251.64000000000001,1,0,A,A3,RENT,Source Verified,debt_consolidation
30000.0,23.13,60.0,,100000.0,26.66,0.0,18.0,0.0,24671.0,48.5,11.51293546492023,10.308985993422082,10.113424276363055,0.2999970000299997,1387.8,0,0,F,F2,MORTGAGE,Verified,debt_consolidation
10000.0,10.64,36.0,10.0,60000.0,25.67,0.0,18.0,5.0,9975.0,43.4,11.002116507732017,9.210440366976515,9.207937487359873,0.1666638889351844,383.04,0,1,B,B4,RENT,Source Verified,debt_consolidation
1200.0,10.78,36.0,,20316.0,29.89,0.0,8.0,0.0,2416.0,26.3,9.91921325299761,7.0909098220799835,7.7902823807034824,0.05906383816508343,388.08,0,0,B,B4,RENT,Not Verified,debt_consolidation
20000.0,8.49,36.0,3.0,61097.0,27.14,0.0,15.0,0.0,19644.0,54.9,11.02023441139972,9.903537551286169,9.88557813199256,0.3273429572162755,305.64,0,0,B,B1,RENT,Not Verified,credit_card
20000.0,13.18,36.0,9.0,75000.0,24.72,0.0,10.0,0.0,32733.0,54.6,11.225256725762893,9.903537551286169,10.396169572065828,0.2666631111585179,474.48,0,0,C,C3,RENT,Verified,debt_consolidation
30000.0,7.89,36.0,7.0,110000.0,21.58,0.0,10.0,0.0,27950.0,63.2,11.608244735642321,10.308985993422082,10.238208256118535,0.272724793410969,284.03999999999996,0,0,A,A5,RENT,Verified,credit_card
7000.0,6.49,36.0,2.0,86000.0,26.15,0.0,11.0,0.0,2228.0,8.6,11.362114203075018,8.853808274977197,7.709308333385868,0.08139440239066988,233.64000000000001,0,0,A,A2,MORTGAGE,Source Verified,vacation
21600.0,13.67,60.0,5.0,60000.0,22.68,0.0,13.0,0.0,15221.0,49.6,11.002116507732017,9.980494888896912,9.630497028827337,0.3599940000999983,820.2,0,0,C,C4,RENT,Verified,debt_consolidation
7200.0,13.67,36.0,10.0,70000.0,17.44,1.0,13.0,0.0,12068.0,45.4,11.156264806643742,8.881975184248866,9.398395460617898,0.1028556734903787,492.12,1,0,C,C4,MORTGAGE,Source Verified,debt_consolidation
6000.0,22.45,36.0,,25000.0,31.88,0.0,42.0,0.0,13426.0,58.6,10.12667110305036,8.699681400989512,9.505022884072707,0.23999040038398464,808.1999999999999,0,0,F,F1,RENT,Verified,debt_consolidation
30000.0,16.59,36.0,10.0,60000.0,10.18,0.0,6.0,0.0,136.0,1.8,11.002116507732017,10.308985993422082,4.919980925828125,0.49999166680555324,597.24,0,0,D,D2,MORTGAGE,Source Verified,home_improvement
30000.0,9.76,60.0,2.0,63000.0,8.02,0.0,6.0,0.0,33500.0,31.5,11.050905878263567,10.308985993422082,10.419330568113901,0.4761829177314646,585.6,0,0,B,B3,RENT,Source Verified,credit_card
6000.0,11.99,36.0,10.0,50000.0,34.59,0.0,8.0,0.0,7732.0,57.7,10.819798284210286,8.699681400989512,8.953252164609035,0.11999760004799905,431.64,0,0,C,C1,MORTGAGE,Verified,debt_consolidation
18000.0,11.48,36.0,5.0,45000.0,20.48,0.0,13.0,0.0,12703.0,48.7,10.714439990727769,9.798182590890704,9.449672183486916,0.39999111130863757,413.28000000000003,0,0,B,B5,MORTGAGE,Source Verified,credit_card
7000.0,7.91,36.0,0.0,26000.0,12.51,0.0,5.0,0.0,7483.0,66.8,10.165890277802454,8.853808274977197,8.92052268739398,0.26922041459943846,284.76,0,0,A,A5,RENT,Verified,debt_consolidation
8000.0,7.91,36.0,10.0,40000.0,21.45,0.0,8.0,0.0,7716.0,38.0,10.596659732783579,8.987321812850123,8.951180966457603,0.19999500012499688,284.76,0,0,A,A5,MORTGAGE,Not Verified,debt_consolidation
7000.0,9.17,36.0,5.0,75000.0,6.64,0.0,9.0,0.0,10427.0,75.0,11.225256725762893,8.853808274977197,9.252249775053391,0.09333208890548127,330.12,0,0,B,B2,RENT,Source Verified,debt_consolidation
25000.0,11.99,36.0,7.0,140000.0,10.79,0.0,10.0,0.0,9168.0,48.0,11.849404844423074,10.12667110305036,9.1235835080499,0.17857015307033522,431.64,0,0,C,C1,OWN,Not Verified,debt_consolidation
6000.0,9.8,36.0,4.0,85140.0,14.42,0.0,11.0,0.0,11210.0,57.5,11.35206398467375,8.699681400989512,9.324650718153594,0.0704713357841698,352.8,0,0,B,B3,MORTGAGE,Not Verified,debt_consolidation
12000.0,9.8,36.0,5.0,43000.0,18.28,0.0,14.0,0.0,13131.0,45.4,10.668978650219241,9.392745258631441,9.482807278621483,0.2790632775981954,352.8,0,0,B,B3,RENT,Source Verified,debt_consolidation
16000.0,5.32,36.0,1.0,115000.0,12.26,0.0,16.0,0.0,421.0,0.7,11.652696102959753,9.680406499268875,6.045005314036011,0.1391292249632612,191.52,0,0,A,A1,RENT,Not Verified,credit_card
15600.0,9.8,36.0,5.0,47000.0,3.52,0.0,8.0,1.0,9453.0,27.0,10.757924157061597,9.655090293747248,9.154193211353181,0.33190783174826066,352.8,0,1,B,B3,RENT,Source Verified,credit_card
6475.0,17.97,36.0,10.0,46000.0,26.91,0.0,19.0,0.0,55449.0,70.1,10.736418414365374,8.775858314797526,10.923236992778513,0.14075780961283452,646.92,0,0,D,D4,MORTGAGE,Not Verified,house
13650.0,18.49,60.0,1.0,144000.0,5.73,0.0,8.0,1.0,9048.0,54.0,11.87757552297847,9.521568058002977,9.110409533351133,0.09479100839577503,1109.3999999999999,0,1,D,D5,MORTGAGE,Source Verified,small_business
4925.0,23.99,36.0,6.0,71200.0,17.79,0.0,11.0,2.0,2347.0,17.1,11.173262142245258,8.502282578680482,7.761319180947987,0.06917037682055027,863.64,0,1,F,F3,RENT,Verified,small_business
5000.0,8.49,36.0,6.0,183000.0,2.53,1.0,11.0,3.0,2342.0,21.7,12.117246896289501,8.517393171418904,7.759187438507795,0.02732225506964443,305.64,1,1,B,B1,RENT,Not Verified,debt_consolidation
8000.0,7.89,36.0,4.0,67600.0,16.62,0.0,8.0,0.0,9136.0,45.2,11.121378054821049,8.987321812850123,9.120087382998621,0.1183414446531856,284.03999999999996,0,0,A,A5,RENT,Verified,credit_card
10000.0,8.49,36.0,2.0,169000.0,10.14,0.0,10.0,1.0,8386.0,51.4,12.037659911047466,9.210440366976515,9.034438166984412,0.0591712475074112,305.64,0,1,B,B1,MORTGAGE,Source Verified,debt_consolidation
12000.0,13.44,60.0,1.0,70000.0,18.4,0.0,10.0,0.0,11457.0,88.1,11.156264806643742,9.392745258631441,9.346443454968522,0.17142612248396452,806.4,0,0,C,C3,RENT,Source Verified,debt_consolidation
5600.0,13.44,36.0,10.0,50000.0,28.73,0.0,11.0,3.0,5967.0,29.2,10.819798284210286,8.630700432209832,8.694167141883597,0.11199776004479911,483.84,0,1,C,C3,RENT,Source Verified,debt_consolidation
16800.0,7.91,36.0,10.0,140000.0,10.57,0.0,7.0,0.0,25271.0,89.9,11.849404844423074,9.729193687429403,10.137452342481922,0.11999914286326527,284.76,0,0,A,A5,RENT,Verified,credit_card
19275.0,11.99,36.0,10.0,66685.0,29.62,0.0,13.0,0.0,22728.0,84.5,11.107750314820192,9.866616077760224,10.031396921158159,0.2890411780583631,431.64,0,0,C,C1,MORTGAGE,Source Verified,debt_consolidation
10000.0,13.99,36.0,10.0,35000.0,29.01,0.0,7.0,0.0,3675.0,64.5,10.463131911491967,9.210440366976515,8.209580483475577,0.2857061226822091,503.64,0,0,C,C4,RENT,Source Verified,credit_card
9000.0,15.77,36.0,0.0,25000.0,28.13,0.0,12.0,0.0,14563.0,69.7,10.12667110305036,9.105090961257085,9.586308009295324,0.35998560057597695,567.72,0,0,D,D1,RENT,Not Verified,debt_consolidation
20000.0,10.78,36.0,10.0,43680.0,18.74,0.0,9.0,0.0,21217.0,82.9,10.684668503929622,9.903537551286169,9.962605157019217,0.45786497561869005,388.08,0,0,B,B4,RENT,Verified,debt_consolidation
5000.0,13.18,36.0,10.0,64000.0,6.79,0.0,17.0,1.0,4866.0,19.3,11.06665398721974,8.517393171418904,8.490233009833455,0.07812377931594819,474.48,0,1,C,C3,RENT,Verified,credit_card
5000.0,8.49,36.0,,25000.0,13.63,0.0,17.0,1.0,7259.0,20.1,10.12667110305036,8.517393171418904,8.89013510781884,0.1999920003199872,305.64,0,1,B,B1,OWN,Not Verified,debt_consolidation
13200.0,22.45,36.0,3.0,41300.0,30.08,0.0,12.0,0.0,8007.0,70.2,10.628641991731053,9.488047863280759,8.988196320995057,0.31960485218275586,808.1999999999999,0,0,F,F1,RENT,Verified,small_business
5925.0,8.49,36.0,10.0,47000.0,17.9,0.0,9.0,0.0,8203.0,72.6,10.757924157061597,8.68710472813351,9.012377119192271,0.1260611476351567,305.64,0,0,B,B1,OWN,Verified,moving
8000.0,9.8,36.0,4.0,31000.0,11.03,0.0,9.0,0.0,6977.0,45.6,10.34177474101152,8.987321812850123,8.85051762174672,0.25805619173575045,352.8,0,0,B,B3,MORTGAGE,Verified,credit_card
21000.0,15.41,60.0,3.0,80100.0,35.49,1.0,13.0,0.0,35942.0,67.7,11.291043617373028,9.952325334619427,10.489689629308009,0.2621690116228262,924.6,1,0,D,D1,RENT,Verified,debt_consolidation
13500.0,6.49,36.0,0.0,105000.0,13.27,0.0,6.0,0.0,5269.0,20.3,11.561725152903833,9.510519035757246,8.569785641535407,0.12857020409329434,233.64000000000001,0,0,A,A2,RENT,Source Verified,debt_consolidation
25000.0,11.99,60.0,2.0,90000.0,37.0,0.0,11.0,0.0,37612.0,85.7,11.407576060361786,10.12667110305036,10.535105014302918,0.27777469139231786,719.4,0,0,C,C1,RENT,Not Verified,credit_card
8000.0,9.76,36.0,2.0,65000.0,30.32,0.0,11.0,0.0,8832.0,89.2,11.082157933374816,8.987321812850123,9.086249986745132,0.123075029614929,351.36,0,0,B,B3,RENT,Verified,credit_card
5000.0,10.64,36.0,10.0,30000.0,24.0,3.0,8.0,0.0,4557.0,29.2,10.308985993422082,8.517393171418904,8.42463920980563,0.16666111129629013,383.04,1,0,B,B4,RENT,Verified,credit_card
18475.0,18.99,36.0,5.0,70000.0,27.9,0.0,31.0,0.0,35716.0,55.3,11.156264806643742,9.824227871550496,10.483382044901216,0.26392480107427035,683.64,0,0,E,E3,MORTGAGE,Source Verified,debt_consolidation
9350.0,15.77,36.0,0.0,50000.0,14.74,2.0,6.0,1.0,3216.0,61.0,10.819798284210286,9.143238568435446,8.076204527239026,0.1869962600747985,567.72,1,1,D,D1,RENT,Not Verified,debt_consolidation
10000.0,11.99,36.0,8.0,47000.0,17.31,0.0,13.0,0.0,10022.0,33.7,10.757924157061597,9.210440366976515,9.212637731024866,0.2127614306078594,431.64,0,0,C,C1,MORTGAGE,Verified,debt_consolidation
5950.0,11.48,36.0,10.0,100000.0,9.67,0.0,8.0,0.0,50443.0,80.0,11.51293546492023,8.691314551644851,10.828619089075765,0.05949940500594994,413.28000000000003,0,0,B,B5,MORTGAGE,Verified,debt_consolidation
19200.0,12.59,60.0,10.0,79000.0,17.58,0.0,9.0,0.0,13441.0,56.0,11.277215789596891,9.862717639992916,9.506139412529912,0.24303489829242667,755.4,0,0,C,C2,MORTGAGE,Not Verified,debt_consolidation
8000.0,10.64,36.0,8.0,80000.0,21.2,0.0,15.0,0.0,23840.0,53.8,11.289794413577894,8.987321812850123,10.079162066608289,0.0999987500156248,383.04,0,0,B,B4,MORTGAGE,Source Verified,credit_card
4375.0,15.77,36.0,5.0,25000.0,26.88,0.0,9.0,0.0,4612.0,30.7,10.12667110305036,8.383890344101816,8.43663368355782,0.1749930002799888,567.72,0,0,D,D1,RENT,Source Verified,debt_consolidation
9000.0,7.89,36.0,0.0,150000.0,8.2,0.0,7.0,0.0,21340.0,49.1,11.918397239722838,9.105090961257085,9.96838538411397,0.05999960000266665,284.03999999999996,0,0,A,A5,OWN,Source Verified,car
7000.0,12.59,36.0,10.0,43900.0,13.59,0.0,5.0,0.0,9211.0,79.4,10.689692377847104,8.853808274977197,9.128262260940575,0.15944967085032233,453.24,0,0,C,C2,MORTGAGE,Source Verified,credit_card
10650.0,15.77,36.0,0.0,33000.0,31.89,0.0,7.0,0.0,9538.0,71.2,10.404293143019792,9.273409063443165,9.163143937145207,0.3227174934092906,567.72,0,0,D,D1,OWN,Verified,debt_consolidation
11425.0,16.99,36.0,3.0,35000.0,28.77,0.0,8.0,0.0,9468.0,59.5,10.463131911491967,9.343646739284408,9.1557785839835,0.3264192451644239,611.64,0,0,D,D3,MORTGAGE,Source Verified,debt_consolidation
6000.0,7.89,36.0,9.0,86000.0,17.76,0.0,16.0,0.0,2802.0,4.9,11.362114203075018,8.699681400989512,7.938445551164788,0.06976663062057419,284.03999999999996,0,0,A,A5,MORTGAGE,Source Verified,debt_consolidation
30000.0,11.99,36.0,1.0,95000.0,17.03,0.0,11.0,0.0,20034.0,81.4,11.461642696843066,10.308985993422082,9.905236023070245,0.3157861496194777,431.64,0,0,C,C1,RENT,Source Verified,debt_consolidation
13600.0,25.09,60.0,3.0,40000.0,28.35,0.0,9.0,0.0,18799.0,81.7,10.596659732783579,9.517898598432753,9.84161214881804,0.3399915002124947,1505.4,0,0,F,F4,RENT,Verified,debt_consolidation
9000.0,12.59,36.0,0.0,28000.0,13.46,0.0,7.0,0.0,8482.0,67.9,10.239995502805314,9.105090961257085,9.045819439807735,0.32141709224670545,453.24,0,0,C,C2,OWN,Verified,credit_card
24000.0,7.91,36.0,4.0,109000.0,7.76,0.0,17.0,0.0,2554.0,3.1,11.599112335481124,10.085850775128717,7.845807502637805,0.2201814662250805,284.76,0,0,A,A5,RENT,Not Verified,other
13000.0,8.49,36.0,3.0,70000.0,21.21,2.0,21.0,0.0,32445.0,75.8,11.156264806643742,9.472781556562168,10.387332447970344,0.18571163269096155,305.64,1,0,B,B1,MORTGAGE,Not Verified,debt_consolidation
20000.0,16.99,60.0,10.0,75000.0,35.92,0.0,40.0,0.0,30616.0,48.1,11.225256725762893,9.903537551286169,10.329310689232171,0.2666631111585179,1019.3999999999999,0,0,D,D3,RENT,Source Verified,debt_consolidation
25000.0,5.32,36.0,7.0,195000.0,14.56,1.0,9.0,0.0,27844.0,71.9,12.180759965737863,10.12667110305036,10.234408696023769,0.12820447074630387,191.52,1,0,A,A1,MORTGAGE,Not Verified,debt_consolidation
8000.0,8.38,36.0,10.0,131000.0,14.06,0.0,10.0,0.0,15192.0,87.3,11.782960235741939,8.987321812850123,9.628590074443766,0.06106823612033496,301.68,0,0,B,B1,RENT,Source Verified,debt_consolidation
22400.0,14.85,60.0,10.0,70000.0,18.69,0.0,10.0,0.0,15292.0,69.8,11.156264806643742,10.016860879703811,9.635150486348124,0.31999542863673375,891.0,0,0,C,C5,RENT,Verified,credit_card
20000.0,11.48,36.0,10.0,55000.0,19.88,0.0,10.0,0.0,17938.0,87.5,10.915106645867501,9.903537551286169,9.79473239269909,0.3636297521863239,413.28000000000003,0,0,B,B5,RENT,Verified,credit_card
9000.0,9.76,36.0,10.0,39000.0,20.92,0.0,7.0,0.0,382.0,2.0,10.571342565808699,9.105090961257085,5.948034989180646,0.2307633137611856,351.36,0,0,B,B3,OWN,Not Verified,credit_card
34000.0,9.17,36.0,10.0,157000.0,12.0,1.0,11.0,0.0,25873.0,35.7,11.964007453736912,10.434145214930487,10.160993882477847,0.21655913019662296,330.12,1,0,B,B2,OWN,Source Verified,debt_consolidation
18000.0,19.89,60.0,0.0,55000.0,24.53,0.0,17.0,0.0,2452.0,16.9,10.915106645867501,9.798182590890704,7.805067044258489,0.3272667769676915,1193.4,0,0,E,E3,RENT,Not Verified,major_purchase
30000.0,11.48,60.0,0.0,70000.0,22.22,0.0,19.0,0.0,28042.0,33.5,11.156264806643742,10.308985993422082,10.241494325439769,0.4285653062099113,688.8000000000001,0,0,B,B5,MORTGAGE,Source Verified,debt_consolidation
13750.0,23.13,60.0,10.0,81600.0,13.87,1.0,15.0,1.0,11505.0,41.0,11.309596795779068,9.528866827722945,9.350623917423238,0.16850283697503707,1387.8,1,1,F,F2,MORTGAGE,Verified,debt_consolidation
8000.0,11.48,36.0,5.0,125000.0,9.37,0.0,17.0,1.0,26411.0,57.7,11.736077016252437,8.987321812850123,10.181573731314462,0.06399948800409597,413.28000000000003,0,1,B,B5,MORTGAGE,Not Verified,home_improvement
2000.0,11.99,36.0,10.0,47000.0,10.32,0.0,4.0,0.0,6727.0,67.3,10.757924157061597,7.601402334583733,8.814033201652784,0.04255228612157188,431.64,0,0,C,C1,RENT,Verified,medical
20000.0,18.49,60.0,0.0,80000.0,17.53,0.0,9.0,1.0,11329.0,80.9,11.289794413577894,9.903537551286169,9.335209354022052,0.249996875039062,1109.3999999999999,0,1,D,D5,MORTGAGE,Source Verified,credit_card
5000.0,14.48,36.0,10.0,50000.0,34.37,2.0,19.0,0.0,7384.0,42.4,10.819798284210286,8.517393171418904,8.90720619496548,0.0999980000399992,521.28,1,0,C,C5,MORTGAGE,Verified,debt_consolidation
4200.0,7.49,36.0,10.0,90000.0,24.85,0.0,15.0,0.0,15478.0,33.5,11.407576060361786,8.343077871169381,9.647239545573877,0.046666148153909404,269.64,0,0,A,A4,MORTGAGE,Source Verified,credit_card
10400.0,7.91,36.0,8.0,35620.0,21.46,0.0,5.0,0.0,19133.0,75.0,10.480690630565247,9.249657234353133,9.859222136238113,0.291962606327728,284.76,0,0,A,A5,RENT,Verified,debt_consolidation
9000.0,9.8,36.0,10.0,74000.0,6.91,0.0,6.0,0.0,6415.0,86.7,11.211833885608513,9.105090961257085,8.766550149546351,0.12161997810840394,352.8,0,0,B,B3,MORTGAGE,Not Verified,credit_card
10000.0,5.32,36.0,8.0,72000.0,16.42,0.0,13.0,0.0,31789.0,59.5,11.184435286790631,9.210440366976515,10.366907053904848,0.1388869599033347,191.52,0,0,A,A1,RENT,Source Verified,debt_consolidation
9600.0,8.38,36.0,4.0,54000.0,23.09,0.0,13.0,0.0,21361.0,60.9,10.896757843893464,9.169622538697624,9.969368921649641,0.177774485657673,301.68,0,0,B,B1,MORTGAGE,Not Verified,credit_card
3400.0,12.88,36.0,6.0,54800.0,12.11,0.0,8.0,0.0,8371.0,62.5,10.911463720944793,8.131824785007195,9.03264808356589,0.06204266345504644,463.68,0,0,C,C2,MORTGAGE,Source Verified,debt_consolidation
20000.0,13.67,36.0,9.0,95000.0,25.69,0.0,16.0,0.0,36994.0,86.2,11.461642696843066,9.903537551286169,10.518538047359652,0.21052409974631847,492.12,0,0,C,C4,RENT,Not Verified,debt_consolidation
8000.0,9.8,36.0,5.0,65000.0,34.98,2.0,28.0,0.0,35481.0,62.0,11.082157933374816,8.987321812850123,10.476780804620594,0.123075029614929,352.8,1,0,B,B3,OWN,Not Verified,home_improvement
20000.0,15.77,36.0,10.0,68000.0,35.51,0.0,11.0,1.0,16087.0,71.2,11.127277689932466,9.903537551286169,9.685828931452487,0.2941133218629138,567.72,0,1,D,D1,MORTGAGE,Not Verified,credit_card
22800.0,23.13,60.0,10.0,60000.0,8.5,0.0,7.0,0.0,15106.0,53.8,11.002116507732017,10.034559673629849,9.622913491543725,0.37999366677222046,1387.8,0,0,F,F2,OWN,Source Verified,home_improvement
2000.0,13.44,36.0,0.0,33000.0,38.33,0.0,10.0,0.0,5499.0,37.2,10.404293143019792,7.601402334583733,8.612503371220562,0.06060422411442078,483.84,0,0,C,C3,OWN,Source Verified,debt_consolidation
5000.0,19.48,36.0,2.0,24000.0,13.2,0.0,6.0,0.0,4619.0,90.6,10.085850775128717,8.517393171418904,8.438149984075784,0.20832465313945253,701.28,0,0,E,E2,OWN,Verified,vacation
10000.0,12.88,60.0,10.0,33000.0,23.23,1.0,8.0,0.0,13034.0,48.8,10.404293143019792,9.210440366976515,9.475393326367602,0.3030211205721039,772.8000000000001,1,0,C,C2,RENT,Not Verified,credit_card
4800.0,13.18,36.0,10.0,50000.0,20.36,0.0,9.0,0.0,12216.0,56.8,10.819798284210286,8.47657950853094,9.41058370340406,0.09599808003839923,474.48,0,0,C,C3,MORTGAGE,Verified,debt_consolidation
8500.0,9.17,36.0,1.0,35500.0,5.88,0.0,5.0,0.0,6022.0,38.4,10.477316144080852,9.047939082617358,8.70334075304372,0.23942987521478268,330.12,0,0,B,B2,OWN,Not Verified,credit_card
10000.0,11.48,36.0,3.0,72000.0,22.83,0.0,19.0,0.0,6209.0,16.0,11.184435286790631,9.210440366976515,8.733916174927524,0.1388869599033347,413.28000000000003,0,0,B,B5,RENT,Verified,debt_consolidation
10000.0,14.85,36.0,9.0,54000.0,8.49,0.0,10.0,1.0,10909.0,67.0,10.896757843893464,9.210440366976515,9.297435078827116,0.18518175589340938,534.6,0,1,C,C5,MORTGAGE,Verified,debt_consolidation
12000.0,5.32,36.0,0.0,135000.0,13.35,0.0,27.0,0.0,10085.0,17.6,11.813037464800539,9.392745258631441,9.21890360263667,0.08888823045755216,191.52,0,0,A,A1,RENT,Not Verified,debt_consolidation
6000.0,11.99,36.0,6.0,80000.0,22.5,2.0,13.0,0.0,8089.0,28.7,11.289794413577894,8.699681400989512,8.998384010052536,0.0749990625117186,431.64,1,0,C,C1,MORTGAGE,Source Verified,debt_consolidation
21600.0,13.99,36.0,10.0,60000.0,20.68,0.0,6.0,0.0,27188.0,99.2,11.002116507732017,9.980494888896912,10.210567758722892,0.3599940000999983,503.64,0,0,C,C4,RENT,Verified,debt_consolidation
10375.0,16.59,36.0,5.0,55000.0,14.06,0.0,8.0,0.0,4972.0,22.5,10.915106645867501,9.24725072599628,8.511778558714738,0.1886329339466555,597.24,0,0,D,D2,RENT,Not Verified,car
2100.0,10.78,36.0,10.0,28000.0,21.13,0.0,9.0,0.0,7897.0,59.8,10.239995502805314,7.650168700845001,8.974364841846594,0.07499732152423128,388.08,0,0,B,B4,MORTGAGE,Verified,debt_consolidation
14225.0,15.77,60.0,5.0,68000.0,11.33,0.0,7.0,0.0,1122.0,25.0,11.127277689932466,9.56282655529346,7.023758954738443,0.20918810017499742,946.1999999999999,0,0,D,D1,MORTGAGE,Verified,home_improvement
35000.0,9.17,36.0,6.0,105000.0,31.5,0.0,33.0,0.0,45877.0,31.0,11.561725152903833,10.463131911491967,10.733740978314072,0.33333015876039274,330.12,0,0,B,B2,MORTGAGE,Source Verified,credit_card
15000.0,11.99,36.0,10.0,69000.0,25.86,1.0,15.0,0.0,15259.0,66.3,11.141876276228,9.61587214452889,9.632990304838447,0.21738815379487253,431.64,1,0,C,C1,MORTGAGE,Source Verified,debt_consolidation
20000.0,7.49,36.0,4.0,47000.0,30.5,0.0,17.0,0.0,20179.0,54.5,10.757924157061597,9.903537551286169,9.912447293907599,0.4255228612157188,269.64,0,0,A,A4,OWN,Not Verified,debt_consolidation
2100.0,10.64,36.0,10.0,68000.0,7.94,0.0,2.0,0.0,960.0,27.4,11.127277689932466,7.650168700845001,6.8679744089702925,0.030881898795605947,383.04,0,0,B,B4,MORTGAGE,Source Verified,major_purchase
1450.0,9.17,36.0,2.0,35000.0,18.59,0.0,6.0,0.0,6916.0,69.2,10.463131911491967,7.280008252884188,8.841737428600585,0.041427387788920314,330.12,0,0,B,B2,MORTGAGE,Source Verified,home_improvement
23000.0,9.17,36.0,3.0,84000.0,11.8,1.0,9.0,0.0,29691.0,77.1,11.338583982516495,10.043292972227004,10.298632928237437,0.27380626421114035,330.12,1,0,B,B2,RENT,Source Verified,credit_card
35000.0,8.49,36.0,4.0,150000.0,18.88,0.0,11.0,0.0,75272.0,77.3,11.918397239722838,10.463131911491967,11.228876783750868,0.2333317777881481,305.64,0,0,B,B1,MORTGAGE,Not Verified,debt_consolidation
24000.0,22.45,60.0,1.0,110000.0,29.21,5.0,10.0,0.0,7851.0,77.0,11.608244735642321,10.085850775128717,8.968523555396352,0.2181798347287752,1347.0,1,0,F,F1,MORTGAGE,Source Verified,credit_card
20225.0,13.67,60.0,10.0,85000.0,7.06,0.0,14.0,1.0,15553.0,58.3,11.350418300109132,9.914724184462115,9.652073119254888,0.2379383771955624,820.2,0,1,C,C4,MORTGAGE,Not Verified,credit_card
3500.0,9.76,36.0,2.0,40000.0,16.74,0.0,5.0,0.0,2397.0,70.5,10.596659732783579,8.160803920954665,7.7823903355874595,0.08749781255468614,351.36,0,0,B,B3,RENT,Source Verified,debt_consolidation
25000.0,9.8,36.0,10.0,70000.0,15.2,0.0,11.0,0.0,13472.0,26.6,11.156264806643742,10.12667110305036,9.508442961755847,0.3571377551749261,352.8,0,0,B,B3,MORTGAGE,Not Verified,debt_consolidation
12000.0,5.32,36.0,0.0,110000.0,13.58,0.0,17.0,0.0,18925.0,52.4,11.608244735642321,9.392745258631441,9.848291917068178,0.1090899173643876,191.52,0,0,A,A1,RENT,Not Verified,debt_consolidation
10000.0,12.88,36.0,0.0,30000.0,27.2,0.0,4.0,0.0,17320.0,83.3,10.308985993422082,9.210440366976515,9.75967491717028,0.33332222259258026,463.68,0,0,C,C2,OWN,Verified,credit_card
10800.0,19.48,60.0,1.0,30000.0,29.96,0.0,21.0,0.0,4375.0,10.4,10.308985993422082,9.287394001418473,8.383890344101816,0.3599880003999867,1168.8,0,0,E,E2,OWN,Not Verified,debt_consolidation
10000.0,13.44,36.0,10.0,90000.0,16.28,0.0,15.0,1.0,9366.0,20.4,11.407576060361786,9.210440366976515,9.14494815320913,0.11110987655692714,483.84,0,1,C,C3,MORTGAGE,Verified,credit_card
25000.0,7.91,36.0,3.0,70000.0,29.26,0.0,18.0,0.0,25152.0,23.7,11.156264806643742,10.12667110305036,10.132732452708314,0.3571377551749261,284.76,0,0,A,A5,MORTGAGE,Not Verified,debt_consolidation
20000.0,5.32,36.0,4.0,130000.0,8.35,0.0,11.0,0.0,7941.0,11.3,11.775297421715825,9.903537551286169,8.979920411691197,0.15384497042330444,191.52,0,0,A,A1,MORTGAGE,Not Verified,debt_consolidation
30000.0,7.89,36.0,6.0,127500.0,15.24,0.0,14.0,0.0,30313.0,45.3,11.755879486687116,10.308985993422082,10.319364930991602,0.23529227221747281,284.03999999999996,0,0,A,A5,RENT,Verified,debt_consolidation
5000.0,11.22,36.0,9.0,100000.0,5.02,0.0,6.0,0.0,2930.0,83.7,11.51293546492023,8.517393171418904,7.983098940710892,0.04999950000499995,403.92,0,0,B,B5,RENT,Verified,other
10000.0,7.49,36.0,5.0,120000.0,18.63,0.0,21.0,0.0,17092.0,47.2,11.695255355062795,9.210440366976515,9.746424301956267,0.08333263889467588,269.64,0,0,A,A4,MORTGAGE,Source Verified,home_improvement
10000.0,14.85,60.0,2.0,125000.0,9.33,1.0,18.0,0.0,29651.0,49.7,11.736077016252437,9.210440366976515,10.29728485577661,0.07999936000511997,891.0,1,0,C,C5,MORTGAGE,Not Verified,debt_consolidation
12000.0,9.17,36.0,2.0,200000.0,8.3,1.0,13.0,0.0,37175.0,50.9,12.206077645517674,9.392745258631441,10.523418670764814,0.05999970000149999,330.12,1,0,B,B2,OWN,Source Verified,debt_consolidation
8000.0,8.49,36.0,3.0,75000.0,15.71,0.0,9.0,0.0,6377.0,60.2,11.225256725762893,8.987321812850123,8.760609847570002,0.10666524446340715,305.64,0,0,B,B1,RENT,Source Verified,debt_consolidation
15200.0,9.17,36.0,10.0,136000.0,9.35,0.0,11.0,0.0,54319.0,67.0,11.820417517632333,9.62911649414402,10.902647762232577,0.11176388408908758,330.12,0,0,B,B2,RENT,Verified,credit_card
15000.0,9.8,60.0,6.0,56000.0,24.92,0.0,23.0,0.0,15733.0,23.9,10.933124826700706,9.61587214452889,9.663579254889187,0.2678523597792897,588.0,0,0,B,B3,MORTGAGE,Not Verified,credit_card
10000.0,9.17,36.0,7.0,30000.0,11.2,0.0,8.0,0.0,9531.0,51.5,10.308985993422082,9.210440366976515,9.162409838218633,0.33332222259258026,330.12,0,0,B,B2,RENT,Not Verified,debt_consolidation
7000.0,11.99,36.0,8.0,51000.0,3.39,0.0,22.0,3.0,4614.0,65.0,10.839600519357369,8.853808274977197,8.437067146936952,0.13725221074096586,431.64,0,1,C,C1,RENT,Not Verified,credit_card
15000.0,15.77,36.0,10.0,80350.0,26.88,0.0,23.0,0.0,6033.0,17.1,11.29415981663893,9.61587214452889,8.705165419719005,0.1866809373872136,567.72,0,0,D,D1,MORTGAGE,Not Verified,debt_consolidation
15000.0,8.49,36.0,5.0,45000.0,7.17,0.0,4.0,0.0,12173.0,24.3,10.714439990727769,9.61587214452889,9.40705780905387,0.3333259260905313,305.64,0,0,B,B1,RENT,Not Verified,credit_card
6000.0,9.17,36.0,10.0,74000.0,9.0,0.0,9.0,0.0,7613.0,30.2,11.211833885608513,8.699681400989512,8.937743936942443,0.08107998540560263,330.12,0,0,B,B2,RENT,Not Verified,debt_consolidation
9000.0,13.67,36.0,1.0,25000.0,24.87,0.0,10.0,0.0,5276.0,31.2,10.12667110305036,9.105090961257085,8.571113033405668,0.35998560057597695,492.12,0,0,C,C4,RENT,Source Verified,other
2000.0,9.17,36.0,2.0,80000.0,1.13,1.0,8.0,0.0,1120.0,12.9,11.289794413577894,7.601402334583733,7.02197642307216,0.0249996875039062,330.12,1,0,B,B2,MORTGAGE,Not Verified,debt_consolidation
18000.0,11.99,60.0,2.0,120000.0,19.46,0.0,12.0,1.0,12040.0,75.2,11.695255355062795,9.798182590890704,9.396072771892218,0.14999875001041657,719.4,0,1,C,C1,MORTGAGE,Not Verified,credit_card
10000.0,19.99,60.0,10.0,92000.0,1.81,0.0,4.0,0.0,7579.0,46.8,11.42955472553732,9.210440366976515,8.933268478636418,0.10869447071227487,1199.3999999999999,0,0,E,E4,MORTGAGE,Not Verified,debt_consolidation
20000.0,16.59,36.0,5.0,115000.0,14.35,0.0,15.0,0.0,17388.0,85.2,11.652696102959753,9.903537551286169,9.76359310138207,0.17391153120407649,597.24,0,0,D,D2,MORTGAGE,Source Verified,debt_consolidation
15000.0,12.59,36.0,10.0,75000.0,12.85,0.0,12.0,0.0,7824.0,49.5,11.225256725762893,9.61587214452889,8.965079015408353,0.19999733336888842,453.24,0,0,C,C2,MORTGAGE,Source Verified,debt_consolidation
20000.0,9.17,36.0,2.0,95750.0,19.14,1.0,11.0,0.0,5248.0,27.9,11.469506350852585,9.903537551286169,8.5657928612523,0.20887510313208218,330.12,1,0,B,B2,RENT,Source Verified,debt_consolidation
19800.0,13.99,36.0,3.0,110000.0,8.35,1.0,11.0,0.0,2926.0,16.0,11.608244735642321,9.893487720457793,7.9817332866918855,0.17999836365123953,503.64,1,0,C,C4,MORTGAGE,Not Verified,home_improvement
1600.0,7.91,36.0,10.0,76500.0,16.42,0.0,6.0,0.0,722.0,7.1,11.245059091624615,7.3783837129967145,6.583409222158765,0.020914759284192362,284.76,0,0,A,A5,MORTGAGE,Not Verified,credit_card
8000.0,7.89,36.0,10.0,71000.0,31.47,0.0,21.0,0.0,50391.0,68.6,11.170449240431308,8.987321812850123,10.827587711301765,0.11267446937367079,284.03999999999996,0,0,A,A5,MORTGAGE,Not Verified,debt_consolidation
13000.0,5.32,36.0,4.0,86000.0,18.53,0.0,16.0,0.0,3536.0,4.2,11.362114203075018,9.472781556562168,8.17103418920548,0.15116103301124406,191.52,0,0,A,A1,RENT,Not Verified,debt_consolidation
8500.0,8.38,36.0,1.0,73000.0,12.43,0.0,5.0,0.0,8165.0,96.1,11.19822841866684,9.047939082617358,9.007734471879521,0.11643676114025835,301.68,0,0,B,B1,MORTGAGE,Source Verified,debt_consolidation
7600.0,18.99,36.0,3.0,59500.0,18.76,0.0,13.0,0.0,4344.0,49.9,10.993748398115178,8.936035096566041,8.376781037699493,0.1277289457320045,683.64,0,0,E,E1,RENT,Verified,moving
3600.0,18.99,36.0,10.0,40000.0,12.54,1.0,12.0,1.0,4657.0,72.8,10.596659732783579,8.188966863648876,8.446341450444287,0.08999775005624859,683.64,1,1,E,E3,RENT,Verified,house
12000.0,15.77,60.0,10.0,33500.0,6.06,0.0,5.0,1.0,6409.0,65.4,10.419330568113901,9.392745258631441,8.765614549914716,0.3581982627384257,946.1999999999999,0,1,D,D1,RENT,Verified,debt_consolidation
30000.0,19.89,60.0,10.0,70000.0,19.89,0.0,19.0,0.0,26699.0,40.1,11.156264806643742,10.308985993422082,10.19241884438834,0.4285653062099113,1193.4,0,0,E,E3,MORTGAGE,Source Verified,debt_consolidation
29500.0,10.64,60.0,5.0,125000.0,17.56,0.0,10.0,0.0,24706.0,47.0,11.736077016252437,10.292179440058462,10.11484188327536,0.23599811201510387,638.4000000000001,0,0,B,B4,RENT,Not Verified,credit_card
10000.0,11.99,36.0,10.0,50000.0,15.05,0.0,5.0,0.0,8799.0,98.9,10.819798284210286,9.210440366976515,9.082507000466297,0.1999960000799984,431.64,0,0,C,C1,MORTGAGE,Not Verified,debt_consolidation
13500.0,13.67,60.0,3.0,56000.0,16.4,0.0,9.0,0.0,12755.0,82.8,10.933124826700706,9.510519035757246,9.453757028129948,0.2410671238013607,820.2,0,0,C,C4,MORTGAGE,Verified,debt_consolidation
20700.0,7.26,36.0,1.0,100000.0,13.39,0.0,14.0,0.0,32012.0,50.5,11.51293546492023,9.937937287265353,10.373897349284674,0.2069979300206998,261.36,0,0,A,A4,MORTGAGE,Source Verified,debt_consolidation
35000.0,9.17,36.0,10.0,127000.0,15.95,0.0,18.0,0.0,72298.0,78.1,11.751950239425476,10.463131911491967,11.18856557679256,0.2755883811938489,330.12,0,0,B,B2,MORTGAGE,Source Verified,credit_card
10000.0,6.99,36.0,10.0,104000.0,25.31,0.0,13.0,0.0,20151.0,54.8,11.552155793461898,9.210440366976515,9.911058818032446,0.09615292160652301,251.64000000000001,0,0,A,A3,RENT,Not Verified,credit_card
20000.0,16.59,60.0,10.0,50000.0,28.18,0.0,12.0,0.0,24101.0,87.0,10.819798284210286,9.903537551286169,10.090050103587338,0.3999920001599968,995.4,0,0,D,D2,RENT,Source Verified,debt_consolidation
22100.0,23.13,60.0,10.0,65000.0,3.42,0.0,6.0,1.0,8841.0,50.2,11.082157933374816,10.003378135350923,9.087268374386188,0.33999476931124134,1387.8,0,1,F,F2,OWN,Verified,other
21600.0,14.85,60.0,10.0,78000.0,28.18,0.0,17.0,0.0,8203.0,30.4,11.264476926102367,9.980494888896912,9.012377119192271,0.27691952667273495,891.0,0,0,C,C5,MORTGAGE,Source Verified,debt_consolidation
12000.0,18.49,36.0,7.0,45000.0,29.89,0.0,15.0,1.0,9468.0,46.9,10.714439990727769,9.392745258631441,9.1557785839835,0.2666607408724251,665.64,0,1,E,E2,RENT,Verified,debt_consolidation
20000.0,16.55,60.0,8.0,65000.0,32.59,0.0,9.0,0.0,24622.0,74.6,11.082157933374816,9.903537551286169,10.111436244467795,0.3076875740373225,993.0,0,0,D,D2,RENT,Source Verified,credit_card
18000.0,9.8,36.0,0.0,110000.0,13.92,0.0,14.0,0.0,13379.0,28.3,11.608244735642321,9.798182590890704,9.501516333682218,0.1636348760465814,352.8,0,0,B,B3,RENT,Not Verified,debt_consolidation
14400.0,6.49,36.0,8.0,70000.0,16.32,0.0,21.0,0.0,14446.0,74.8,11.156264806643742,9.575052927597381,9.578242059529382,0.2057113469807574,233.64000000000001,0,0,A,A2,MORTGAGE,Not Verified,debt_consolidation
12000.0,12.88,60.0,1.0,48000.0,6.7,0.0,10.0,0.0,12828.0,38.2,10.77897712300635,9.392745258631441,9.45946351224934,0.24999479177517134,772.8000000000001,0,0,C,C2,RENT,Not Verified,debt_consolidation
30000.0,9.8,36.0,10.0,94000.0,29.41,0.0,22.0,0.0,91249.51999999856,44.4,11.451060699493427,10.308985993422082,11.920860852756938,0.3191455410048829,352.8,0,0,B,B3,MORTGAGE,Verified,debt_consolidation
26425.0,6.49,36.0,10.0,52874.0,2.81,0.0,10.0,0.0,5788.0,1.8,10.875685916348578,10.182103652974162,8.663714844079005,0.49976359338061466,233.64000000000001,0,0,A,A2,OWN,Verified,home_improvement
24000.0,11.48,60.0,4.0,53000.0,3.49,0.0,12.0,0.0,6579.0,28.6,10.87806606028079,10.085850775128717,8.791790024319363,0.452821644874625,688.8000000000001,0,0,B,B5,MORTGAGE,Not Verified,other
8000.0,12.88,36.0,3.0,43500.0,22.48,0.0,11.0,1.0,2015.0,22.1,10.68053920531829,8.987321812850123,7.608870629191259,0.18390381830302752,463.68,0,1,C,C2,RENT,Source Verified,other
21600.0,5.32,36.0,2.0,100000.0,28.13,2.0,22.0,0.0,45622.0,61.0,11.51293546492023,9.980494888896912,10.728167254307545,0.21599784002159977,191.52,1,0,A,A1,MORTGAGE,Not Verified,debt_consolidation
6750.0,16.55,36.0,10.0,100000.0,7.69,0.0,6.0,1.0,2153.0,40.7,11.51293546492023,8.81744592104187,7.675081857716334,0.06749932500674993,595.8000000000001,0,1,D,D2,RENT,Verified,debt_consolidation
1000.0,14.85,36.0,,9000.0,28.46,0.0,6.0,0.0,2069.0,16.4,9.105090961257085,6.90875477931522,7.635303886259415,0.11109876680368848,534.6,0,0,C,C5,RENT,Source Verified,other
10000.0,11.99,36.0,1.0,90000.0,25.12,1.0,9.0,2.0,22809.0,72.4,11.407576060361786,9.210440366976515,10.034954315278434,0.11110987655692714,431.64,1,1,C,C1,RENT,Not Verified,debt_consolidation
6000.0,9.17,36.0,2.0,72000.0,2.8,0.0,9.0,1.0,4752.0,9.8,11.184435286790631,8.699681400989512,8.46653127661401,0.0833321759420008,330.12,0,1,B,B2,OWN,Not Verified,credit_card
34625.0,22.99,60.0,0.0,182000.0,25.54,0.0,27.0,0.0,62033.0,83.0,12.111767460549332,10.452360123939021,11.035437900814747,0.19024620743842066,1379.3999999999999,0,0,F,F2,MORTGAGE,Source Verified,debt_consolidation
4000.0,9.8,36.0,9.0,80000.0,4.79,1.0,12.0,0.0,10097.0,32.7,11.289794413577894,8.294299608857235,9.22009266341886,0.0499993750078124,352.8,1,0,B,B3,RENT,Source Verified,debt_consolidation
21000.0,7.91,36.0,10.0,75000.0,38.98,0.0,13.0,0.0,22308.0,55.5,11.225256725762893,9.952325334619427,10.01274546347265,0.2799962667164438,284.76,0,0,A,A5,MORTGAGE,Not Verified,credit_card
9425.0,18.99,36.0,10.0,74796.8,23.15,0.0,8.0,2.0,2605.0,28.9,11.222543751765327,9.151227107483676,7.8655717576847906,0.12600637986678753,683.64,0,1,E,E1,RENT,Verified,debt_consolidation
11175.0,9.17,36.0,5.0,142654.66,9.3,4.0,9.0,0.0,18200.0,70.5,11.868189033386935,9.321523900936798,9.809231816610406,0.07833548279822897,330.12,1,0,B,B2,RENT,Not Verified,credit_card
5000.0,9.8,36.0,2.0,47000.0,16.47,0.0,7.0,0.0,9592.0,52.7,10.757924157061597,8.517393171418904,9.168788944817948,0.1063807153039297,352.8,0,0,B,B3,MORTGAGE,Source Verified,debt_consolidation
11000.0,6.49,36.0,10.0,85000.0,15.0,0.0,12.0,0.0,9488.0,20.1,11.350418300109132,9.305741456739435,9.157888511973757,0.12941024223244432,233.64000000000001,0,0,A,A2,MORTGAGE,Not Verified,credit_card
17375.0,17.86,60.0,7.0,48266.0,10.12,0.0,14.0,1.0,3365.0,9.5,10.784503376319144,9.762845222733661,8.121480374750751,0.3599767957403609,1071.6,0,1,D,D5,MORTGAGE,Not Verified,debt_consolidation
5000.0,8.49,36.0,,43000.0,17.25,0.0,13.0,1.0,5791.0,36.2,10.668978650219241,8.517393171418904,8.664232934065552,0.11627636566591475,305.64,0,1,B,B1,RENT,Source Verified,debt_consolidation
20000.0,12.88,36.0,10.0,145000.0,12.28,0.0,12.0,0.0,22551.0,80.2,11.884495917930654,9.903537551286169,10.023579032793949,0.13793008324080525,463.68,0,0,C,C2,MORTGAGE,Not Verified,debt_consolidation
30000.0,7.49,36.0,10.0,140000.0,15.16,0.0,12.0,0.0,40164.0,70.3,11.849404844423074,10.308985993422082,10.600751248607912,0.21428418368440225,269.64,0,0,A,A4,MORTGAGE,Source Verified,credit_card
10000.0,11.48,36.0,2.0,33000.0,21.75,0.0,12.0,1.0,8052.0,35.6,10.404293143019792,9.210440366976515,8.993799971795545,0.3030211205721039,413.28000000000003,0,1,B,B5,RENT,Not Verified,debt_consolidation
34000.0,7.89,36.0,10.0,110000.0,12.5,0.0,19.0,0.0,32352.0,31.5,11.608244735642321,10.434145214930487,10.384462031332603,0.3090880991990982,284.03999999999996,0,0,A,A5,OWN,Source Verified,debt_consolidation
18000.0,14.85,60.0,5.0,70000.0,10.85,0.0,9.0,1.0,6810.0,36.6,11.156264806643742,9.798182590890704,8.826294231241318,0.2571391837259468,891.0,0,1,C,C5,MORTGAGE,Not Verified,home_improvement
8000.0,13.44,36.0,,74000.0,6.88,0.0,16.0,1.0,897.0,2.8,11.211833885608513,8.987321812850123,6.800170068302199,0.10810664720747017,483.84,0,1,C,C3,MORTGAGE,Verified,major_purchase
6000.0,5.32,36.0,8.0,75000.0,17.08,0.0,27.0,0.0,9698.0,11.7,11.225256725762893,8.699681400989512,9.179778066393542,0.07999893334755537,191.52,0,0,A,A1,MORTGAGE,Not Verified,debt_consolidation
15000.0,17.57,60.0,,37000.0,33.12,0.0,17.0,0.0,4572.0,25.7,10.518700218288165,9.61587214452889,8.427924723658055,0.40539444879868114,1054.2,0,0,D,D4,RENT,Verified,debt_consolidation
15000.0,8.38,36.0,10.0,250000.0,11.24,0.0,16.0,0.0,55606.0,91.0,12.676079399771027,9.61587214452889,10.926064371594599,0.04687485351608276,301.68,0,0,B,B1,MORTGAGE,Source Verified,debt_consolidation
10500.0,18.49,60.0,8.0,47000.0,29.55,0.0,10.0,0.0,7634.0,68.8,10.757924157061597,9.259225769705994,8.940498217652733,0.22339950213825238,1109.3999999999999,0,0,D,D5,MORTGAGE,Not Verified,debt_consolidation
18000.0,9.8,36.0,10.0,250000.0,14.24,0.0,14.0,6.0,9705.0,78.3,12.429220196836383,9.798182590890704,9.18049952996516,0.07199971200115199,352.8,0,1,B,B3,MORTGAGE,Verified,debt_consolidation
7000.0,9.8,36.0,,20890.8,9.32,0.0,11.0,0.0,8923.0,28.1,9.947112016468054,8.853808274977197,9.096499555552423,0.33505968849022105,352.8,0,0,B,B3,OWN,Verified,moving
10000.0,12.88,36.0,5.0,40000.0,12.6,0.0,10.0,0.0,11850.0,81.7,10.596659732783579,9.210440366976515,9.380167531188448,0.2499937501562461,463.68,0,0,C,C2,RENT,Verified,debt_consolidation
5000.0,9.17,36.0,3.0,113000.0,26.45,1.0,12.0,0.0,45576.0,72.2,11.635151947212842,8.517393171418904,10.727158482292175,0.044247396040743,330.12,1,0,B,B2,MORTGAGE,Source Verified,credit_card
21000.0,13.99,60.0,0.0,52000.0,14.47,0.0,5.0,0.0,20374.0,87.4,10.859018228147885,9.952325334619427,9.922063938109064,0.403838387723313,839.4,0,0,C,C4,RENT,Source Verified,credit_card
14000.0,14.48,60.0,5.0,62000.0,21.58,0.0,11.0,0.0,12682.0,79.3,11.034905792929415,9.546884034617925,9.448017793067429,0.2258028096321027,868.8000000000001,0,0,C,C5,MORTGAGE,Source Verified,debt_consolidation
7500.0,11.99,36.0,2.0,111000.0,14.09,0.0,9.0,0.0,14995.0,73.9,11.6172944892629,8.922791623969635,9.615538777855802,0.06756695885622652,431.64,0,0,C,C1,RENT,Source Verified,debt_consolidation
4525.0,12.88,36.0,10.0,70000.0,21.31,1.0,15.0,0.0,2262.0,32.0,11.156264806643742,8.417593826193482,7.724446645633537,0.06464193368666162,463.68,1,0,C,C2,RENT,Not Verified,credit_card
30000.0,13.44,60.0,10.0,70000.0,12.69,0.0,9.0,0.0,3530.0,15.0,11.156264806643742,10.308985993422082,8.169336395928386,0.4285653062099113,806.4,0,0,C,C3,MORTGAGE,Source Verified,debt_consolidation
10125.0,13.44,36.0,10.0,90000.0,25.43,0.0,8.0,2.0,2249.0,70.3,11.407576060361786,9.222861652529854,7.718685495198465,0.11249875001388873,483.84,0,1,C,C3,MORTGAGE,Source Verified,debt_consolidation
35000.0,18.49,60.0,10.0,160000.0,14.65,1.0,18.0,0.0,90009.0,58.4,11.982935344196433,10.463131911491967,11.40767605425113,0.21874863282104487,1109.3999999999999,1,0,D,D5,OWN,Source Verified,debt_consolidation
8400.0,16.59,36.0,3.0,51000.0,13.27,0.0,10.0,0.0,4072.0,37.0,10.839600519357369,9.036106025364846,8.312135107648412,0.16470265288915903,597.24,0,0,D,D2,RENT,Source Verified,other
20800.0,12.88,60.0,8.0,60000.0,18.72,0.0,8.0,1.0,5294.0,11.0,11.002116507732017,9.942756341456828,8.574518258035507,0.3466608889851836,772.8000000000001,0,1,C,C2,RENT,Verified,debt_consolidation
6000.0,7.49,36.0,10.0,90000.0,3.41,1.0,17.0,0.0,6857.0,13.8,11.407576060361786,8.699681400989512,8.833171133022866,0.06666592593415628,269.64,1,0,A,A4,MORTGAGE,Verified,debt_consolidation
15000.0,7.91,36.0,7.0,55000.0,25.77,0.0,14.0,0.0,11241.0,34.5,10.915106645867501,9.61587214452889,9.32741204356202,0.2727223141397429,284.76,0,0,A,A5,MORTGAGE,Not Verified,debt_consolidation
15675.0,12.59,36.0,,41864.0,22.68,1.0,10.0,0.0,11023.0,37.1,10.642205434638532,9.659886159319521,9.30782999325344,0.37441777140809746,453.24,1,0,C,C2,RENT,Verified,debt_consolidation
12000.0,10.78,36.0,9.0,85000.0,28.36,1.0,13.0,0.0,7123.0,52.0,11.350418300109132,9.392745258631441,8.871224644409551,0.14117480970812107,388.08,1,0,B,B4,MORTGAGE,Verified,credit_card
10400.0,5.32,36.0,,40000.0,7.8,0.0,8.0,0.0,10515.0,35.6,10.596659732783579,9.249657234353133,9.26065318584977,0.25999350016249595,191.52,0,0,A,A1,MORTGAGE,Not Verified,credit_card
9600.0,11.48,36.0,10.0,80000.0,12.03,0.0,18.0,0.0,30531.0,46.8,11.289794413577894,9.169622538697624,10.326530592918362,0.11999850001874976,413.28000000000003,0,0,B,B5,RENT,Source Verified,debt_consolidation
30000.0,15.77,36.0,10.0,110000.0,22.73,2.0,15.0,0.0,18388.0,54.7,11.608244735642321,10.308985993422082,9.819507938740854,0.272724793410969,567.72,1,0,D,D1,MORTGAGE,Source Verified,credit_card
12000.0,10.78,60.0,7.0,60000.0,21.86,0.0,7.0,0.0,17318.0,61.8,11.002116507732017,9.392745258631441,9.759559443729042,0.1999966667222213,646.8,0,0,B,B4,MORTGAGE,Not Verified,debt_consolidation
6000.0,5.32,36.0,,148000.0,25.93,0.0,19.0,0.0,10179.0,22.1,11.904974309480181,8.699681400989512,9.228180290104513,0.04054026661982014,191.52,0,0,A,A1,MORTGAGE,Not Verified,debt_consolidation
5000.0,15.41,36.0,2.0,30000.0,28.96,0.0,8.0,2.0,3031.0,68.9,10.308985993422082,8.517393171418904,8.016977746762262,0.16666111129629013,554.76,0,1,D,D1,RENT,Source Verified,debt_consolidation
6000.0,10.78,36.0,10.0,79000.0,22.62,0.0,7.0,0.0,29009.0,100.0,11.277215789596891,8.699681400989512,10.27539587711545,0.07594840571638334,388.08,0,0,B,B4,MORTGAGE,Verified,other
3000.0,10.78,36.0,5.0,90000.0,23.72,1.0,11.0,0.0,18264.0,63.6,11.407576060361786,8.006700845440367,9.812741939229383,0.03333296296707814,388.08,1,0,B,B4,MORTGAGE,Source Verified,credit_card
16575.0,12.59,36.0,5.0,45628.0,18.15,0.0,8.0,0.0,10355.0,22.0,10.728298758274772,9.71571114505921,9.245321340871428,0.3632558241469241,453.24,0,0,C,C2,MORTGAGE,Source Verified,major_purchase
16000.0,19.48,60.0,10.0,105000.0,7.62,1.0,4.0,0.0,4973.0,99.5,11.561725152903833,9.680406499268875,8.51197962436335,0.15237950114760812,1168.8,1,0,E,E2,OWN,Source Verified,debt_consolidation
11825.0,17.86,36.0,2.0,55000.0,19.99,0.0,7.0,0.0,8099.0,61.8,10.915106645867501,9.378055776380775,8.99961934066053,0.214996090980164,642.96,0,0,D,D5,MORTGAGE,Verified,debt_consolidation
6000.0,27.49,36.0,5.0,82500.0,20.9,0.0,11.0,0.0,7188.0,42.0,11.320565693461432,8.699681400989512,8.88030735898387,0.07272639119525824,989.64,0,0,G,G2,MORTGAGE,Verified,debt_consolidation
21000.0,7.91,36.0,2.0,125000.0,13.95,0.0,22.0,0.0,66539.0,46.3,11.736077016252437,9.952325334619427,11.105558549572468,0.16799865601075192,284.76,0,0,A,A5,MORTGAGE,Not Verified,credit_card
21600.0,13.44,36.0,4.0,200000.0,11.89,0.0,16.0,0.0,24905.0,50.1,12.206077645517674,9.980494888896912,10.122864017281094,0.10799946000269998,483.84,0,0,C,C3,MORTGAGE,Source Verified,credit_card
21600.0,13.44,36.0,9.0,54000.0,17.64,0.0,9.0,0.0,26438.0,60.8,10.896757843893464,9.980494888896912,10.182595471767769,0.3999925927297643,483.84,0,0,C,C3,MORTGAGE,Verified,debt_consolidation
15000.0,13.99,36.0,10.0,150000.0,17.97,0.0,8.0,0.0,30599.0,88.2,11.918397239722838,9.61587214452889,10.328755287940472,0.09999933333777775,503.64,0,0,C,C4,RENT,Source Verified,small_business
5000.0,14.85,36.0,5.0,64000.0,25.37,0.0,19.0,2.0,25568.0,51.8,11.06665398721974,8.517393171418904,10.149135959190406,0.07812377931594819,534.6,0,1,C,C5,RENT,Not Verified,debt_consolidation
25000.0,5.32,36.0,10.0,165000.0,14.98,0.0,12.0,0.0,33771.0,33.0,12.013706813470412,10.12667110305036,10.42738733578939,0.15151423324707122,191.52,0,0,A,A1,MORTGAGE,Source Verified,credit_card
8500.0,7.89,36.0,10.0,48000.0,21.08,0.0,9.0,0.0,14523.0,57.0,10.77897712300635,9.047939082617358,9.583557732534226,0.1770796441740797,284.03999999999996,0,0,A,A5,MORTGAGE,Not Verified,debt_consolidation
8000.0,7.89,36.0,10.0,80000.0,12.93,0.0,11.0,0.0,5207.0,22.4,11.289794413577894,8.987321812850123,8.557951183888404,0.0999987500156248,284.03999999999996,0,0,A,A5,RENT,Source Verified,vacation
18000.0,5.32,36.0,10.0,104000.0,21.74,0.0,25.0,0.0,16622.0,18.4,11.552155793461898,9.798182590890704,9.718542557535459,0.1730752588917414,191.52,0,0,A,A1,MORTGAGE,Not Verified,debt_consolidation
5400.0,5.32,36.0,2.0,41000.0,26.23,0.0,10.0,0.0,1845.0,3.9,10.62135173563291,8.59433940059289,7.520776415062797,0.13170410477793223,191.52,0,0,A,A1,RENT,Not Verified,credit_card
19825.0,16.99,36.0,2.0,187920.0,24.98,1.0,16.0,0.0,12237.0,39.1,12.143776940732003,9.894749486592842,9.412301144022486,0.10549645861824916,611.64,1,0,D,D3,MORTGAGE,Verified,debt_consolidation
5450.0,6.0,36.0,1.0,85000.0,20.92,4.0,12.0,0.0,6158.0,55.0,11.350418300109132,8.603554357064281,8.725669705687043,0.06411689274243833,216.0,1,0,C,C1,RENT,Verified,debt_consolidation
5575.0,8.49,36.0,1.0,25000.0,27.89,0.0,4.0,0.0,5696.0,74.9,10.12667110305036,8.62622695244036,8.647694999480395,0.22299108035678572,305.64,0,0,B,B1,OWN,Source Verified,debt_consolidation
19200.0,5.32,36.0,10.0,75000.0,3.05,0.0,11.0,0.0,2994.0,11.1,11.225256725762893,9.862717639992916,8.00469951054955,0.2559965867121772,191.52,0,0,A,A1,MORTGAGE,Verified,debt_consolidation
10000.0,9.17,36.0,10.0,50000.0,26.67,0.0,10.0,0.0,17803.0,67.7,10.819798284210286,9.210440366976515,9.787178430135745,0.1999960000799984,330.12,0,0,B,B2,MORTGAGE,Not Verified,debt_consolidation
10000.0,9.8,36.0,10.0,82000.0,17.44,0.0,12.0,0.0,6923.0,47.0,11.314486721293981,9.210440366976515,8.842748916296099,0.12194973232033755,352.8,0,0,B,B3,RENT,Not Verified,debt_consolidation
8150.0,7.91,36.0,0.0,42200.0,16.41,0.0,11.0,0.0,15010.0,54.2,10.650199196425806,9.005895898094456,9.616538544660175,0.19312338570176063,284.76,0,0,A,A5,MORTGAGE,Verified,credit_card
28000.0,7.49,36.0,6.0,110000.0,8.53,0.0,10.0,0.0,7914.0,51.7,11.608244735642321,10.239995502805314,8.976514972315112,0.2545431405169044,269.64,0,0,A,A4,MORTGAGE,Verified,debt_consolidation
20000.0,5.32,36.0,10.0,135000.0,15.9,0.0,14.0,0.0,14467.0,44.4,11.813037464800539,9.903537551286169,9.579694593071988,0.14814705076258694,191.52,0,0,A,A1,MORTGAGE,Not Verified,debt_consolidation
3600.0,14.85,36.0,3.0,62200.0,20.48,0.0,17.0,1.0,6407.0,29.3,11.038126355768451,8.188966863648876,8.765302488748194,0.057876883008311765,534.6,0,1,C,C5,RENT,Source Verified,debt_consolidation
28000.0,5.32,36.0,4.0,205600.0,18.53,0.0,15.0,1.0,2087.0,4.0,12.233692676364548,10.239995502805314,7.643961949002529,0.13618610804422157,191.52,0,1,A,A1,RENT,Verified,debt_consolidation
3000.0,6.49,36.0,1.0,67000.0,12.79,0.0,5.0,0.0,7576.0,51.2,11.112462823634855,8.006700845440367,8.932872621931374,0.04477545111266996,233.64000000000001,0,0,A,A2,MORTGAGE,Source Verified,debt_consolidation
9800.0,13.67,36.0,1.0,35000.0,35.08,0.0,22.0,1.0,8164.0,72.2,10.463131911491967,9.19023970026918,9.007612005404566,0.2799920002285649,492.12,0,1,C,C4,RENT,Verified,debt_consolidation
28000.0,15.77,60.0,10.0,102000.0,11.56,0.0,7.0,0.0,36236.0,78.6,11.532737896139919,10.239995502805314,10.497835975273388,0.2745071126753659,946.1999999999999,0,0,D,D1,MORTGAGE,Not Verified,debt_consolidation
18000.0,17.57,60.0,0.0,45000.0,22.0,0.0,7.0,0.0,4959.0,55.7,10.714439990727769,9.798182590890704,8.509161019718974,0.39999111130863757,1054.2,0,0,D,D4,RENT,Not Verified,debt_consolidation
7800.0,7.91,36.0,3.0,44013.0,14.97,0.0,9.0,0.0,6412.0,71.2,10.69226304410948,8.962007209588313,8.766082459148862,0.17721634025537328,284.76,0,0,A,A5,MORTGAGE,Source Verified,debt_consolidation
16000.0,7.49,36.0,10.0,70000.0,12.09,0.0,15.0,0.0,39852.0,44.3,11.156264806643742,9.680406499268875,10.592952963693447,0.22856816331195268,269.64,0,0,A,A4,RENT,Not Verified,credit_card
3975.0,17.27,36.0,10.0,43000.0,34.3,0.0,10.0,0.0,11294.0,50.0,10.668978650219241,8.288031567776464,9.332115428902103,0.09243971070440223,621.72,0,0,D,D3,MORTGAGE,Verified,credit_card
7750.0,11.22,36.0,4.0,48000.0,17.68,0.0,8.0,1.0,3957.0,15.5,10.77897712300635,8.955577146281511,8.28349412616251,0.1614549696881315,403.92,0,1,B,B5,OWN,Source Verified,debt_consolidation
25000.0,6.49,36.0,2.0,62000.0,27.24,0.0,9.0,0.0,11141.0,53.6,11.034905792929415,10.12667110305036,9.31847703058076,0.4032193029144691,233.64000000000001,0,0,A,A2,MORTGAGE,Source Verified,credit_card
8525.0,18.99,36.0,8.0,65000.0,15.77,0.0,16.0,0.0,3523.0,27.7,11.082157933374816,9.050875597325156,8.16735198705607,0.13115182843340872,683.64,0,0,E,E3,MORTGAGE,Verified,other
15000.0,7.49,36.0,2.0,50000.0,12.89,0.0,13.0,0.0,16737.0,42.3,10.819798284210286,9.61587214452889,9.725436862592819,0.2999940001199976,269.64,0,0,A,A4,MORTGAGE,Source Verified,credit_card
12525.0,13.99,36.0,10.0,33000.0,33.09,0.0,10.0,0.0,10280.0,43.9,10.404293143019792,9.435561763085358,9.238052810542719,0.3795339535165601,503.64,0,0,C,C4,OWN,Verified,credit_card
4000.0,7.91,36.0,0.0,45000.0,19.07,0.0,7.0,1.0,2663.0,11.6,10.714439990727769,8.294299608857235,7.887584031660279,0.08888691362414168,284.76,0,1,A,A5,RENT,Not Verified,debt_consolidation
16000.0,6.24,36.0,9.0,130000.0,9.92,0.0,7.0,0.0,43419.0,86.5,11.775297421715825,9.680406499268875,10.678675443432283,0.12307597633864355,224.64000000000001,0,0,A,A2,OWN,Source Verified,credit_card
9800.0,13.99,36.0,,24504.0,13.03,0.0,7.0,0.0,7023.0,72.0,10.106632457343647,9.19023970026918,8.857088135314953,0.3999183840032646,503.64,0,0,C,C4,RENT,Verified,major_purchase
15000.0,5.32,36.0,3.0,74000.0,22.57,0.0,13.0,0.0,18891.0,25.4,11.211833885608513,9.61587214452889,9.846493831016007,0.20269996351400657,191.52,0,0,A,A1,OWN,Not Verified,debt_consolidation
14000.0,13.99,36.0,10.0,43000.0,29.53,2.0,15.0,0.0,1366.0,12.6,10.668978650219241,9.546884034617925,7.220373836723949,0.3255738238645613,503.64,1,0,C,C4,RENT,Source Verified,debt_consolidation
10000.0,9.8,36.0,2.0,120000.0,9.42,0.0,9.0,0.0,11242.0,76.0,11.695255355062795,9.210440366976515,9.327500991749758,0.08333263889467588,352.8,0,0,B,B3,MORTGAGE,Not Verified,home_improvement
15000.0,13.44,36.0,5.0,60000.0,28.88,0.0,15.0,0.0,15410.0,79.8,11.002116507732017,9.61587214452889,9.642836819135377,0.24999583340277662,483.84,0,0,C,C3,MORTGAGE,Source Verified,credit_card
15500.0,10.78,36.0,2.0,105000.0,21.44,0.0,18.0,1.0,36101.0,77.6,11.561725152903833,9.648659816955295,10.494103544448407,0.14761764173674535,388.08,0,1,B,B4,RENT,Not Verified,debt_consolidation
5000.0,8.49,36.0,9.0,43507.2,18.46,0.0,13.0,0.0,6472.0,28.5,10.680704705058925,8.517393171418904,8.77539495854551,0.1149208654920222,305.64,0,0,B,B1,RENT,Source Verified,debt_consolidation
15000.0,11.99,60.0,4.0,75000.0,10.96,0.0,8.0,0.0,854.0,2.7,11.225256725762893,9.61587214452889,6.75110146893676,0.19999733336888842,719.4,0,0,C,C1,RENT,Not Verified,car
8000.0,6.49,36.0,4.0,40000.0,6.84,0.0,13.0,0.0,8463.0,31.1,10.596659732783579,8.987321812850123,9.043577154098081,0.19999500012499688,233.64000000000001,0,0,A,A2,RENT,Source Verified,debt_consolidation
22400.0,25.09,60.0,5.0,98000.0,35.4,1.0,8.0,0.0,118.0,23.6,11.49273296168228,10.016860879703811,4.77912349311153,0.2285690962337119,1505.4,1,0,F,F4,RENT,Verified,debt_consolidation
28000.0,6.99,36.0,10.0,100000.0,21.49,1.0,15.0,0.0,10310.0,30.2,11.51293546492023,10.239995502805314,9.240966565517944,0.2799972000279997,251.64000000000001,1,0,A,A3,MORTGAGE,Source Verified,credit_card
14400.0,10.64,60.0,4.0,48000.0,21.23,0.0,9.0,0.0,1376.0,7.4,10.77897712300635,9.575052927597381,7.227662498728654,0.2999937501302056,638.4000000000001,0,0,B,B4,RENT,Not Verified,debt_consolidation
20300.0,16.99,60.0,8.0,96000.0,37.34,0.0,19.0,0.0,46854.0,82.5,11.472113887062386,9.918425424900335,10.754813005557924,0.21145613066530558,1019.3999999999999,0,0,D,D3,MORTGAGE,Verified,debt_consolidation
18000.0,12.59,36.0,6.0,130000.0,3.42,1.0,4.0,0.0,18591.0,54.5,11.775297421715825,9.798182590890704,9.830486659651637,0.138460473380974,453.24,1,0,C,C2,RENT,Source Verified,other
25000.0,13.44,36.0,4.0,88000.0,14.47,0.0,12.0,0.0,5644.0,46.6,11.385103457032141,10.12667110305036,8.638525476583762,0.28408768082180885,483.84,0,0,C,C3,MORTGAGE,Not Verified,credit_card
15000.0,12.88,60.0,0.0,53000.0,9.69,0.0,8.0,1.0,13146.0,53.2,10.87806606028079,9.61587214452889,9.483948874696605,0.28301352804664065,772.8000000000001,0,1,C,C2,RENT,Not Verified,credit_card
7200.0,11.99,36.0,10.0,52000.0,13.71,0.0,8.0,1.0,11467.0,60.0,10.859018228147885,8.881975184248866,9.34731582700326,0.13845887579085017,431.64,0,1,C,C1,RENT,Source Verified,debt_consolidation
20000.0,14.85,36.0,0.0,70000.0,7.51,0.0,4.0,0.0,2980.0,85.1,11.156264806643742,9.903537551286169,8.000014093678072,0.28571020413994086,534.6,0,0,C,C5,RENT,Source Verified,home_improvement
20000.0,10.78,36.0,0.0,55000.0,36.94,0.0,18.0,1.0,24365.0,43.0,10.915106645867501,9.903537551286169,10.100943996914353,0.3636297521863239,388.08,0,1,B,B4,OWN,Not Verified,debt_consolidation
8000.0,10.78,36.0,5.0,72000.0,25.4,0.0,6.0,0.0,1250.0,4.9,11.184435286790631,8.987321812850123,7.131698510466911,0.11110956792266774,388.08,0,0,B,B4,MORTGAGE,Not Verified,major_purchase
10000.0,7.49,36.0,10.0,200000.0,10.68,1.0,15.0,0.0,48003.0,15.3,12.206077645517674,9.210440366976515,10.779039619751332,0.049999750001249996,269.64,1,0,A,A4,MORTGAGE,Source Verified,debt_consolidation
30000.0,10.78,36.0,10.0,250000.0,14.7,0.0,19.0,0.0,46989.0,72.3,12.468440756144114,10.308985993422082,10.757690092096862,0.11538417159934,388.08,0,0,B,B4,MORTGAGE,Source Verified,other
15400.0,16.55,36.0,10.0,35000.0,25.0,0.0,6.0,1.0,1631.0,19.7,10.463131911491967,9.642187721358464,7.397561535524052,0.439987428930602,595.8000000000001,0,1,D,D2,RENT,Source Verified,debt_consolidation
5000.0,10.78,36.0,,39756.0,34.19,0.0,18.0,1.0,16479.0,36.8,10.590541205207513,8.517393171418904,9.709902803463462,0.12576401639962773,388.08,0,1,B,B4,RENT,Verified,debt_consolidation
8675.0,13.99,36.0,9.0,40166.0,27.22,0.0,14.0,0.0,31097.0,80.1,10.60080104196549,9.068315871946766,10.344898787417762,0.21597331142480145,503.64,0,0,C,C4,MORTGAGE,Verified,debt_consolidation
4000.0,11.99,36.0,10.0,85000.0,5.92,2.0,5.0,0.0,871.0,15.0,11.350418300109132,8.294299608857235,6.77078942390898,0.04705826990270703,431.64,1,0,C,C1,MORTGAGE,Source Verified,medical
25000.0,7.26,36.0,6.0,150000.0,10.23,0.0,10.0,0.0,0.0,0.0,11.918397239722838,10.12667110305036,0.0,0.16666555556296292,261.36,0,0,A,A4,MORTGAGE,Not Verified,debt_consolidation
20000.0,5.32,36.0,10.0,139000.0,9.24,0.0,14.0,1.0,19300.0,59.9,11.842236406331555,9.903537551286169,9.867912187022208,0.1438838569506694,191.52,0,1,A,A1,RENT,Not Verified,credit_card
16000.0,13.18,36.0,1.0,50000.0,26.98,0.0,25.0,1.0,26504.0,61.2,10.819798284210286,9.680406499268875,10.185088673421905,0.31999360012799744,474.48,0,1,C,C3,RENT,Verified,debt_consolidation
20000.0,11.22,36.0,8.0,40000.0,18.87,0.0,8.0,0.0,12846.0,85.1,10.596659732783579,9.903537551286169,9.460865600031608,0.4999875003124922,403.92,0,0,B,B5,RENT,Verified,credit_card
2500.0,11.99,36.0,0.0,50400.0,12.48,0.0,5.0,1.0,35.0,1.1,10.827766295132465,7.824445930877618,3.58351893845611,0.04960219043272951,431.64,0,1,C,C1,MORTGAGE,Source Verified,home_improvement
20000.0,8.49,36.0,0.0,80000.0,19.26,0.0,12.0,0.0,20359.0,41.5,11.289794413577894,9.903537551286169,9.921327470664458,0.249996875039062,305.64,0,0,B,B1,MORTGAGE,Source Verified,credit_card
3000.0,13.44,36.0,0.0,40000.0,21.21,0.0,7.0,1.0,34726.0,64.0,10.596659732783579,8.006700845440367,10.455272761356362,0.07499812504687382,483.84,0,1,C,C3,RENT,Source Verified,other
15000.0,10.64,36.0,3.0,80000.0,16.07,0.0,13.0,0.0,52766.0,50.4,11.289794413577894,9.61587214452889,10.873641274300434,0.18749765627929652,383.04,0,0,B,B4,OWN,Not Verified,debt_consolidation
10000.0,11.48,36.0,2.0,53000.0,24.8,0.0,8.0,0.0,8766.0,66.9,10.87806606028079,9.210440366976515,9.078749951588586,0.18867568536442708,413.28000000000003,0,0,B,B5,RENT,Verified,credit_card
17600.0,27.99,60.0,4.0,55000.0,7.57,1.0,5.0,0.0,6821.0,78.4,10.915106645867501,9.775710997593968,8.82790796297859,0.319994181923965,1679.3999999999999,1,0,G,G3,RENT,Source Verified,other
5000.0,14.85,36.0,8.0,90000.0,23.01,0.0,12.0,0.0,21729.0,48.6,11.407576060361786,8.517393171418904,9.986449073250474,0.05555493827846357,534.6,0,0,C,C5,MORTGAGE,Verified,moving
20000.0,13.44,36.0,3.0,47000.0,20.97,0.0,7.0,0.0,17642.0,74.1,10.757924157061597,9.903537551286169,9.778094383128066,0.4255228612157188,483.84,0,0,C,C3,RENT,Source Verified,credit_card
16000.0,9.17,36.0,1.0,120000.0,22.61,0.0,14.0,0.0,25519.0,79.5,11.695255355062795,9.680406499268875,10.147217737458726,0.13333222223148142,330.12,0,0,B,B2,RENT,Verified,credit_card
20000.0,11.48,36.0,10.0,120000.0,17.82,2.0,16.0,0.0,22268.0,61.5,11.695255355062795,9.903537551286169,10.010950855785657,0.16666527778935175,413.28000000000003,1,0,B,B5,MORTGAGE,Source Verified,debt_consolidation
12000.0,11.99,36.0,7.0,50000.0,36.32,0.0,12.0,1.0,16769.0,58.6,10.819798284210286,9.392745258631441,9.727346854817254,0.2399952000959981,431.64,0,1,C,C1,MORTGAGE,Not Verified,debt_consolidation
32850.0,13.18,36.0,10.0,125000.0,13.86,1.0,8.0,0.0,11760.0,26.8,11.736077016252437,10.39973746484973,9.372544251851036,0.26279789761681904,474.48,1,0,C,C3,MORTGAGE,Source Verified,debt_consolidation
15975.0,16.59,36.0,4.0,58800.0,20.45,0.0,11.0,0.0,9196.0,71.8,10.981914140544825,9.67884287509565,9.126632622902697,0.2716790530773286,597.24,0,0,D,D2,MORTGAGE,Not Verified,debt_consolidation
6000.0,7.89,36.0,10.0,73000.0,7.89,0.0,16.0,1.0,8793.0,28.5,11.19822841866684,8.699681400989512,9.081824949740755,0.08219065492253531,284.03999999999996,0,1,A,A5,RENT,Not Verified,credit_card
15000.0,9.17,36.0,10.0,55000.0,22.69,0.0,10.0,1.0,14944.0,76.6,10.915106645867501,9.61587214452889,9.612132074718039,0.2727223141397429,330.12,0,1,B,B2,RENT,Not Verified,credit_card
8500.0,9.8,36.0,,98000.0,5.4,0.0,10.0,0.0,14251.0,36.4,11.49273296168228,9.047939082617358,9.564652526725727,0.08673380883868533,352.8,0,0,B,B3,MORTGAGE,Not Verified,debt_consolidation
35000.0,7.26,36.0,1.0,87000.0,8.39,0.0,22.0,0.0,40556.0,24.7,11.373674891823535,10.463131911491967,10.610463671032514,0.4022942265031436,261.36,0,0,A,A4,MORTGAGE,Source Verified,debt_consolidation
35000.0,17.86,60.0,10.0,80000.0,24.31,0.0,10.0,0.0,15323.0,41.6,11.289794413577894,10.463131911491967,9.63717550582054,0.4374945313183585,1071.6,0,0,D,D5,MORTGAGE,Source Verified,debt_consolidation
2000.0,11.99,36.0,5.0,85000.0,7.72,0.0,7.0,0.0,0.0,0.0,11.350418300109132,7.601402334583733,0.0,0.023529134951353513,431.64,0,0,C,C1,RENT,Source Verified,vacation
10000.0,10.78,36.0,10.0,65000.0,35.69,0.0,13.0,0.0,10376.0,23.4,11.082157933374816,9.210440366976515,9.247347097605278,0.15384378701866125,388.08,0,0,B,B4,RENT,Not Verified,credit_card
10000.0,6.89,36.0,5.0,52000.0,1.86,0.0,8.0,0.0,843.0,1.1,10.859018228147885,9.210440366976515,6.7381524945959566,0.19230399415395857,248.04,0,0,A,A3,RENT,Not Verified,car
6000.0,8.49,36.0,9.0,60000.0,8.12,0.0,6.0,0.0,6075.0,33.9,11.002116507732017,8.699681400989512,8.712101863715663,0.09999833336111065,305.64,0,0,B,B1,RENT,Not Verified,other
16000.0,6.49,36.0,10.0,60000.0,25.02,0.0,18.0,0.0,17474.0,30.8,11.002116507732017,9.680406499268875,9.768526567102011,0.26666222229629505,233.64000000000001,0,0,A,A2,RENT,Source Verified,debt_consolidation
20350.0,17.27,60.0,10.0,70000.0,25.39,0.0,15.0,1.0,33013.0,65.5,11.156264806643742,9.920885329712547,10.404686992907486,0.2907101327123898,1036.2,0,1,D,D3,RENT,Verified,credit_card
16000.0,13.99,60.0,2.0,56000.0,18.17,0.0,7.0,0.0,3596.0,66.6,10.933124826700706,9.680406499268875,8.187855443695623,0.28570918376457566,839.4,0,0,C,C4,RENT,Not Verified,debt_consolidation
15000.0,13.67,60.0,10.0,44800.0,28.85,0.0,17.0,0.0,21732.0,82.0,10.709985739582528,9.61587214452889,9.986587121705702,0.3348139550456463,820.2,0,0,C,C4,RENT,Verified,debt_consolidation
10000.0,13.44,36.0,3.0,80000.0,15.56,1.0,9.0,1.0,8297.0,57.0,11.289794413577894,9.210440366976515,9.023769800892813,0.124998437519531,483.84,1,1,C,C3,RENT,Not Verified,credit_card
12000.0,9.17,36.0,3.0,110000.0,24.61,0.0,11.0,0.0,50366.0,68.3,11.608244735642321,9.392745258631441,10.827091477704508,0.1090899173643876,330.12,0,0,B,B2,MORTGAGE,Not Verified,credit_card
19850.0,10.78,36.0,7.0,85005.0,17.2,0.0,14.0,0.0,15506.0,37.1,11.350477121216516,9.89600966268017,9.649046813864148,0.23351292849916477,388.08,0,0,B,B4,RENT,Source Verified,credit_card
8000.0,6.49,36.0,0.0,135000.0,23.94,0.0,16.0,0.0,40673.0,60.3,11.813037464800539,8.987321812850123,10.61334434665902,0.05925882030503478,233.64000000000001,0,0,A,A2,RENT,Source Verified,debt_consolidation
6025.0,14.85,36.0,4.0,75000.0,23.81,1.0,11.0,0.0,1093.0,78.1,11.225256725762893,8.703838719690246,6.9975959829819265,0.08033226223650351,534.6,1,0,C,C5,RENT,Verified,debt_consolidation
4000.0,16.59,36.0,5.0,35000.0,11.45,0.0,8.0,2.0,3618.0,55.7,10.463131911491967,8.294299608857235,8.193953023563742,0.11428244907288364,597.24,0,1,D,D2,OWN,Verified,debt_consolidation
20000.0,22.45,60.0,9.0,80000.0,9.05,0.0,4.0,0.0,2663.0,37.0,11.289794413577894,9.903537551286169,7.887584031660279,0.249996875039062,1347.0,0,0,F,F1,RENT,Source Verified,small_business
15000.0,13.99,36.0,4.0,55000.0,17.7,5.0,13.0,0.0,13919.0,48.5,10.915106645867501,9.61587214452889,9.54108193388841,0.2727223141397429,503.64,1,0,C,C4,OWN,Source Verified,credit_card
18000.0,9.17,36.0,10.0,80000.0,6.47,0.0,7.0,0.0,14074.0,82.3,11.289794413577894,9.798182590890704,9.552155453007892,0.22499718753515582,330.12,0,0,B,B2,MORTGAGE,Not Verified,credit_card
20000.0,9.17,36.0,9.0,113544.0,21.86,0.0,10.0,0.0,45164.0,98.2,11.639954513098768,9.903537551286169,10.718077729583943,0.17614161786076005,330.12,0,0,B,B2,MORTGAGE,Not Verified,debt_consolidation
10000.0,11.48,36.0,10.0,52000.0,15.46,0.0,11.0,1.0,20451.0,86.3,10.859018228147885,9.210440366976515,9.92583595619989,0.19230399415395857,413.28000000000003,0,1,B,B5,MORTGAGE,Not Verified,debt_consolidation
6000.0,10.78,36.0,9.0,43747.0,22.55,1.0,13.0,1.0,1951.0,55.0,10.686201176455116,8.699681400989512,7.5766097669730375,0.13714912681722594,388.08,1,1,B,B4,RENT,Not Verified,debt_consolidation
25000.0,17.57,36.0,0.0,90000.0,37.11,0.0,10.0,0.0,12842.0,55.8,11.407576060361786,10.12667110305036,9.460554194813055,0.27777469139231786,632.52,0,0,D,D4,RENT,Source Verified,debt_consolidation
3500.0,11.48,36.0,5.0,45000.0,10.72,0.0,18.0,2.0,5122.0,20.6,10.714439990727769,8.160803920954665,8.541495483939203,0.07777604942112397,413.28000000000003,0,1,B,B5,RENT,Source Verified,debt_consolidation
12000.0,10.78,36.0,1.0,54000.0,15.07,3.0,14.0,0.0,11369.0,45.8,10.896757843893464,9.392745258631441,9.338733586744581,0.22221810707209125,388.08,1,0,B,B4,RENT,Source Verified,debt_consolidation
11500.0,16.55,60.0,10.0,61459.0,11.64,0.0,15.0,1.0,283.0,1.5,11.026141835684475,9.350189267092581,5.648974238161206,0.1871135698014969,993.0,0,1,D,D2,OWN,Source Verified,debt_consolidation
5000.0,8.49,36.0,3.0,100000.0,27.29,1.0,26.0,0.0,45165.0,65.6,11.51293546492023,8.517393171418904,10.71809987037725,0.04999950000499995,305.64,1,0,B,B1,MORTGAGE,Verified,renewable_energy
11000.0,16.99,60.0,2.0,48000.0,19.55,0.0,12.0,0.0,9471.0,25.5,10.77897712300635,9.305741456739435,9.156095357123787,0.22916189246057375,1019.3999999999999,0,0,D,D3,MORTGAGE,Verified,credit_card
18000.0,11.99,60.0,10.0,150000.0,17.39,0.0,12.0,0.0,11642.0,52.7,11.918397239722838,9.798182590890704,9.362460420037015,0.1199992000053333,719.4,0,0,C,C1,MORTGAGE,Not Verified,debt_consolidation
3800.0,27.49,36.0,3.0,43000.0,39.69,0.0,12.0,0.0,3403.0,59.7,10.668978650219241,8.243019468989248,8.132706489693264,0.08837003790609521,989.64,0,0,G,G2,RENT,Verified,debt_consolidation
30000.0,11.99,60.0,6.0,106000.0,20.25,0.0,9.0,0.0,28540.0,62.0,11.571203807011969,10.308985993422082,10.259096928959389,0.2830161979603966,719.4,0,0,C,C1,MORTGAGE,Source Verified,debt_consolidation
12000.0,19.89,60.0,5.0,105000.0,27.85,0.0,25.0,0.0,11657.0,34.7,11.561725152903833,9.392745258631441,9.363747918605494,0.11428462586070609,1193.4,0,0,E,E3,MORTGAGE,Not Verified,debt_consolidation
8000.0,6.99,36.0,,45000.0,15.15,0.0,12.0,0.0,5890.0,23.7,10.714439990727769,8.987321812850123,8.681181041521688,0.17777382724828336,251.64000000000001,0,0,A,A3,MORTGAGE,Not Verified,home_improvement
13000.0,7.91,36.0,2.0,70000.0,8.11,2.0,6.0,0.0,13198.0,62.3,11.156264806643742,9.472781556562168,9.487896348128954,0.18571163269096155,284.76,1,0,A,A5,MORTGAGE,Source Verified,credit_card
16000.0,16.59,60.0,10.0,63000.0,11.09,1.0,9.0,1.0,6586.0,69.3,11.050905878263567,9.680406499268875,8.792853288640693,0.25396422279011444,995.4,1,1,D,D2,MORTGAGE,Verified,debt_consolidation
16000.0,5.32,36.0,1.0,125000.0,12.71,0.0,16.0,0.0,7383.0,29.2,11.736077016252437,9.680406499268875,8.907070776182687,0.12799897600819193,191.52,0,0,A,A1,RENT,Not Verified,credit_card
24000.0,18.2,60.0,2.0,50000.0,39.63,0.0,9.0,0.0,11186.0,62.8,10.819798284210286,10.085850775128717,9.32250766884693,0.4799904001919962,1092.0,0,0,E,E1,RENT,Verified,credit_card
21000.0,9.17,60.0,1.0,82000.0,15.1,0.0,12.0,0.0,15657.0,34.0,11.314486721293981,9.952325334619427,9.65873724746786,0.25609443787270886,550.2,0,0,B,B2,RENT,Not Verified,debt_consolidation
20000.0,13.99,60.0,6.0,65000.0,14.31,0.0,7.0,0.0,13222.0,71.5,11.082157933374816,9.903537551286169,9.489713016556822,0.3076875740373225,839.4,0,0,C,C4,MORTGAGE,Source Verified,debt_consolidation
10000.0,9.17,36.0,3.0,35000.0,11.69,0.0,9.0,2.0,10705.0,59.1,10.463131911491967,9.210440366976515,9.278559610953327,0.2857061226822091,330.12,0,1,B,B2,MORTGAGE,Source Verified,credit_card
12000.0,11.48,36.0,10.0,56000.0,11.23,0.0,16.0,1.0,10139.0,82.0,10.933124826700706,9.392745258631441,9.224243277145174,0.21428188782343172,413.28000000000003,0,1,B,B5,RENT,Not Verified,debt_consolidation
6000.0,11.99,36.0,,23452.0,36.59,0.0,15.0,0.0,11165.0,41.7,10.062753697461577,8.699681400989512,9.320628725870305,0.2558308105572848,431.64,0,0,C,C1,RENT,Verified,debt_consolidation
20000.0,11.99,36.0,10.0,65000.0,12.87,0.0,23.0,0.0,3871.0,7.3,11.082157933374816,9.903537551286169,8.261526448396467,0.3076875740373225,431.64,0,0,C,C1,MORTGAGE,Not Verified,credit_card
14000.0,6.49,36.0,3.0,40000.0,14.27,0.0,7.0,0.0,11909.0,23.2,10.596659732783579,9.546884034617925,9.385133662349345,0.34999125021874455,233.64000000000001,0,0,A,A2,MORTGAGE,Not Verified,credit_card
27600.0,16.55,60.0,10.0,60000.0,18.6,0.0,7.0,0.0,5303.0,27.8,11.002116507732017,10.22560728293294,8.576216531865699,0.45999233346110896,993.0,0,0,D,D2,RENT,Source Verified,debt_consolidation
3000.0,12.88,36.0,4.0,40000.0,8.16,0.0,11.0,0.0,2120.0,7.7,10.596659732783579,8.006700845440367,7.659642954564682,0.07499812504687382,463.68,0,0,C,C2,RENT,Source Verified,credit_card
10000.0,9.17,36.0,8.0,70000.0,14.61,0.0,9.0,1.0,9744.0,28.2,11.156264806643742,9.210440366976515,9.18450961194166,0.14285510206997043,330.12,0,1,B,B2,MORTGAGE,Not Verified,credit_card
24000.0,10.78,36.0,10.0,160000.0,12.66,0.0,20.0,2.0,37897.0,65.1,11.982935344196433,10.085850775128717,10.54265361922956,0.14999906250585934,388.08,0,1,B,B4,MORTGAGE,Source Verified,debt_consolidation
5600.0,14.85,36.0,9.0,110000.0,34.74,0.0,17.0,1.0,18854.0,39.9,11.608244735642321,8.630700432209832,9.844533409692458,0.05090862810338088,534.6,0,1,C,C5,MORTGAGE,Verified,other
7200.0,14.85,36.0,10.0,53500.0,35.13,0.0,13.0,0.0,14422.0,82.0,10.887455624298196,8.881975184248866,9.57657943358351,0.1345769237958169,534.6,0,0,C,C5,MORTGAGE,Verified,debt_consolidation
28000.0,6.24,36.0,0.0,75000.0,20.91,0.0,16.0,0.0,23292.0,42.0,11.225256725762893,10.239995502805314,10.055908165231354,0.37332835562192507,224.64000000000001,0,0,A,A2,MORTGAGE,Not Verified,debt_consolidation
9450.0,18.2,36.0,0.0,37000.0,17.74,0.0,9.0,0.0,22811.0,61.0,10.518700218288165,9.153875834995056,10.03504199227643,0.2553985027431691,655.1999999999999,0,0,E,E1,MORTGAGE,Source Verified,credit_card
25000.0,5.32,36.0,1.0,150000.0,9.54,0.0,7.0,0.0,19339.0,42.5,11.918397239722838,10.12667110305036,9.869930769007285,0.16666555556296292,191.52,0,0,A,A1,MORTGAGE,Not Verified,credit_card
30000.0,9.8,36.0,,99933.34,17.08,0.0,6.0,0.0,30358.0,100.5,11.512268649314043,10.308985993422082,10.320848292890679,0.3001971094220465,352.8,0,0,B,B3,MORTGAGE,Verified,debt_consolidation
10000.0,11.99,36.0,10.0,110000.0,20.33,4.0,9.0,0.0,8046.0,80.5,11.608244735642321,9.210440366976515,8.993054630146133,0.09090826447032299,431.64,1,0,C,C1,MORTGAGE,Source Verified,debt_consolidation
20000.0,13.99,36.0,2.0,70000.0,33.48,0.0,13.0,0.0,14524.0,74.5,11.156264806643742,9.903537551286169,9.583626581720111,0.28571020413994086,503.64,0,0,C,C4,RENT,Verified,debt_consolidation
18000.0,10.78,60.0,3.0,70000.0,21.64,0.0,9.0,0.0,11422.0,57.7,11.156264806643742,9.798182590890704,9.343384145733946,0.2571391837259468,646.8,0,0,B,B4,MORTGAGE,Not Verified,debt_consolidation
6000.0,9.8,36.0,1.0,58000.0,22.59,0.0,8.0,0.0,8058.0,50.7,10.968215530759235,8.699681400989512,8.99454475832451,0.10344649230185686,352.8,0,0,B,B3,RENT,Verified,credit_card
16200.0,10.78,60.0,10.0,60000.0,25.5,0.0,9.0,0.0,28556.0,44.5,11.002116507732017,9.692828247710418,10.259657368919415,0.26999550007499873,646.8,0,0,B,B4,MORTGAGE,Not Verified,credit_card
15000.0,7.26,36.0,,43188.0,27.23,0.0,10.0,0.0,43588.0,44.8,10.673341112178944,9.61587214452889,10.682560103927765,0.34731065780638587,261.36,0,0,A,A4,RENT,Verified,credit_card
5000.0,9.17,36.0,10.0,45000.0,18.23,0.0,4.0,0.0,1220.0,29.8,10.714439990727769,8.517393171418904,7.107425474110705,0.1111086420301771,330.12,0,0,B,B2,MORTGAGE,Verified,debt_consolidation
15000.0,10.64,60.0,5.0,48500.0,22.72,0.0,18.0,0.0,18999.0,63.5,10.789339695269716,9.61587214452889,9.852194258148577,0.3092719737737366,638.4000000000001,0,0,B,B4,OWN,Not Verified,debt_consolidation
2000.0,9.8,36.0,7.0,43200.0,35.73,0.0,12.0,0.0,40571.0,78.0,10.673618922112436,7.601402334583733,10.610833452495886,0.046295224647577606,352.8,0,0,B,B3,RENT,Not Verified,vacation
23175.0,18.49,60.0,0.0,61000.0,22.21,1.0,17.0,0.0,36291.0,77.7,11.0186455364637,10.050872539449186,10.499352610289518,0.3799118047245127,1109.3999999999999,1,0,D,D5,RENT,Verified,debt_consolidation
12000.0,5.32,36.0,10.0,130000.0,8.87,0.0,9.0,0.0,6483.0,17.8,11.775297421715825,9.392745258631441,8.777092882855566,0.09230698225398266,191.52,0,0,A,A1,MORTGAGE,Not Verified,debt_consolidation
15400.0,14.85,36.0,1.0,146000.0,13.67,1.0,13.0,0.0,11019.0,63.0,11.891368749982085,9.642187721358464,9.307467082706905,0.10547872959774249,534.6,1,0,C,C5,RENT,Source Verified,debt_consolidation
7000.0,9.76,36.0,3.0,71000.0,11.78,0.0,12.0,0.0,6198.0,25.1,11.170449240431308,8.853808274977197,8.73214326770192,0.09859016070196194,351.36,0,0,B,B3,RENT,Source Verified,debt_consolidation
5600.0,12.88,36.0,10.0,38000.0,30.98,1.0,12.0,0.0,11299.0,55.7,10.545367754151743,8.630700432209832,9.33255800470043,0.1473645430383411,463.68,1,0,C,C2,RENT,Verified,debt_consolidation
13500.0,23.13,36.0,10.0,50000.0,25.3,0.0,17.0,1.0,10292.0,23.0,10.819798284210286,9.510519035757246,9.23921933152656,0.26999460010799786,832.68,0,1,F,F2,RENT,Source Verified,debt_consolidation
20000.0,14.85,36.0,10.0,120000.0,33.29,0.0,11.0,0.0,50651.0,91.9,11.695255355062795,9.903537551286169,10.832733995570498,0.16666527778935175,534.6,0,0,C,C5,OWN,Not Verified,other
15000.0,7.89,36.0,8.0,52000.0,26.17,1.0,14.0,0.0,21558.0,38.8,10.859018228147885,9.61587214452889,9.978548641758007,0.28845599123093785,284.03999999999996,1,0,A,A5,MORTGAGE,Not Verified,credit_card
4475.0,16.59,36.0,,15732.0,9.23,1.0,8.0,0.0,4400.0,51.2,9.663515696240424,8.406485069431815,8.38958706681109,0.2844339922455984,597.24,1,0,D,D2,RENT,Source Verified,debt_consolidation
24000.0,8.49,36.0,8.0,72000.0,22.8,0.0,16.0,0.0,20014.0,34.3,11.184435286790631,10.085850775128717,9.904237271426673,0.3333287037680032,305.64,0,0,B,B1,MORTGAGE,Not Verified,debt_consolidation
7400.0,8.49,36.0,2.0,128000.0,6.73,1.0,4.0,0.0,7940.0,63.0,11.759793355371237,8.909370405197466,8.97979449089521,0.057812048343372315,305.64,1,0,B,B1,RENT,Not Verified,debt_consolidation
15000.0,5.32,36.0,4.0,100000.0,12.53,0.0,6.0,0.0,20403.0,34.8,11.51293546492023,9.61587214452889,9.923486239042816,0.14999850001499984,191.52,0,0,A,A1,RENT,Not Verified,credit_card
24000.0,5.32,36.0,3.0,108000.0,9.44,0.0,13.0,0.0,18715.0,18.9,11.58989576532275,10.085850775128717,9.837134051986107,0.2222201646281053,191.52,0,0,A,A1,MORTGAGE,Not Verified,debt_consolidation
24000.0,11.48,36.0,9.0,80000.0,34.98,0.0,31.0,0.0,42390.0,48.9,11.289794413577894,10.085850775128717,10.654691354537881,0.2999962500468744,413.28000000000003,0,0,B,B5,MORTGAGE,Not Verified,credit_card
10000.0,12.88,60.0,8.0,42000.0,12.74,0.0,7.0,1.0,5010.0,37.7,10.645448706505872,9.210440366976515,8.519390774959724,0.23808956929596914,772.8000000000001,0,1,C,C2,RENT,Not Verified,debt_consolidation
12000.0,19.48,60.0,5.0,60000.0,23.44,0.0,17.0,0.0,17061.0,46.0,11.002116507732017,9.392745258631441,9.74460904746864,0.1999966667222213,1168.8,0,0,E,E2,MORTGAGE,Verified,debt_consolidation
20000.0,9.17,36.0,10.0,82000.0,21.03,0.0,10.0,0.0,31814.0,78.6,11.314486721293981,9.903537551286169,10.367693155666892,0.2438994646406751,330.12,0,0,B,B2,MORTGAGE,Source Verified,debt_consolidation
8000.0,6.49,36.0,10.0,128000.0,24.73,0.0,19.0,0.0,3560.0,4.3,11.759793355371237,8.987321812850123,8.177796683277778,0.06249951172256467,233.64000000000001,0,0,A,A2,MORTGAGE,Not Verified,home_improvement
5000.0,8.49,36.0,4.0,38000.0,30.57,1.0,12.0,2.0,1516.0,5.1,10.545367754151743,8.517393171418904,7.324489979348532,0.1315754848556617,305.64,1,1,B,B1,RENT,Not Verified,major_purchase
35000.0,12.88,36.0,5.0,101000.0,13.03,2.0,8.0,0.0,18667.0,77.0,11.522885696764481,10.463131911491967,9.834566107069707,0.34653122246314394,463.68,1,0,C,C2,MORTGAGE,Source Verified,debt_consolidation
10650.0,8.49,36.0,10.0,80000.0,7.19,0.0,13.0,0.0,22042.0,51.1,11.289794413577894,9.273409063443165,10.000750370156338,0.13312333595830053,305.64,0,0,B,B1,MORTGAGE,Source Verified,credit_card
10000.0,8.38,36.0,6.0,64000.0,18.28,0.0,13.0,0.0,9846.0,61.2,11.06665398721974,9.210440366976515,9.194922119247801,0.15624755863189638,301.68,0,0,B,B1,RENT,Source Verified,debt_consolidation
10000.0,14.85,36.0,5.0,27000.0,25.91,0.0,9.0,0.0,3806.0,25.4,10.203629181337648,9.210440366976515,8.244596756382498,0.37035665345727936,534.6,0,0,C,C5,RENT,Source Verified,major_purchase
8000.0,13.44,36.0,1.0,36504.0,30.77,0.0,5.0,0.0,6227.0,92.9,10.505204516490187,8.987321812850123,8.73681053295389,0.21914806190932748,483.84,0,0,C,C3,RENT,Source Verified,home_improvement
19675.0,10.64,36.0,0.0,78000.0,19.63,0.0,14.0,0.0,23800.0,70.0,11.264476926102367,9.88715489791523,10.077482875583607,0.2522403558928732,383.04,0,0,B,B4,OWN,Not Verified,debt_consolidation
7000.0,10.64,36.0,4.0,95000.0,14.55,0.0,7.0,0.0,8823.0,76.2,11.461642696843066,8.853808274977197,9.085230560933338,0.07368343491121146,383.04,0,0,B,B4,RENT,Verified,debt_consolidation
23950.0,17.97,36.0,3.0,160000.0,18.41,0.0,14.0,1.0,13883.0,59.0,11.982935344196433,10.083765355620846,9.538492376981676,0.14968656445897213,646.92,0,1,D,D4,RENT,Verified,credit_card
14000.0,12.59,36.0,10.0,28000.0,21.77,0.0,6.0,1.0,5718.0,33.6,10.239995502805314,9.546884034617925,8.651549243915316,0.4999821434948752,453.24,0,1,C,C2,OWN,Not Verified,home_improvement
21600.0,13.18,60.0,1.0,85000.0,34.02,2.0,17.0,2.0,35247.0,63.5,11.350418300109132,9.980494888896912,10.470164069042124,0.2541146574746179,790.8,1,1,C,C3,MORTGAGE,Not Verified,debt_consolidation
12000.0,9.17,36.0,10.0,102000.0,9.54,1.0,15.0,0.0,9757.0,26.8,11.532737896139919,9.392745258631441,9.185842740375783,0.11764590543229968,330.12,1,0,B,B2,MORTGAGE,Verified,debt_consolidation
16525.0,16.59,60.0,3.0,42000.0,33.66,0.0,21.0,0.0,2344.0,11.2,10.645448706505872,9.712690177261129,7.76004068088038,0.39344301326158904,995.4,0,0,D,D2,RENT,Not Verified,debt_consolidation
35000.0,9.17,36.0,7.0,175000.0,12.01,0.0,13.0,1.0,38508.0,46.2,12.072546967175038,10.463131911491967,10.558647259190574,0.19999885714938773,330.12,0,1,B,B2,RENT,Source Verified,credit_card
30000.0,21.48,60.0,10.0,60000.0,5.32,0.0,7.0,0.0,8120.0,38.3,11.002116507732017,10.308985993422082,9.00220857828241,0.49999166680555324,1288.8,0,0,E,E5,MORTGAGE,Source Verified,debt_consolidation
17500.0,10.64,36.0,10.0,85000.0,32.3,0.0,18.0,0.0,26338.0,83.3,11.350418300109132,9.770013301136157,10.178806009504447,0.20587993082434325,383.04,0,0,B,B4,RENT,Verified,debt_consolidation
20000.0,18.99,60.0,10.0,65000.0,20.2,0.0,9.0,0.0,18284.0,43.2,11.082157933374816,9.903537551286169,9.81383633058348,0.3076875740373225,1139.3999999999999,0,0,E,E1,MORTGAGE,Not Verified,credit_card
28000.0,15.77,36.0,4.0,116000.0,24.72,1.0,15.0,0.0,11983.0,72.2,11.661354090740998,10.239995502805314,9.391327705757,0.24137722950664217,567.72,1,0,D,D1,OWN,Not Verified,debt_consolidation
18875.0,17.57,60.0,3.0,54700.0,30.96,0.0,14.0,0.0,17603.0,46.9,10.909637269778615,9.845646552846278,9.775881427930981,0.345057677190545,1054.2,0,0,D,D4,MORTGAGE,Verified,debt_consolidation
6000.0,7.91,36.0,10.0,250000.0,16.17,1.0,15.0,0.0,67109.0,82.3,12.429220196836383,8.699681400989512,11.114088343152284,0.023999904000383997,284.76,1,0,A,A5,MORTGAGE,Source Verified,other
9450.0,21.48,36.0,0.0,60000.0,36.76,0.0,10.0,0.0,2690.0,62.6,11.002116507732017,9.153875834995056,7.897668150726906,0.15749737504374928,773.28,0,0,E,E5,RENT,Verified,debt_consolidation
6000.0,13.18,36.0,10.0,100000.0,8.98,0.0,7.0,0.0,10825.0,55.5,11.51293546492023,8.699681400989512,9.289705927356923,0.05999940000599994,474.48,0,0,C,C3,OWN,Not Verified,other
13250.0,18.49,60.0,9.0,59000.0,31.63,0.0,16.0,0.0,28131.0,69.6,10.985309671896763,9.491828300264636,10.244662997427909,0.2245724648734767,1109.3999999999999,0,0,D,D5,MORTGAGE,Source Verified,debt_consolidation
16000.0,14.85,60.0,1.0,77000.0,14.84,0.0,25.0,0.0,17200.0,87.3,11.251573687764477,9.680406499268875,9.75272280064639,0.2077895092271529,891.0,0,0,C,C5,MORTGAGE,Not Verified,debt_consolidation
4900.0,8.49,36.0,0.0,43000.0,5.92,0.0,7.0,0.0,4521.0,20.3,10.668978650219241,8.497194544909547,8.416709652837914,0.11395083835259645,305.64,0,0,B,B1,RENT,Not Verified,debt_consolidation
21000.0,11.99,36.0,5.0,63000.0,28.69,0.0,15.0,0.0,20519.0,56.8,11.050905878263567,9.952325334619427,9.929155299284705,0.3333280424120252,431.64,0,0,C,C1,MORTGAGE,Not Verified,debt_consolidation
18000.0,5.32,36.0,10.0,95000.0,3.45,1.0,5.0,0.0,15741.0,28.6,11.461642696843066,9.798182590890704,9.664087578702395,0.1894716897716866,191.52,1,0,A,A1,MORTGAGE,Source Verified,credit_card
12000.0,9.76,36.0,4.0,70000.0,31.31,0.0,28.0,0.0,8917.0,22.3,11.156264806643742,9.392745258631441,9.095826985187422,0.17142612248396452,351.36,0,0,B,B3,MORTGAGE,Not Verified,home_improvement
10000.0,12.88,36.0,8.0,150000.0,17.09,0.0,12.0,0.0,52791.0,82.9,11.918397239722838,9.210440366976515,10.874114943063256,0.06666622222518516,463.68,0,0,C,C2,RENT,Verified,debt_consolidation
28500.0,20.5,60.0,7.0,80000.0,25.57,0.0,9.0,0.0,19202.0,50.9,11.289794413577894,10.25769445336048,9.862821795810113,0.35624554693066335,1230.0,0,0,E,E4,OWN,Source Verified,debt_consolidation
6000.0,13.99,36.0,6.0,43700.0,31.87,1.0,20.0,0.0,2773.0,10.3,10.685126264117057,8.699681400989512,7.928045600874777,0.13729662936774903,503.64,1,0,C,C4,MORTGAGE,Verified,home_improvement
7500.0,6.49,36.0,0.0,75000.0,17.31,0.0,12.0,1.0,4022.0,25.8,11.225256725762893,8.922791623969635,8.299783171949787,0.09999866668444421,233.64000000000001,0,1,A,A2,RENT,Source Verified,debt_consolidation
5000.0,5.32,36.0,10.0,70000.0,6.62,0.0,7.0,0.0,1325.0,3.5,11.156264806643742,8.517393171418904,7.189922170745808,0.07142755103498521,191.52,0,0,A,A1,OWN,Not Verified,credit_card
35000.0,21.48,60.0,10.0,115000.0,22.29,0.0,7.0,0.0,42421.0,73.6,11.652696102959753,10.463131911491967,10.655422374579162,0.30434517960713386,1288.8,0,0,E,E5,RENT,Verified,debt_consolidation
10000.0,14.85,36.0,10.0,51000.0,29.81,0.0,9.0,0.0,15100.0,64.3,10.839600519357369,9.210440366976515,9.622516245775788,0.19607458677280837,534.6,0,0,C,C5,MORTGAGE,Verified,other
10000.0,11.99,36.0,3.0,75000.0,28.24,0.0,22.0,1.0,46185.0,80.5,11.225256725762893,9.210440366976515,10.740432000843839,0.13333155557925894,431.64,0,1,C,C1,MORTGAGE,Verified,debt_consolidation
20000.0,9.17,36.0,10.0,125000.0,16.76,1.0,12.0,0.0,24950.0,26.3,11.736077016252437,9.903537551286169,10.124669180536797,0.15999872001023993,330.12,1,0,B,B2,MORTGAGE,Not Verified,debt_consolidation
15000.0,9.8,36.0,0.0,45760.0,13.22,0.0,6.0,0.0,14849.0,72.4,10.731187478961756,9.61587214452889,9.605755144230846,0.3277900395533314,352.8,0,0,B,B3,RENT,Source Verified,debt_consolidation
8400.0,9.8,36.0,0.0,70000.0,22.92,2.0,10.0,1.0,16584.0,38.8,11.156264806643742,9.036106025364846,9.716253951381152,0.11999828573877516,352.8,1,1,B,B3,RENT,Source Verified,debt_consolidation
5000.0,13.67,36.0,,45000.0,37.79,0.0,10.0,1.0,15298.0,67.1,10.714439990727769,8.517393171418904,9.63554274576738,0.1111086420301771,492.12,0,1,C,C4,OWN,Verified,home_improvement
3000.0,11.48,36.0,3.0,55000.0,3.53,0.0,3.0,0.0,8640.0,78.5,10.915106645867501,8.006700845440367,9.0642735958414,0.05454446282794858,413.28000000000003,0,0,B,B5,MORTGAGE,Source Verified,other
10800.0,15.41,36.0,0.0,27000.0,31.69,0.0,5.0,1.0,8148.0,76.9,10.203629181337648,9.287394001418473,9.00565049932022,0.3999851857338617,554.76,0,1,D,D1,RENT,Not Verified,debt_consolidation
29900.0,26.06,60.0,10.0,65000.0,14.12,1.0,12.0,0.0,4713.0,24.3,11.082157933374816,10.305647203635566,8.458292083496076,0.45999292318579715,1563.6,1,0,F,F5,RENT,Verified,debt_consolidation
21000.0,10.64,36.0,3.0,120000.0,16.72,0.0,13.0,0.0,11392.0,53.0,11.695255355062795,9.952325334619427,9.340754410698116,0.17499854167881934,383.04,0,0,B,B4,MORTGAGE,Source Verified,debt_consolidation
17125.0,15.77,36.0,5.0,51000.0,20.54,0.0,6.0,1.0,1890.0,18.3,10.839600519357369,9.748353055586136,7.544861068658458,0.33577772984843435,567.72,0,1,D,D1,RENT,Source Verified,debt_consolidation
16000.0,12.88,36.0,10.0,91000.0,11.78,3.0,14.0,0.0,9290.0,40.7,11.418625774449596,9.680406499268875,9.136801468641313,0.17582224371160757,463.68,1,0,C,C2,MORTGAGE,Source Verified,debt_consolidation
13000.0,7.49,36.0,0.0,80000.0,10.77,0.0,14.0,0.0,4817.0,13.7,11.289794413577894,9.472781556562168,8.480114183174816,0.1624979687753903,269.64,0,0,A,A4,MORTGAGE,Not Verified,debt_consolidation
15000.0,14.85,60.0,3.0,74000.0,22.71,1.0,13.0,1.0,14963.0,30.0,11.211833885608513,9.61587214452889,9.613402595468036,0.20269996351400657,891.0,1,1,C,C5,OWN,Not Verified,debt_consolidation
26400.0,15.77,60.0,9.0,72000.0,33.47,0.0,14.0,0.0,13105.0,28.4,11.184435286790631,10.181157167204903,9.480825419599443,0.36666157414480355,946.1999999999999,0,0,D,D1,OWN,Not Verified,debt_consolidation
35000.0,12.88,36.0,,85000.0,23.63,1.0,21.0,0.0,49320.0,59.3,11.350418300109132,10.463131911491967,10.806105232822933,0.4117598616486865,463.68,1,0,C,C2,MORTGAGE,Verified,credit_card
10000.0,7.49,36.0,10.0,120000.0,4.18,0.0,12.0,0.0,3546.0,5.1,11.695255355062795,9.210440366976515,8.173857454773621,0.08333263889467588,269.64,0,0,A,A4,MORTGAGE,Not Verified,other
16800.0,7.91,36.0,9.0,78000.0,13.8,1.0,10.0,0.0,10989.0,48.8,11.264476926102367,9.729193687429403,9.304741047397666,0.21538185407879387,284.76,1,0,A,A5,MORTGAGE,Not Verified,debt_consolidation
12000.0,6.49,36.0,10.0,54700.0,16.45,0.0,7.0,0.0,8426.0,45.8,10.909637269778615,9.392745258631441,9.039196115772354,0.2193744172867041,233.64000000000001,0,0,A,A2,RENT,Source Verified,debt_consolidation
2500.0,16.55,36.0,10.0,33000.0,24.0,0.0,7.0,1.0,8485.0,69.5,10.404293143019792,7.824445930877618,9.04617302576227,0.07575528014302597,595.8000000000001,0,1,D,D2,MORTGAGE,Verified,vacation
20000.0,5.32,36.0,10.0,85000.0,21.35,0.0,8.0,0.0,28728.0,37.9,11.350418300109132,9.903537551286169,10.265662344545426,0.23529134951353514,191.52,0,0,A,A1,MORTGAGE,Not Verified,credit_card
8400.0,12.88,36.0,10.0,52000.0,30.09,1.0,17.0,1.0,3145.0,9.1,10.859018228147885,9.036106025364846,8.053887083618223,0.1615353550893252,463.68,1,1,C,C2,RENT,Verified,debt_consolidation
15000.0,13.99,36.0,3.0,75000.0,17.5,0.0,17.0,0.0,20146.0,68.3,11.225256725762893,9.61587214452889,9.91081067291591,0.19999733336888842,503.64,0,0,C,C4,MORTGAGE,Source Verified,home_improvement
10500.0,8.49,36.0,,52000.0,18.62,0.0,8.0,0.0,11459.0,59.7,10.859018228147885,9.259225769705994,9.34661799026873,0.2019191938616565,305.64,0,0,B,B1,MORTGAGE,Source Verified,credit_card
11800.0,15.77,36.0,10.0,75000.0,21.86,5.0,17.0,0.0,13530.0,84.0,11.225256725762893,9.375939552625749,9.512738628263644,0.15733123558352555,567.72,1,0,D,D1,MORTGAGE,Not Verified,debt_consolidation
18000.0,10.78,60.0,5.0,60200.0,27.03,0.0,10.0,1.0,97.0,0.7,11.005444242454628,9.798182590890704,4.584967478670571,0.2989983555090447,646.8,0,1,B,B4,MORTGAGE,Not Verified,home_improvement
9000.0,11.22,36.0,0.0,35000.0,9.5,0.0,8.0,0.0,8281.0,53.4,10.463131911491967,9.105090961257085,9.021839764105513,0.2571355104139882,403.92,0,0,B,B5,RENT,Source Verified,debt_consolidation
8200.0,9.76,36.0,4.0,93400.0,25.08,0.0,10.0,1.0,12641.0,72.6,11.444657330797734,9.01201137703641,9.444779883032243,0.08779349257502596,351.36,0,1,B,B3,RENT,Source Verified,credit_card
29875.0,23.13,60.0,,76000.0,30.45,0.0,21.0,0.0,29962.0,57.3,11.23850177707664,10.304810761476958,10.307718566129479,0.3930869330666702,1387.8,0,0,F,F2,MORTGAGE,Verified,home_improvement
10000.0,11.99,60.0,10.0,50000.0,15.55,0.0,7.0,0.0,6116.0,72.0,10.819798284210286,9.210440366976515,8.718827059242564,0.1999960000799984,719.4,0,0,C,C1,MORTGAGE,Not Verified,debt_consolidation
10000.0,14.48,36.0,1.0,25000.0,19.64,0.0,8.0,0.0,11211.0,65.2,10.12667110305036,9.210440366976515,9.324739912284679,0.3999840006399744,521.28,0,0,C,C5,RENT,Verified,debt_consolidation
16625.0,23.13,60.0,10.0,46200.0,21.58,1.0,12.0,1.0,12546.0,72.9,10.740756721857224,9.718723014091033,9.4372368721597,0.35984069608882924,1387.8,1,1,F,F2,MORTGAGE,Verified,debt_consolidation
16000.0,14.85,36.0,4.0,81500.0,29.24,0.0,10.0,0.0,35422.0,91.1,11.308370569092329,9.680406499268875,10.475116605660943,0.196316609612152,534.6,0,0,C,C5,MORTGAGE,Verified,credit_card
10000.0,16.59,60.0,0.0,30000.0,30.84,0.0,19.0,1.0,6118.0,26.6,10.308985993422082,9.210440366976515,8.71915396346254,0.33332222259258026,995.4,0,1,D,D2,RENT,Source Verified,debt_consolidation
24000.0,11.22,36.0,10.0,80000.0,19.19,0.0,10.0,0.0,6275.0,38.5,11.289794413577894,10.085850775128717,8.744488113852922,0.2999962500468744,403.92,0,0,B,B5,MORTGAGE,Verified,credit_card
9000.0,10.64,36.0,2.0,91500.0,10.5,0.0,23.0,1.0,19389.0,48.2,11.42410518016564,9.105090961257085,9.872512748236698,0.09835958076960907,383.04,0,1,B,B4,MORTGAGE,Source Verified,debt_consolidation
18625.0,13.44,36.0,10.0,44400.0,7.78,1.0,5.0,0.0,7620.0,88.6,10.70101727068921,9.832313733081604,8.938662873666118,0.4194725344023783,483.84,1,0,C,C3,MORTGAGE,Verified,debt_consolidation
3600.0,7.49,36.0,4.0,55000.0,11.06,1.0,5.0,0.0,5505.0,27.7,10.915106645867501,8.188966863648876,8.613593685702552,0.0654533553935383,269.64,1,0,A,A4,RENT,Source Verified,major_purchase
8000.0,13.99,36.0,7.0,49000.0,22.21,0.0,17.0,0.0,9218.0,48.0,10.799595985047786,8.987321812850123,9.129021850798594,0.16326197424542357,503.64,0,0,C,C4,RENT,Verified,debt_consolidation
9000.0,9.76,36.0,10.0,90000.0,26.73,0.0,20.0,0.0,24735.0,56.2,11.407576060361786,9.105090961257085,10.116014951387148,0.09999888890123443,351.36,0,0,B,B3,MORTGAGE,Not Verified,credit_card
20000.0,5.32,36.0,10.0,148000.0,17.01,0.0,14.0,0.0,48250.0,40.5,11.904974309480181,9.903537551286169,10.784171831940965,0.13513422206606712,191.52,0,0,A,A1,MORTGAGE,Not Verified,credit_card
15800.0,10.78,60.0,1.0,55000.0,8.43,0.0,7.0,0.0,17411.0,38.7,10.915106645867501,9.667828508151498,9.764914902672189,0.2872675042271959,646.8,0,0,B,B4,MORTGAGE,Not Verified,credit_card
20000.0,12.88,60.0,10.0,100000.0,8.41,0.0,11.0,0.0,31131.0,90.0,11.51293546492023,9.903537551286169,10.345991508079278,0.1999980000199998,772.8000000000001,0,0,C,C2,RENT,Source Verified,debt_consolidation
2700.0,10.78,36.0,,29000.0,2.48,0.0,8.0,0.0,1765.0,17.6,10.275085591132715,7.901377353792615,7.476472381163905,0.09310023792283025,388.08,0,0,B,B4,OWN,Not Verified,credit_card
12300.0,28.49,60.0,10.0,59000.0,20.89,0.0,9.0,1.0,3200.0,86.5,10.985309671896763,9.417435838868785,8.071218539969863,0.2084710428636803,1709.3999999999999,0,1,G,G4,MORTGAGE,Verified,debt_consolidation
10000.0,11.99,36.0,10.0,78000.0,22.74,0.0,11.0,0.0,10625.0,71.3,11.264476926102367,9.210440366976515,9.271059107010888,0.12820348457071062,431.64,0,0,C,C1,OWN,Verified,credit_card
5000.0,16.59,36.0,,19000.0,14.28,0.0,6.0,0.0,4040.0,80.8,9.852246888342531,8.517393171418904,8.304247465078474,0.2631440450502605,597.24,0,0,D,D2,RENT,Verified,debt_consolidation
16000.0,10.78,36.0,5.0,63000.0,35.19,0.0,12.0,0.0,20672.0,46.0,11.050905878263567,9.680406499268875,9.936583780025318,0.25396422279011444,388.08,0,0,B,B4,RENT,Not Verified,debt_consolidation
15375.0,18.49,60.0,10.0,89450.55,8.21,0.0,6.0,0.0,5800.0,63.7,11.401452416903,9.640563131210074,8.665785595466064,0.17188075555985335,1109.3999999999999,0,0,D,D5,RENT,Source Verified,other
4500.0,16.59,36.0,0.0,62275.0,3.17,0.0,7.0,0.0,4702.0,34.1,11.039331397809566,8.412054873292933,8.455955881945048,0.07225897617059542,597.24,0,0,D,D2,RENT,Verified,credit_card
4875.0,17.97,36.0,2.0,49000.0,17.98,1.0,10.0,1.0,2604.0,38.0,10.799595985047786,8.492080490601161,7.865187954187467,0.09948776555580498,646.92,1,1,D,D4,RENT,Not Verified,debt_consolidation
8000.0,10.78,36.0,3.0,38000.0,25.36,0.0,13.0,1.0,7065.0,63.6,10.545367754151743,8.987321812850123,8.86304982791909,0.2105207757690587,388.08,0,1,B,B4,RENT,Verified,debt_consolidation
5000.0,5.32,36.0,10.0,70000.0,27.24,0.0,24.0,0.0,40110.0,20.6,11.156264806643742,8.517393171418904,10.599405889891859,0.07142755103498521,191.52,0,0,A,A1,MORTGAGE,Not Verified,debt_consolidation
12000.0,7.49,36.0,10.0,67000.0,9.92,1.0,7.0,1.0,6753.0,62.5,11.112462823634855,9.392745258631441,8.817890200945513,0.17910180445067983,269.64,1,1,A,A4,RENT,Source Verified,debt_consolidation
5000.0,8.49,36.0,10.0,36500.0,5.85,0.0,5.0,1.0,5800.0,71.0,10.505094936455558,8.517393171418904,8.665785595466064,0.13698254842333088,305.64,0,1,B,B1,RENT,Not Verified,credit_card
4000.0,10.78,36.0,2.0,69000.0,19.06,2.0,13.0,0.0,5255.0,28.9,11.141876276228,8.294299608857235,8.567125560164445,0.057970174345299344,388.08,1,0,B,B4,MORTGAGE,Not Verified,debt_consolidation
18000.0,11.99,36.0,0.0,60000.0,26.14,1.0,14.0,0.0,26833.0,48.7,11.002116507732017,9.798182590890704,10.197425019150417,0.29999500008333196,431.64,1,0,C,C1,MORTGAGE,Verified,debt_consolidation
5000.0,11.99,36.0,1.0,30000.0,9.16,0.0,12.0,2.0,5426.0,28.3,10.308985993422082,8.517393171418904,8.599141774063405,0.16666111129629013,431.64,0,1,C,C1,RENT,Source Verified,debt_consolidation
21000.0,9.17,36.0,0.0,110000.0,22.5,1.0,14.0,5.0,24093.0,46.1,11.608244735642321,9.952325334619427,10.089718125826797,0.1909073553876783,330.12,1,1,B,B2,MORTGAGE,Not Verified,debt_consolidation
6000.0,6.99,36.0,,55500.0,7.76,0.0,14.0,0.0,10884.0,14.6,10.92415631759022,8.699681400989512,9.295140973668648,0.10810616024936488,251.64000000000001,0,0,A,A3,OWN,Not Verified,debt_consolidation
2525.0,19.89,36.0,0.0,28750.0,37.91,0.0,10.0,0.0,36459.0,97.5,10.266427828229292,7.8343923029104365,10.503971048232653,0.08782303224235678,716.04,0,0,E,E3,MORTGAGE,Source Verified,credit_card
10000.0,11.99,60.0,6.0,23400.0,34.56,0.0,8.0,0.0,12389.0,86.6,10.060534035475412,9.210440366976515,9.424644974623188,0.4273321652920815,719.4,0,0,C,C1,RENT,Not Verified,credit_card
5725.0,12.88,36.0,,12468.0,22.96,0.0,8.0,0.0,6416.0,23.2,9.431000842996585,8.65277248565806,8.766705997750515,0.45913866388643837,463.68,0,0,C,C2,OWN,Verified,credit_card
6500.0,6.49,36.0,10.0,35000.0,12.53,0.0,9.0,0.0,14286.0,30.9,10.463131911491967,8.77971129020447,9.567105311865157,0.1857089797434359,233.64000000000001,0,0,A,A2,MORTGAGE,Not Verified,credit_card
10825.0,18.99,36.0,10.0,36000.0,15.9,0.0,9.0,0.0,6896.0,53.5,10.491301994830229,9.289705927356923,8.83884181343129,0.3006860920529985,683.64,0,0,E,E1,RENT,Verified,debt_consolidation
9100.0,5.32,36.0,10.0,57000.0,24.57,0.0,11.0,0.0,10263.0,45.2,10.950824090522444,9.116139576577355,9.236397906295473,0.15964632199435097,191.52,0,0,A,A1,MORTGAGE,Not Verified,credit_card
6000.0,10.78,36.0,10.0,60000.0,20.56,0.0,12.0,0.0,17387.0,74.3,11.002116507732017,8.699681400989512,9.763535592108683,0.09999833336111065,388.08,0,0,B,B4,MORTGAGE,Source Verified,home_improvement
6000.0,14.85,36.0,10.0,80000.0,6.78,0.0,4.0,0.0,1979.0,66.0,11.289794413577894,8.699681400989512,7.590852123688581,0.0749990625117186,534.6,0,0,C,C5,RENT,Source Verified,debt_consolidation
10000.0,8.49,36.0,1.0,67000.0,13.63,0.0,8.0,0.0,15899.0,47.9,11.112462823634855,9.210440366976515,9.674074388208323,0.14925150370889986,305.64,0,0,B,B1,RENT,Not Verified,other
20000.0,9.17,36.0,10.0,100000.0,26.37,0.0,23.0,0.0,25246.0,35.0,11.51293546492023,9.903537551286169,10.136462615763627,0.1999980000199998,330.12,0,0,B,B2,MORTGAGE,Not Verified,debt_consolidation
10000.0,18.99,60.0,5.0,37440.0,20.64,0.0,6.0,0.0,9064.0,78.1,10.530521639636548,9.210440366976515,9.11217612318895,0.26708688336315806,1139.3999999999999,0,0,E,E1,MORTGAGE,Source Verified,debt_consolidation
5050.0,7.89,36.0,2.0,12000.0,19.1,0.0,5.0,0.0,5050.0,53.7,9.392745258631441,8.527341522468053,8.527341522468053,0.42079826681109905,284.03999999999996,0,0,A,A5,RENT,Source Verified,debt_consolidation
33875.0,24.24,60.0,2.0,77900.0,5.36,0.0,10.0,0.0,12506.0,32.0,11.263194068746921,10.43046207804149,9.434043766548907,0.43484679272409854,1454.3999999999999,0,0,F,F3,OWN,Verified,debt_consolidation
15000.0,19.89,60.0,9.0,50000.0,21.87,0.0,23.0,0.0,6431.0,26.8,10.819798284210286,9.61587214452889,8.769040810858803,0.2999940001199976,1193.4,0,0,E,E3,RENT,Verified,debt_consolidation
15600.0,9.17,36.0,0.0,120000.0,16.56,0.0,6.0,0.0,5646.0,102.7,11.695255355062795,9.655090293747248,8.638879709672837,0.12999891667569438,330.12,0,0,B,B2,RENT,Verified,credit_card
10000.0,10.64,36.0,8.0,59613.0,34.29,0.0,19.0,0.0,11202.0,71.4,10.995645724797772,9.210440366976515,9.323936878558722,0.16774583151608682,383.04,0,0,B,B4,MORTGAGE,Not Verified,debt_consolidation
5000.0,11.99,36.0,3.0,45250.0,25.93,2.0,13.0,0.0,2378.0,39.0,10.719980048331397,8.517393171418904,7.774435510302958,0.11049479569512276,431.64,1,0,C,C1,OWN,Source Verified,debt_consolidation
2550.0,13.18,36.0,5.0,45000.0,10.99,0.0,18.0,2.0,9257.0,35.1,10.714439990727769,7.844240718141811,9.133243321591216,0.05666540743539032,474.48,0,1,C,C3,MORTGAGE,Not Verified,credit_card
20225.0,8.49,36.0,6.0,250000.0,12.64,0.0,34.0,0.0,91249.51999999856,54.4,13.217675375388819,9.914724184462115,12.605851618167351,0.036772660413344704,305.64,0,0,B,B1,MORTGAGE,Not Verified,credit_card
12000.0,11.48,60.0,10.0,76000.0,4.38,0.0,11.0,1.0,7259.0,43.7,11.23850177707664,9.392745258631441,8.89013510781884,0.15789265930711438,688.8000000000001,0,1,B,B5,RENT,Not Verified,debt_consolidation
30000.0,13.99,36.0,2.0,95000.0,12.39,0.0,18.0,0.0,14314.0,35.3,11.461642696843066,10.308985993422082,9.569063217532214,0.3157861496194777,503.64,0,0,C,C4,RENT,Verified,credit_card
1000.0,9.17,36.0,5.0,55000.0,8.34,0.0,7.0,0.0,2277.0,25.3,10.915106645867501,6.90875477931522,7.731053144007127,0.018181487609316194,330.12,0,0,B,B2,MORTGAGE,Source Verified,debt_consolidation
11000.0,9.17,36.0,10.0,32000.0,13.73,0.0,9.0,1.0,10643.0,69.1,10.373522431293592,9.305741456739435,9.27275163209758,0.34373925814818285,330.12,0,1,B,B2,RENT,Verified,credit_card
20625.0,18.99,60.0,3.0,110000.0,19.29,0.0,5.0,2.0,2024.0,67.5,11.608244735642321,9.934307694876013,7.613324979540639,0.18749829547004118,1139.3999999999999,0,1,E,E1,MORTGAGE,Source Verified,debt_consolidation
35000.0,16.59,36.0,10.0,105000.0,27.22,0.0,15.0,0.0,40781.0,66.3,11.561725152903833,10.463131911491967,10.615996086574693,0.33333015876039274,597.24,0,0,D,D2,MORTGAGE,Verified,credit_card
4325.0,19.99,36.0,4.0,12041.0,9.17,0.0,5.0,0.0,3108.0,63.4,9.396155818024393,8.372398606513004,8.042056410058754,0.3591596080385318,719.64,0,0,E,E4,OWN,Verified,debt_consolidation
12000.0,9.17,36.0,10.0,50000.0,33.94,0.0,14.0,1.0,18694.0,49.0,10.819798284210286,9.392745258631441,9.836011387411213,0.2399952000959981,330.12,0,1,B,B2,RENT,Verified,debt_consolidation
21000.0,10.78,36.0,10.0,130000.0,13.72,0.0,14.0,0.0,32643.0,64.4,11.775297421715825,9.952325334619427,10.393416350589133,0.16153721894446965,388.08,0,0,B,B4,MORTGAGE,Source Verified,debt_consolidation
4500.0,11.99,36.0,0.0,24000.0,14.05,0.0,7.0,0.0,9378.0,36.9,10.085850775128717,8.412054873292933,9.146228426508937,0.18749218782550728,431.64,0,0,C,C1,RENT,Verified,debt_consolidation
26000.0,5.32,36.0,2.0,181000.0,10.0,0.0,10.0,0.0,32158.0,32.0,12.10625783509458,10.165890277802454,10.378447628282094,0.14364561521759547,191.52,0,0,A,A1,MORTGAGE,Source Verified,credit_card
13000.0,7.49,36.0,,65000.0,25.54,0.0,16.0,0.0,18027.0,27.4,11.082157933374816,9.472781556562168,9.799681383810539,0.19999692312425962,269.64,0,0,A,A4,MORTGAGE,Not Verified,debt_consolidation
17625.0,17.57,36.0,8.0,42000.0,18.86,0.0,10.0,0.0,10383.0,30.4,10.645448706505872,9.777130363659605,9.248021438943871,0.4196328658841456,632.52,0,0,D,D4,RENT,Verified,home_improvement
24000.0,7.91,60.0,10.0,100000.0,3.27,0.0,12.0,0.0,15180.0,15.1,11.51293546492023,10.085850775128717,9.627799924932715,0.23999760002399975,474.6,0,0,A,A5,MORTGAGE,Source Verified,home_improvement
16000.0,9.8,36.0,8.0,60000.0,15.3,0.0,6.0,0.0,10166.0,71.6,11.002116507732017,9.680406499268875,9.226902460275161,0.26666222229629505,352.8,0,0,B,B3,RENT,Source Verified,credit_card
18000.0,13.99,60.0,0.0,63000.0,23.25,0.0,21.0,0.0,29993.0,46.6,11.050905878263567,9.798182590890704,10.308752640641625,0.28570975063887877,839.4,0,0,C,C4,MORTGAGE,Source Verified,debt_consolidation
6400.0,13.44,36.0,10.0,54000.0,27.44,2.0,8.0,0.0,1101.0,21.2,10.896757843893464,8.764209507142002,7.004881989712859,0.118516323771782,483.84,1,0,C,C3,RENT,Source Verified,debt_consolidation
6500.0,13.99,36.0,3.0,45000.0,14.99,0.0,8.0,1.0,5961.0,58.4,10.714439990727769,8.77971129020447,8.693161274238017,0.14444123463923023,503.64,0,1,C,C4,RENT,Source Verified,credit_card
28000.0,19.48,60.0,3.0,91500.0,15.2,0.0,11.0,0.0,18136.0,69.0,11.42410518016564,10.239995502805314,9.805709329617423,0.3060075846165616,1168.8,0,0,E,E2,MORTGAGE,Source Verified,debt_consolidation
14400.0,19.48,60.0,3.0,73320.0,17.02,0.0,9.0,0.0,12105.0,96.8,11.20260234070406,9.575052927597381,9.401456476451632,0.19639666671212885,1168.8,0,0,E,E2,RENT,Source Verified,debt_consolidation
24000.0,11.22,60.0,10.0,85000.0,18.11,0.0,15.0,0.0,22474.0,40.6,11.350418300109132,10.085850775128717,10.020158859339821,0.28234961941624215,673.2,0,0,B,B5,OWN,Verified,other
19775.0,15.41,60.0,3.0,43000.0,24.25,0.0,9.0,0.0,22289.0,64.2,10.668978650219241,9.892224360257417,10.011893426379913,0.4598730262086928,924.6,0,0,D,D1,MORTGAGE,Not Verified,credit_card
13200.0,12.88,60.0,2.0,100000.0,23.39,0.0,21.0,0.0,6165.0,34.2,11.51293546492023,9.488047863280759,8.726805608446096,0.13199868001319986,772.8000000000001,0,0,C,C2,MORTGAGE,Not Verified,credit_card
16000.0,10.78,60.0,10.0,40000.0,15.69,0.0,24.0,0.0,252.0,12.6,10.596659732783579,9.680406499268875,5.53338948872752,0.39999000024999376,646.8,0,0,B,B4,OWN,Source Verified,credit_card
28000.0,17.27,60.0,10.0,100000.0,10.32,1.0,11.0,1.0,12728.0,57.6,11.51293546492023,10.239995502805314,9.451638133870434,0.2799972000279997,1036.2,1,1,D,D3,MORTGAGE,Not Verified,debt_consolidation
5500.0,7.91,36.0,0.0,49500.0,14.19,0.0,19.0,0.0,20157.0,57.6,10.809748150372926,8.612685172875457,9.911356510914823,0.11110886648754571,284.76,0,0,A,A5,RENT,Source Verified,credit_card
3600.0,13.99,36.0,10.0,65000.0,18.41,0.0,9.0,0.0,3787.0,53.3,11.082157933374816,8.188966863648876,8.239593454305968,0.05538376332671805,503.64,0,0,C,C4,OWN,Not Verified,other
12000.0,10.78,36.0,0.0,81900.0,11.59,1.0,16.0,0.0,10874.0,41.2,11.313266479778829,9.392745258631441,9.294221855956884,0.1465183575292121,388.08,1,0,B,B4,RENT,Source Verified,credit_card
12000.0,18.49,36.0,1.0,48000.0,24.98,2.0,6.0,1.0,1735.0,39.4,10.77897712300635,9.392745258631441,7.459338895220295,0.24999479177517134,665.64,1,1,D,D5,RENT,Verified,debt_consolidation
25000.0,17.97,36.0,10.0,132000.0,9.05,0.0,8.0,0.0,7087.0,57.6,11.790564777297387,10.12667110305036,8.866158492284917,0.18939250460223786,646.92,0,0,D,D4,MORTGAGE,Verified,debt_consolidation
10650.0,14.48,36.0,5.0,37000.0,9.73,0.0,14.0,0.0,9523.0,25.5,10.518700218288165,9.273409063443165,9.161570207606752,0.28783005864706357,521.28,0,0,C,C5,MORTGAGE,Verified,home_improvement
20000.0,16.59,60.0,3.0,60000.0,31.88,0.0,11.0,1.0,7413.0,41.2,11.002116507732017,9.903537551286169,8.911125383710678,0.3333277778703688,995.4,0,1,D,D2,RENT,Source Verified,debt_consolidation
35000.0,20.99,60.0,2.0,86000.0,19.06,0.0,10.0,0.0,30519.0,79.1,11.362114203075018,10.463131911491967,10.326137485398393,0.40697201195334937,1259.3999999999999,0,0,E,E5,RENT,Source Verified,debt_consolidation
12000.0,9.8,60.0,10.0,65000.0,23.84,0.0,18.0,0.0,9786.0,13.4,11.082157933374816,9.392745258631441,9.18881025342582,0.1846125444223935,588.0,0,0,B,B3,MORTGAGE,Not Verified,debt_consolidation
35000.0,7.89,36.0,10.0,98000.0,22.31,0.0,13.0,0.0,84823.0,40.0,11.49273296168228,10.463131911491967,11.348333800605634,0.35713921286517486,284.03999999999996,0,0,A,A5,RENT,Verified,credit_card
30000.0,7.49,36.0,3.0,130000.0,9.82,0.0,11.0,0.0,39025.0,28.0,11.775297421715825,10.308985993422082,10.571983369654944,0.23076745563495665,269.64,0,0,A,A4,MORTGAGE,Verified,credit_card
15000.0,9.17,36.0,4.0,95000.0,3.21,0.0,6.0,1.0,8661.0,96.2,11.461642696843066,9.61587214452889,9.066700921774572,0.15789307480973885,330.12,0,1,B,B2,RENT,Not Verified,credit_card
15000.0,12.59,36.0,3.0,62000.0,14.83,0.0,11.0,0.0,14278.0,56.4,11.034905792929415,9.61587214452889,9.566545205430295,0.24193158174868148,453.24,0,0,C,C2,MORTGAGE,Source Verified,debt_consolidation
24000.0,7.91,36.0,6.0,165000.0,8.29,0.0,11.0,1.0,10527.0,40.2,12.013706813470412,10.085850775128717,9.261793653565098,0.1454536639171884,284.76,0,1,A,A5,MORTGAGE,Source Verified,other
5000.0,9.8,36.0,0.0,60250.0,1.41,0.0,7.0,0.0,3403.0,23.1,11.006274448725538,8.517393171418904,8.132706489693264,0.08298617450332775,352.8,0,0,B,B3,RENT,Source Verified,debt_consolidation
14000.0,5.32,36.0,0.0,87000.0,15.74,0.0,8.0,0.0,13830.0,28.8,11.373674891823535,9.546884034617925,9.534667728624708,0.16091769060125746,191.52,0,0,A,A1,RENT,Not Verified,debt_consolidation
17600.0,23.13,36.0,0.0,40000.0,39.23,0.0,13.0,0.0,35967.0,94.6,10.596659732783579,9.775710997593968,10.490384933253363,0.4399890002749931,832.68,0,0,F,F2,RENT,Verified,credit_card
8450.0,16.59,36.0,4.0,50000.0,30.32,0.0,11.0,0.0,28579.0,72.5,10.819798284210286,9.042040056544481,10.260462451483859,0.16899662006759864,597.24,0,0,D,D2,MORTGAGE,Source Verified,credit_card
12000.0,15.41,36.0,10.0,85000.0,13.16,0.0,14.0,1.0,14756.0,36.6,11.350418300109132,9.392745258631441,9.59947282546345,0.14117480970812107,554.76,0,1,D,D1,RENT,Source Verified,vacation
5000.0,16.55,36.0,0.0,16000.0,20.86,0.0,20.0,0.0,10312.0,61.0,9.680406499268875,8.517393171418904,9.24116051431607,0.31248046997062684,595.8000000000001,0,0,D,D2,RENT,Verified,debt_consolidation
24000.0,14.85,60.0,1.0,48000.0,20.62,0.0,13.0,0.0,18155.0,59.1,10.77897712300635,10.085850775128717,9.806756363576357,0.4999895835503427,891.0,0,0,C,C5,MORTGAGE,Verified,debt_consolidation
5000.0,11.99,36.0,3.0,60000.0,13.5,0.0,5.0,1.0,108.0,7.2,11.002116507732017,8.517393171418904,4.6913478822291435,0.0833319444675922,431.64,0,1,C,C1,RENT,Verified,debt_consolidation
25000.0,10.64,60.0,10.0,75000.0,16.37,1.0,4.0,0.0,16036.0,43.3,11.225256725762893,10.12667110305036,9.682653831508809,0.3333288889481474,638.4000000000001,1,0,B,B4,RENT,Source Verified,credit_card
15500.0,13.99,36.0,9.0,75000.0,20.34,0.0,14.0,0.0,19747.0,32.0,11.225256725762893,9.648659816955295,9.890807499378754,0.20666391114785138,503.64,0,0,C,C4,MORTGAGE,Verified,debt_consolidation
20000.0,6.49,36.0,6.0,150000.0,1.14,0.0,4.0,0.0,12031.0,80.8,11.918397239722838,9.903537551286169,9.39532504618962,0.13333244445037032,233.64000000000001,0,0,A,A2,MORTGAGE,Not Verified,credit_card
16325.0,16.99,36.0,8.0,49000.0,37.11,0.0,16.0,0.0,19432.0,79.3,10.799595985047786,9.7005142080113,9.874727930864703,0.33315646619456746,611.64,0,0,D,D3,MORTGAGE,Source Verified,debt_consolidation
28000.0,16.59,60.0,2.0,146000.0,24.09,0.0,19.0,0.0,16307.0,40.5,11.891368749982085,10.239995502805314,9.699411063939143,0.19177950835953178,995.4,0,0,D,D2,MORTGAGE,Not Verified,debt_consolidation
14600.0,9.17,36.0,6.0,59000.0,15.16,0.0,5.0,0.0,14735.0,92.1,10.985309671896763,9.588845298501564,9.598048758495088,0.24745343299266115,330.12,0,0,B,B2,RENT,Source Verified,credit_card
32000.0,17.27,36.0,9.0,88000.0,14.07,0.0,5.0,0.0,0.0,0.0,11.385103457032141,10.373522431293592,0.0,0.3636322314519153,621.72,0,0,D,D3,MORTGAGE,Source Verified,home_improvement
13000.0,11.48,36.0,0.0,47000.0,19.2,0.0,14.0,0.0,15833.0,97.1,10.757924157061597,9.472781556562168,9.669914805731379,0.2765898597902172,413.28000000000003,0,0,B,B5,RENT,Verified,debt_consolidation
26000.0,10.78,36.0,4.0,88000.0,24.04,0.0,8.0,0.0,22043.0,55.5,11.385103457032141,10.165890277802454,10.000795735003125,0.2954511880546812,388.08,0,0,B,B4,MORTGAGE,Not Verified,debt_consolidation
9200.0,16.99,36.0,7.0,23000.0,24.5,0.0,8.0,0.0,12571.0,67.2,10.043292972227004,9.127067452782361,9.439227397917458,0.39998260945176295,611.64,0,0,D,D3,RENT,Source Verified,debt_consolidation
17000.0,5.32,36.0,5.0,98000.0,9.21,0.0,9.0,0.0,18067.0,29.8,11.49273296168228,9.741027444837728,9.801897696774494,0.17346761767737065,191.52,0,0,A,A1,MORTGAGE,Source Verified,credit_card
14825.0,21.48,60.0,3.0,50000.0,15.89,0.0,9.0,1.0,2468.0,38.0,10.819798284210286,9.604137675216665,7.811568489345179,0.29649407011859763,1288.8,0,1,E,E5,MORTGAGE,Not Verified,debt_consolidation
8000.0,10.78,36.0,2.0,65000.0,17.66,0.0,9.0,0.0,8231.0,82.3,11.082157933374816,8.987321812850123,9.015784277513886,0.123075029614929,388.08,0,0,B,B4,RENT,Verified,credit_card
14000.0,11.99,36.0,10.0,110000.0,15.97,1.0,9.0,0.0,860.0,14.8,11.608244735642321,9.546884034617925,6.7580945044277305,0.1272715702584522,431.64,1,0,C,C1,RENT,Source Verified,vacation
10500.0,15.77,36.0,3.0,70100.0,8.51,0.0,5.0,0.0,8280.0,77.4,11.157692338256167,9.259225769705994,9.0217190130337,0.14978388325416186,567.72,0,0,D,D1,RENT,Source Verified,credit_card
8000.0,10.64,36.0,5.0,60000.0,33.54,1.0,17.0,0.0,14604.0,35.2,11.002116507732017,8.987321812850123,9.58911921482184,0.13333111114814752,383.04,1,0,B,B4,RENT,Verified,credit_card
2800.0,14.85,36.0,10.0,30639.0,18.76,0.0,10.0,0.0,9089.0,51.1,10.330061623854528,7.937731775260108,9.114930187171524,0.09138381201044386,534.6,0,0,C,C5,MORTGAGE,Verified,debt_consolidation
22850.0,15.41,60.0,0.0,70000.0,36.28,0.0,9.0,0.0,2644.0,28.4,11.156264806643742,10.036750159040897,7.8804263442924,0.32642390822988243,924.6,0,0,D,D1,RENT,Source Verified,debt_consolidation
24000.0,6.49,36.0,10.0,110000.0,7.87,0.0,15.0,0.0,26946.0,37.4,11.608244735642321,10.085850775128717,10.201627252886743,0.2181798347287752,233.64000000000001,0,0,A,A2,OWN,Source Verified,credit_card
16500.0,8.38,36.0,10.0,67000.0,15.06,0.0,14.0,1.0,7301.0,20.3,11.112462823634855,9.711176264112805,8.895903562215581,0.24626498111968478,301.68,0,1,B,B1,RENT,Not Verified,debt_consolidation
11200.0,5.32,36.0,10.0,80000.0,17.65,0.0,11.0,0.0,10808.0,21.2,11.289794413577894,9.32375833901174,9.288134399416203,0.13999825002187472,191.52,0,0,A,A1,MORTGAGE,Not Verified,debt_consolidation
15000.0,13.99,36.0,3.0,48100.0,28.32,0.0,7.0,0.0,13339.0,62.9,10.781058245898533,9.61587214452889,9.498522319469615,0.3118438286106318,503.64,0,0,C,C4,RENT,Verified,debt_consolidation
21000.0,5.32,36.0,,72000.0,10.05,0.0,11.0,0.0,28031.0,23.1,11.184435286790631,9.952325334619427,10.241101993736118,0.2916626157970028,191.52,0,0,A,A1,MORTGAGE,Not Verified,credit_card
10800.0,8.49,36.0,10.0,75400.0,17.54,0.0,27.0,0.0,31506.0,53.2,11.230575816507569,9.287394001418473,10.357965022348246,0.14323417461306878,305.64,0,0,B,B1,RENT,Not Verified,credit_card
13800.0,11.99,36.0,10.0,50000.0,19.49,0.0,4.0,0.0,16662.0,97.4,10.819798284210286,9.532496332288039,9.720945971538622,0.2759944801103978,431.64,0,0,C,C1,MORTGAGE,Not Verified,credit_card
6000.0,5.32,36.0,10.0,41175.0,4.14,0.0,4.0,0.0,5419.0,36.6,10.62561084133259,8.699681400989512,8.597851094433691,0.14571595103944046,191.52,0,0,A,A1,MORTGAGE,Verified,debt_consolidation
3200.0,9.8,36.0,,24000.0,18.05,1.0,7.0,0.0,5090.0,32.4,10.085850775128717,8.071218539969863,8.535229553902337,0.1333277780092496,352.8,1,0,B,B3,MORTGAGE,Not Verified,credit_card
6000.0,12.59,36.0,10.0,51000.0,10.37,0.0,8.0,1.0,5846.0,37.5,10.839600519357369,8.699681400989512,8.67368398817567,0.11764475206368502,453.24,0,1,C,C2,RENT,Source Verified,debt_consolidation
8325.0,12.88,36.0,6.0,27000.0,27.69,0.0,9.0,0.0,9955.0,44.8,10.203629181337648,9.02713842775492,9.205930663487482,0.3083219140031851,463.68,0,0,C,C2,RENT,Not Verified,medical
10525.0,18.49,36.0,5.0,41104.0,38.42,4.0,21.0,0.0,18125.0,81.3,10.623885047586233,9.261603665913723,9.805102650614726,0.25605157523415645,665.64,1,0,D,D5,RENT,Verified,other
12000.0,9.8,36.0,8.0,75000.0,14.11,0.0,8.0,0.0,12020.0,49.7,11.225256725762893,9.392745258631441,9.394410399304254,0.15999786669511074,352.8,0,0,B,B3,RENT,Source Verified,small_business
8000.0,12.88,36.0,0.0,56000.0,29.23,3.0,15.0,0.0,6368.0,44.8,10.933124826700706,8.987321812850123,8.759197750371365,0.14285459188228783,463.68,1,0,C,C2,RENT,Source Verified,credit_card
2000.0,13.99,36.0,9.0,46000.0,33.0,3.0,18.0,0.0,4043.0,22.7,10.736418414365374,7.601402334583733,8.304989580140361,0.043477315710528035,503.64,1,0,C,C4,RENT,Verified,moving
19800.0,17.57,60.0,1.0,45000.0,20.77,0.0,9.0,0.0,15658.0,87.0,10.714439990727769,9.893487720457793,9.658801110545443,0.43999022243950137,1054.2,0,0,D,D4,MORTGAGE,Verified,debt_consolidation
3475.0,18.49,36.0,10.0,29000.0,22.85,0.0,3.0,0.0,11977.0,95.8,10.275085591132715,8.153637486385282,9.390826912824407,0.11982345436364264,665.64,0,0,E,E2,OWN,Verified,debt_consolidation
10000.0,13.44,36.0,2.0,48000.0,29.93,0.0,22.0,0.0,23312.0,64.2,10.77897712300635,9.210440366976515,10.056766423877352,0.20832899314597614,483.84,0,0,C,C3,OWN,Source Verified,debt_consolidation
14875.0,18.99,60.0,0.0,40000.0,11.16,0.0,17.0,0.0,4847.0,64.6,10.596659732783579,9.60750445504496,8.48632152774915,0.3718657033574161,1139.3999999999999,0,0,E,E3,RENT,Verified,debt_consolidation
5000.0,9.17,36.0,,38000.0,32.41,0.0,19.0,1.0,14103.0,29.6,10.545367754151743,8.517393171418904,9.554213724077705,0.1315754848556617,330.12,0,1,B,B2,MORTGAGE,Verified,credit_card
7325.0,16.59,36.0,10.0,45000.0,36.16,1.0,10.0,0.0,4262.0,23.4,10.714439990727769,8.89918494333876,8.35772841676521,0.16277416057420946,597.24,1,0,D,D2,OWN,Not Verified,debt_consolidation
14075.0,16.55,36.0,2.0,32000.0,36.27,0.0,5.0,0.0,16944.0,99.1,10.373522431293592,9.552226498441476,9.737728084041152,0.439830005312334,595.8000000000001,0,0,D,D2,RENT,Verified,debt_consolidation
15000.0,8.49,36.0,9.0,54000.0,10.84,1.0,14.0,0.0,21259.0,58.0,10.896757843893464,9.61587214452889,9.964582651895938,0.2777726338401141,305.64,1,0,B,B1,MORTGAGE,Verified,credit_card
15000.0,11.99,60.0,10.0,61000.0,17.61,0.0,10.0,1.0,11506.0,43.1,11.0186455364637,9.61587214452889,9.350710824823459,0.24589760823593057,719.4,0,1,C,C1,RENT,Not Verified,credit_card
18000.0,6.99,36.0,3.0,78000.0,12.08,0.0,18.0,0.0,17267.0,31.1,11.264476926102367,9.798182590890704,9.756610356675369,0.23076627222727913,251.64000000000001,0,0,A,A3,MORTGAGE,Not Verified,debt_consolidation
10500.0,11.48,36.0,0.0,50000.0,9.24,0.0,4.0,0.0,5712.0,73.2,10.819798284210286,9.259225769705994,8.650499558724462,0.20999580008399832,413.28000000000003,0,0,B,B5,RENT,Not Verified,credit_card
9000.0,7.49,36.0,0.0,46344.0,22.73,2.0,12.0,0.0,8846.0,39.7,10.743868690309933,9.105090961257085,9.087833697483386,0.19419570611716475,269.64,1,0,A,A4,RENT,Source Verified,credit_card
6000.0,9.8,36.0,8.0,54200.0,9.94,0.0,11.0,0.0,16810.0,44.6,10.900454637442037,8.699681400989512,9.729788713033058,0.11069906459290418,352.8,0,0,B,B3,RENT,Not Verified,house
30000.0,9.17,36.0,10.0,135000.0,11.63,0.0,9.0,0.0,17673.0,73.3,11.813037464800539,10.308985993422082,9.77984991207795,0.2222205761438804,330.12,0,0,B,B2,MORTGAGE,Source Verified,debt_consolidation
2500.0,8.49,36.0,2.0,51500.0,15.08,0.0,7.0,0.0,11299.0,59.8,10.849356503939038,7.824445930877618,9.33255800470043,0.048542746742781695,305.64,0,0,B,B1,MORTGAGE,Not Verified,credit_card
15000.0,5.32,36.0,9.0,60000.0,21.48,0.0,8.0,0.0,12370.0,15.7,11.002116507732017,9.61587214452889,9.423110302862831,0.24999583340277662,191.52,0,0,A,A1,OWN,Not Verified,debt_consolidation
7000.0,9.8,36.0,10.0,106500.0,14.49,0.0,14.0,0.0,1506.0,1.8,11.575909653758895,8.853808274977197,7.317876198626495,0.06572708237481338,352.8,0,0,B,B3,RENT,Source Verified,debt_consolidation
3500.0,13.99,36.0,10.0,105000.0,17.65,0.0,9.0,0.0,22712.0,78.9,11.561725152903833,8.160803920954665,10.030692726771417,0.033333015876039276,503.64,0,0,C,C4,RENT,Verified,other
16000.0,5.32,36.0,5.0,120000.0,15.24,0.0,16.0,0.0,14797.0,14.3,11.695255355062795,9.680406499268875,9.602247315485496,0.13333222223148142,191.52,0,0,A,A1,OWN,Not Verified,debt_consolidation
9500.0,9.17,36.0,5.0,95000.0,9.36,0.0,8.0,0.0,7295.0,63.0,11.461642696843066,9.159152335206748,8.895081531754167,0.09999894737950127,330.12,0,0,B,B2,RENT,Not Verified,home_improvement
6000.0,12.88,36.0,4.0,50000.0,5.43,0.0,8.0,0.0,5306.0,73.7,10.819798284210286,8.699681400989512,8.576781982827894,0.11999760004799905,463.68,0,0,C,C2,OWN,Source Verified,credit_card
7800.0,16.59,36.0,6.0,48000.0,31.7,0.0,14.0,0.0,2246.0,12.0,10.77897712300635,8.962007209588313,7.717351272185329,0.16249661465386137,597.24,0,0,D,D2,MORTGAGE,Not Verified,debt_consolidation
24000.0,13.99,60.0,0.0,80000.0,28.65,0.0,25.0,0.0,70224.0,54.2,11.289794413577894,10.085850775128717,11.159459651972444,0.2999962500468744,839.4,0,0,C,C4,RENT,Not Verified,debt_consolidation
3600.0,11.22,36.0,6.0,40000.0,27.54,0.0,20.0,0.0,9967.0,37.9,10.596659732783579,8.188966863648876,9.207135241027235,0.08999775005624859,403.92,0,0,B,B5,RENT,Verified,other
28025.0,12.88,36.0,10.0,120000.0,17.17,2.0,12.0,0.0,16965.0,75.0,11.695255355062795,10.240887929730162,9.73896662036768,0.23353972050232916,463.68,1,0,C,C2,MORTGAGE,Verified,debt_consolidation
12000.0,5.32,36.0,2.0,128000.0,13.28,0.0,10.0,0.0,20562.0,61.9,11.759793355371237,9.392745258631441,9.931248623321519,0.093749267583847,191.52,0,0,A,A1,MORTGAGE,Source Verified,credit_card
10000.0,8.38,36.0,,145000.0,32.43,0.0,21.0,0.0,14841.0,50.8,11.884495917930654,9.210440366976515,9.60521627853008,0.06896504162040262,301.68,0,0,B,B1,RENT,Not Verified,debt_consolidation
20000.0,9.17,36.0,3.0,110000.0,7.57,0.0,23.0,0.0,17248.0,50.9,11.608244735642321,9.903537551286169,9.755509449764629,0.18181652894064598,330.12,0,0,B,B2,RENT,Not Verified,credit_card
13200.0,7.89,36.0,10.0,80000.0,12.82,0.0,12.0,0.0,15008.0,41.0,11.289794413577894,9.488047863280759,9.616405300156314,0.16499793752578093,284.03999999999996,0,0,A,A5,MORTGAGE,Not Verified,debt_consolidation
16000.0,18.99,60.0,10.0,85000.0,10.12,0.0,9.0,1.0,6647.0,43.7,11.350418300109132,9.680406499268875,8.802071336535283,0.1882330796108281,1139.3999999999999,0,1,E,E1,MORTGAGE,Not Verified,debt_consolidation
11425.0,9.8,36.0,9.0,69000.0,25.84,0.0,14.0,0.0,12478.0,32.6,11.141876276228,9.343646739284408,9.431802510507854,0.16557731047376126,352.8,0,0,B,B3,MORTGAGE,Not Verified,credit_card
1000.0,14.85,36.0,10.0,43000.0,10.49,0.0,9.0,0.0,1025.0,8.1,10.668978650219241,6.90875477931522,6.933423025730715,0.02325527313318295,534.6,0,0,C,C5,MORTGAGE,Verified,vacation
23200.0,13.67,60.0,10.0,58000.0,12.04,0.0,13.0,0.0,21645.0,93.7,10.968215530759235,10.05195066017375,9.982575958855092,0.3999931035671799,820.2,0,0,C,C4,RENT,Verified,debt_consolidation
10000.0,5.32,36.0,10.0,43000.0,6.03,0.0,5.0,0.0,7992.0,32.5,10.668978650219241,9.210440366976515,8.98632143762602,0.2325527313318295,191.52,0,0,A,A1,RENT,Not Verified,credit_card
6000.0,11.48,36.0,2.0,59500.0,16.42,0.0,13.0,2.0,9043.0,51.1,10.993748398115178,8.699681400989512,9.10985683339786,0.10083864136737197,413.28000000000003,0,1,B,B5,MORTGAGE,Source Verified,credit_card
8000.0,11.22,36.0,3.0,38500.0,17.86,0.0,17.0,1.0,8004.0,51.3,10.55843949396453,8.987321812850123,8.987821625430815,0.20778681073218877,403.92,0,1,B,B5,RENT,Source Verified,debt_consolidation
4800.0,11.99,36.0,1.0,45000.0,10.29,0.0,11.0,0.0,6174.0,78.2,10.714439990727769,8.47657950853094,8.728264161496178,0.10666429634897003,431.64,0,0,C,C1,RENT,Source Verified,credit_card
30000.0,13.99,60.0,0.0,100000.0,10.75,0.0,12.0,0.0,8196.0,20.5,11.51293546492023,10.308985993422082,9.01152351265303,0.2999970000299997,839.4,0,0,C,C4,OWN,Verified,major_purchase
13975.0,19.48,36.0,1.0,62000.0,17.56,0.0,6.0,0.0,6692.0,98.4,11.034905792929415,9.545096851813891,8.808817483100642,0.22539959032918824,701.28,0,0,E,E2,RENT,Verified,debt_consolidation
6000.0,6.24,36.0,5.0,40000.0,7.68,0.0,9.0,0.0,6785.0,18.7,10.596659732783579,8.699681400989512,8.822616945344175,0.14999625009374765,224.64000000000001,0,0,A,A2,RENT,Not Verified,debt_consolidation
4000.0,11.99,36.0,2.0,28000.0,23.23,0.0,5.0,0.0,5297.0,72.6,10.239995502805314,8.294299608857235,8.575084669832014,0.14285204099853577,431.64,0,0,C,C1,RENT,Verified,credit_card
24000.0,13.99,60.0,6.0,100000.0,25.87,0.0,17.0,0.0,23335.0,50.8,11.51293546492023,10.085850775128717,10.057752511547557,0.23999760002399975,839.4,0,0,C,C4,MORTGAGE,Source Verified,credit_card
7675.0,11.48,36.0,2.0,35000.0,10.12,0.0,10.0,0.0,1934.0,15.2,10.463131911491967,8.94585385712759,7.567862605463882,0.21927944915859546,413.28000000000003,0,0,B,B5,OWN,Source Verified,major_purchase
15950.0,26.06,60.0,0.0,38000.0,28.68,0.0,10.0,0.0,4328.0,18.0,10.545367754151743,9.677276802172448,8.37309184744198,0.4197257966895608,1563.6,0,0,F,F5,RENT,Source Verified,debt_consolidation
32000.0,12.88,36.0,10.0,180000.0,6.36,0.0,16.0,3.0,44704.0,71.0,12.100717685412471,10.373522431293592,10.707840631169418,0.17777679012894373,463.68,0,1,C,C2,MORTGAGE,Verified,debt_consolidation
35000.0,14.85,36.0,10.0,98000.0,18.38,0.0,10.0,0.0,40109.0,89.5,11.49273296168228,10.463131911491967,10.599380958764097,0.35713921286517486,534.6,0,0,C,C5,RENT,Verified,debt_consolidation
15950.0,13.99,60.0,7.0,65000.0,33.15,0.0,14.0,0.0,13333.0,38.5,11.082157933374816,9.677276802172448,9.498072443178005,0.2453808402947647,839.4,0,0,C,C4,RENT,Not Verified,credit_card
13200.0,12.88,36.0,10.0,45000.0,32.56,0.0,13.0,0.0,14895.0,56.9,10.714439990727769,9.488047863280759,9.608847999516849,0.29332681495966756,463.68,0,0,C,C2,MORTGAGE,Source Verified,debt_consolidation
20000.0,16.59,60.0,4.0,100000.0,20.0,0.0,12.0,0.0,18478.0,67.0,11.51293546492023,9.903537551286169,9.824390231177425,0.1999980000199998,995.4,0,0,D,D2,MORTGAGE,Source Verified,debt_consolidation
16225.0,23.99,36.0,4.0,36860.0,38.65,1.0,15.0,0.0,15836.0,82.5,10.51490936053568,9.69437017295501,9.670104253491726,0.44016711429424055,863.64,1,0,F,F3,MORTGAGE,Source Verified,debt_consolidation
9000.0,8.49,36.0,2.0,46000.0,18.5,0.0,10.0,1.0,8687.0,63.4,10.736418414365374,9.105090961257085,9.069698042173716,0.19564792069737613,305.64,0,1,B,B1,RENT,Verified,debt_consolidation
10000.0,11.99,36.0,7.0,80000.0,15.27,0.0,12.0,0.0,17540.0,45.2,11.289794413577894,9.210440366976515,9.77229627684378,0.124998437519531,431.64,0,0,C,C1,MORTGAGE,Not Verified,debt_consolidation
12650.0,14.85,36.0,10.0,36400.0,17.8,1.0,5.0,0.0,5554.0,45.9,10.502351525774941,9.445491542414668,8.62245370207373,0.34751792533172166,534.6,1,0,C,C5,RENT,Verified,major_purchase
17000.0,11.99,36.0,5.0,61000.0,31.62,0.0,12.0,0.0,9215.0,20.2,11.0186455364637,9.741027444837728,9.128696382935672,0.2786839560007213,431.64,0,0,C,C1,RENT,Verified,credit_card
26500.0,13.44,60.0,0.0,53000.0,25.84,0.0,13.0,0.0,24060.0,52.6,10.87806606028079,10.184937747111391,10.088347551424729,0.4999905662157318,806.4,0,0,C,C3,RENT,Not Verified,debt_consolidation
32725.0,28.99,60.0,3.0,75000.0,19.85,3.0,17.0,0.0,3303.0,39.6,11.225256725762893,10.39592514798884,8.102889134640868,0.4363275156331249,1739.3999999999999,1,0,G,G5,MORTGAGE,Source Verified,debt_consolidation
20000.0,5.32,36.0,10.0,162463.0,15.56,0.0,8.0,0.0,18896.0,35.7,11.99821171774712,9.903537551286169,9.846758458290038,0.12310419539097893,191.52,0,0,A,A1,MORTGAGE,Source Verified,credit_card
11550.0,16.59,60.0,5.0,38000.0,21.07,0.0,9.0,0.0,7179.0,39.7,10.545367754151743,9.35452729228868,8.87905466204227,0.3039393700165785,995.4,0,0,D,D2,RENT,Not Verified,credit_card
24000.0,17.97,60.0,10.0,100000.0,23.22,2.0,19.0,0.0,24513.0,65.5,11.51293546492023,10.085850775128717,10.10699966190111,0.23999760002399975,1078.1999999999998,1,0,D,D4,MORTGAGE,Not Verified,debt_consolidation
5000.0,13.99,36.0,3.0,19000.0,38.91,2.0,11.0,0.0,8416.0,51.6,9.852246888342531,8.517393171418904,9.038008749211576,0.2631440450502605,503.64,1,0,C,C4,MORTGAGE,Verified,other
30000.0,18.2,60.0,10.0,80000.0,21.11,0.0,10.0,0.0,11931.0,51.6,11.289794413577894,10.308985993422082,9.386979145634639,0.37499531255859303,1092.0,0,0,E,E1,MORTGAGE,Source Verified,debt_consolidation
3000.0,6.49,36.0,0.0,35000.0,12.35,0.0,7.0,0.0,3578.0,58.7,10.463131911491967,8.006700845440367,8.182838710766026,0.08571183680466272,233.64000000000001,0,0,A,A2,MORTGAGE,Source Verified,major_purchase
6000.0,16.99,36.0,2.0,40000.0,26.97,0.0,12.0,0.0,6605.0,39.1,10.596659732783579,8.699681400989512,8.795733605950735,0.14999625009374765,611.64,0,0,D,D3,RENT,Source Verified,other
18000.0,19.89,36.0,8.0,60000.0,27.76,0.0,20.0,0.0,8617.0,27.8,11.002116507732017,9.798182590890704,9.061608318175782,0.29999500008333196,716.04,0,0,E,E3,RENT,Not Verified,credit_card
18650.0,10.78,36.0,0.0,48000.0,31.7,0.0,16.0,0.0,18320.0,31.8,10.77897712300635,9.833655042937448,9.815803221891244,0.3885335722172455,388.08,0,0,B,B4,MORTGAGE,Not Verified,debt_consolidation
13000.0,7.89,36.0,5.0,57660.0,8.2,0.0,4.0,0.0,11075.0,78.0,10.962336314087443,9.472781556562168,9.312535884290853,0.2254556806160143,284.03999999999996,0,0,A,A5,RENT,Source Verified,credit_card
5000.0,11.48,36.0,2.0,85000.0,8.28,15.0,5.0,0.0,327.0,15.6,11.350418300109132,8.517393171418904,5.793013608384143,0.058822837378383785,413.28000000000003,1,0,B,B5,MORTGAGE,Source Verified,home_improvement
12225.0,19.48,36.0,8.0,34000.0,31.31,0.0,11.0,0.0,17534.0,94.3,10.434145214930487,9.41132011058867,9.771954162574279,0.3595482485809241,701.28,0,0,E,E2,OWN,Verified,debt_consolidation
28000.0,8.38,36.0,10.0,250000.0,9.05,0.0,45.0,0.0,73886.0,26.6,12.691583538230217,10.239995502805314,11.210292178065234,0.08615358106590441,301.68,0,0,B,B1,OWN,Source Verified,debt_consolidation
10000.0,13.44,36.0,4.0,55000.0,21.49,0.0,13.0,0.0,13747.0,93.5,10.915106645867501,9.210440366976515,9.528648637969724,0.18181487609316194,483.84,0,0,C,C3,RENT,Source Verified,debt_consolidation
8000.0,7.26,36.0,3.0,78000.0,18.4,0.0,10.0,0.0,21707.0,40.2,11.264476926102367,8.987321812850123,9.985436135183296,0.10256278765656851,261.36,0,0,A,A4,RENT,Verified,debt_consolidation
3225.0,24.24,36.0,0.0,65000.0,14.18,0.0,6.0,0.0,1793.0,99.6,11.082157933374816,8.078998258685154,7.492203042618741,0.04961462131351825,872.64,0,0,F,F3,MORTGAGE,Source Verified,debt_consolidation
35000.0,8.38,36.0,10.0,97379.0,14.44,0.0,20.0,0.0,42703.0,37.8,11.48637612973669,10.463131911491967,10.662047871644305,0.3594167180119121,301.68,0,0,B,B1,MORTGAGE,Source Verified,debt_consolidation
7000.0,12.88,36.0,10.0,65000.0,6.68,1.0,10.0,1.0,5123.0,41.3,11.082157933374816,8.853808274977197,8.541690663016624,0.10769065091306287,463.68,1,1,C,C2,RENT,Source Verified,vacation
33000.0,26.99,60.0,8.0,75000.0,23.5,1.0,14.0,0.0,26252.0,64.3,11.225256725762893,10.404293143019792,10.17553554720394,0.4399941334115545,1619.3999999999999,1,0,G,G1,RENT,Source Verified,debt_consolidation
7500.0,14.48,36.0,0.0,130000.0,18.81,1.0,13.0,4.0,48396.0,101.2,11.775297421715825,8.922791623969635,10.787193107312593,0.05769186390873916,521.28,1,1,C,C5,MORTGAGE,Verified,debt_consolidation
5100.0,10.64,36.0,0.0,75000.0,6.96,0.0,10.0,0.0,4762.0,36.6,11.225256725762893,8.537191877922925,8.46863300080086,0.06799909334542206,383.04,0,0,B,B4,RENT,Verified,debt_consolidation
16000.0,9.17,36.0,10.0,60000.0,24.76,1.0,18.0,0.0,27212.0,91.6,11.002116507732017,9.680406499268875,10.211450079283054,0.26666222229629505,330.12,1,0,B,B2,MORTGAGE,Not Verified,credit_card
12000.0,6.49,36.0,3.0,223000.0,7.22,0.0,25.0,1.0,9798.0,19.3,12.314931534737134,9.392745258631441,9.190035618635818,0.053811417886018446,233.64000000000001,0,1,A,A2,OWN,Not Verified,debt_consolidation
2400.0,20.99,36.0,10.0,47000.0,22.52,0.0,6.0,3.0,2488.0,31.1,10.757924157061597,7.783640596221253,7.819636302367591,0.05106274334588626,755.64,0,1,E,E5,MORTGAGE,Source Verified,home_improvement
9000.0,11.99,36.0,1.0,75000.0,12.45,4.0,9.0,2.0,2496.0,62.4,11.225256725762893,9.105090961257085,7.822845290279773,0.11999840002133305,431.64,1,1,C,C1,RENT,Source Verified,debt_consolidation
22400.0,7.91,36.0,10.0,150000.0,4.69,0.0,13.0,1.0,10603.0,26.5,11.918397239722838,10.016860879703811,9.268986567408916,0.14933233778441476,284.76,0,1,A,A5,RENT,Not Verified,debt_consolidation
19875.0,15.77,60.0,1.0,58000.0,23.19,0.0,25.0,0.0,18405.0,38.0,10.968215530759235,9.897268252722212,9.820431977398801,0.3426665057499009,946.1999999999999,0,0,D,D1,MORTGAGE,Not Verified,debt_consolidation
21575.0,16.59,60.0,6.0,52000.0,10.76,0.0,17.0,0.0,8117.0,27.6,10.859018228147885,9.979336864819565,9.001839097398843,0.4148958673871656,995.4,0,0,D,D2,MORTGAGE,Not Verified,debt_consolidation
7000.0,13.67,36.0,3.0,57000.0,14.55,0.0,18.0,0.0,6398.0,92.7,10.950824090522444,8.853808274977197,8.76389700713946,0.12280486307257768,492.12,0,0,C,C4,RENT,Source Verified,debt_consolidation
10800.0,7.49,36.0,7.0,45000.0,20.99,0.0,15.0,0.0,11768.0,40.7,10.714439990727769,9.287394001418473,9.373224234877663,0.23999466678518255,269.64,0,0,A,A4,RENT,Verified,debt_consolidation
7000.0,14.85,36.0,2.0,85000.0,12.24,1.0,8.0,0.0,7996.0,72.0,11.350418300109132,8.853808274977197,8.98682175033189,0.0823519723297373,534.6,1,0,C,C5,RENT,Source Verified,debt_consolidation
10000.0,16.59,36.0,10.0,65000.0,17.26,0.0,10.0,0.0,8073.0,60.7,11.082157933374816,9.210440366976515,8.996404301412886,0.15384378701866125,597.24,0,0,D,D2,MORTGAGE,Verified,other
13000.0,12.88,36.0,10.0,38000.0,25.89,0.0,13.0,1.0,10410.0,49.3,10.545367754151743,9.472781556562168,9.250618218474752,0.3420962606247204,463.68,0,1,C,C2,MORTGAGE,Source Verified,home_improvement
8000.0,5.32,36.0,8.0,85000.0,13.55,0.0,9.0,0.0,9162.0,20.3,11.350418300109132,8.987321812850123,9.122928914965213,0.09411653980541405,191.52,0,0,A,A1,MORTGAGE,Not Verified,debt_consolidation
10400.0,13.44,36.0,10.0,150000.0,18.51,1.0,23.0,0.0,29336.0,66.7,11.918397239722838,9.249657234353133,10.286604796980384,0.06933287111419258,483.84,1,0,C,C3,MORTGAGE,Verified,debt_consolidation
12000.0,17.97,60.0,9.0,58000.0,29.46,0.0,6.0,0.0,18145.0,78.5,10.968215530759235,9.392745258631441,9.806205429729573,0.20689298460371372,1078.1999999999998,0,0,D,D4,RENT,Verified,debt_consolidation
6000.0,11.99,36.0,7.0,35000.0,31.42,1.0,13.0,0.0,7339.0,55.2,10.463131911491967,8.699681400989512,8.90109412160856,0.17142367360932545,431.64,1,0,C,C1,RENT,Not Verified,debt_consolidation
10000.0,17.27,60.0,0.0,110000.0,16.43,0.0,29.0,0.0,23933.0,62.3,11.608244735642321,9.210440366976515,10.083055321133461,0.09090826447032299,1036.2,0,0,D,D3,RENT,Not Verified,other
8000.0,9.17,36.0,5.0,70000.0,13.73,0.0,10.0,0.0,7768.0,46.7,11.156264806643742,8.987321812850123,8.95789673495042,0.11428408165597634,330.12,0,0,B,B2,RENT,Not Verified,credit_card
5000.0,11.48,36.0,3.0,55000.0,19.62,0.0,9.0,0.0,3694.0,54.3,10.915106645867501,8.517393171418904,8.214735833382301,0.09090743804658097,413.28000000000003,0,0,B,B5,RENT,Source Verified,debt_consolidation
25000.0,13.99,60.0,6.0,78000.0,11.89,0.0,3.0,0.0,25055.0,84.6,11.264476926102367,10.12667110305036,10.128868598790529,0.32050871142677656,839.4,0,0,C,C4,RENT,Not Verified,credit_card
14000.0,13.99,60.0,6.0,38000.0,11.72,0.0,6.0,0.0,12873.0,65.3,10.545367754151743,9.546884034617925,9.46296505261256,0.36841135759585275,839.4,0,0,C,C4,OWN,Not Verified,debt_consolidation
16000.0,7.91,36.0,10.0,117000.0,12.0,0.0,10.0,0.0,17270.0,41.0,11.669937760751914,9.680406499268875,9.756784073343919,0.13675096794044495,284.76,0,0,A,A5,RENT,Source Verified,debt_consolidation
15000.0,7.91,60.0,10.0,117000.0,10.93,0.0,8.0,0.0,18212.0,24.7,11.669937760751914,9.61587214452889,9.809890903798543,0.12820403244416714,474.6,0,0,A,A5,MORTGAGE,Not Verified,credit_card
4800.0,13.44,36.0,,31200.0,25.5,0.0,8.0,1.0,24120.0,42.2,10.348205424565993,8.47657950853094,10.090838109351523,0.15384122303772316,483.84,0,1,C,C3,MORTGAGE,Verified,other
18500.0,5.32,36.0,3.0,48700.0,25.33,0.0,15.0,0.0,20473.0,24.2,10.793454842740767,9.825580063659602,9.926911067479717,0.3798689965298454,191.52,0,0,A,A1,OWN,Source Verified,debt_consolidation
10000.0,8.38,36.0,10.0,104000.0,17.24,2.0,12.0,1.0,9233.0,60.3,11.552155793461898,9.210440366976515,9.130647603066935,0.09615292160652301,301.68,1,1,B,B1,RENT,Source Verified,credit_card
3200.0,12.88,36.0,4.0,43000.0,15.99,0.0,9.0,0.0,9033.0,51.3,10.668978650219241,8.071218539969863,9.108750516214549,0.07441687402618544,463.68,0,0,C,C2,MORTGAGE,Not Verified,home_improvement
25000.0,12.88,36.0,10.0,120000.0,16.57,0.0,10.0,0.0,19556.0,64.8,11.695255355062795,10.12667110305036,9.88108855759265,0.2083315972366897,463.68,0,0,C,C2,RENT,Verified,debt_consolidation
10000.0,7.91,36.0,7.0,105000.0,13.11,0.0,8.0,0.0,29077.0,82.1,11.561725152903833,9.210440366976515,10.27773715349137,0.09523718821725508,284.76,0,0,A,A5,MORTGAGE,Verified,debt_consolidation
18000.0,18.99,60.0,7.0,57000.0,13.66,0.0,10.0,0.0,1939.0,53.9,10.950824090522444,9.798182590890704,7.570443252057373,0.31578393361519974,1139.3999999999999,0,0,E,E3,RENT,Verified,debt_consolidation
6450.0,18.99,36.0,,22000.0,15.88,0.0,7.0,0.0,977.0,6.0,9.99884318585288,8.771990436532242,6.885509670034817,0.2931684923412572,683.64,0,0,E,E3,RENT,Verified,other
25000.0,17.97,60.0,7.0,75000.0,34.56,0.0,27.0,0.0,33526.0,35.3,11.225256725762893,10.12667110305036,10.420106363342882,0.3333288889481474,1078.1999999999998,0,0,D,D4,MORTGAGE,Not Verified,debt_consolidation
8000.0,7.49,36.0,1.0,75000.0,18.6,1.0,18.0,0.0,19057.0,41.2,11.225256725762893,8.987321812850123,9.855242239908133,0.10666524446340715,269.64,1,0,A,A4,RENT,Source Verified,credit_card
4050.0,18.99,36.0,0.0,53000.0,17.55,0.0,6.0,0.0,2689.0,27.2,10.87806606028079,8.30671904320269,7.897296472595885,0.07641365257259297,683.64,0,0,E,E1,RENT,Source Verified,debt_consolidation
25000.0,5.32,36.0,10.0,125000.0,6.66,1.0,11.0,0.0,34415.0,60.7,11.736077016252437,10.12667110305036,10.44627685150751,0.1999984000127999,191.52,1,0,A,A1,MORTGAGE,Not Verified,credit_card
12000.0,11.48,36.0,5.0,60000.0,16.44,1.0,13.0,0.0,16625.0,34.9,11.002116507732017,9.392745258631441,9.718723014091033,0.1999966667222213,413.28000000000003,1,0,B,B5,RENT,Source Verified,debt_consolidation
15875.0,18.99,36.0,0.0,35100.0,20.1,0.0,11.0,1.0,8927.0,46.3,10.465984899076613,9.672563813902956,9.096947684621092,0.4522663171989402,683.64,0,1,E,E1,RENT,Source Verified,debt_consolidation
28000.0,5.32,36.0,10.0,162000.0,13.52,0.0,16.0,0.0,19116.0,33.0,11.995357787034974,10.239995502805314,9.858333270529018,0.1728384392688934,191.52,0,0,A,A1,MORTGAGE,Source Verified,debt_consolidation
8000.0,13.99,36.0,,50000.0,19.85,0.0,8.0,0.0,29588.0,83.3,10.819798284210286,8.987321812850123,10.295157949622103,0.15999680006399872,503.64,0,0,C,C4,MORTGAGE,Not Verified,debt_consolidation
8000.0,6.49,36.0,0.0,48000.0,16.3,0.0,24.0,0.0,7763.0,20.2,10.77897712300635,8.987321812850123,8.9572529442889,0.1666631945167809,233.64000000000001,0,0,A,A2,RENT,Source Verified,credit_card
26525.0,27.31,60.0,4.0,53072.0,17.48,0.0,6.0,0.0,11510.0,94.3,10.879423603336724,10.185880663054299,9.351058378915061,0.4997833173176568,1638.6,0,0,G,G2,RENT,Verified,other
10000.0,5.32,36.0,10.0,75000.0,22.85,0.0,11.0,0.0,8237.0,42.2,11.225256725762893,9.210440366976515,9.016512874996026,0.13333155557925894,191.52,0,0,A,A1,MORTGAGE,Not Verified,credit_card
7500.0,6.99,36.0,10.0,68000.0,12.27,0.0,18.0,0.0,6116.0,18.0,11.127277689932466,8.922791623969635,8.718827059242564,0.11029249569859267,251.64000000000001,0,0,A,A3,MORTGAGE,Not Verified,credit_card
5000.0,9.17,36.0,,74967.0,33.39,0.0,9.0,1.0,8770.0,58.5,11.224816634803659,8.517393171418904,9.079206103951382,0.06669512325258777,330.12,0,1,B,B2,MORTGAGE,Verified,other
35000.0,9.8,60.0,10.0,105000.0,2.78,0.0,11.0,0.0,11524.0,18.1,11.561725152903833,10.463131911491967,9.352273867864849,0.33333015876039274,588.0,0,0,B,B3,MORTGAGE,Verified,debt_consolidation
21000.0,17.97,60.0,3.0,50000.0,30.58,0.0,24.0,0.0,36246.0,68.4,10.819798284210286,9.952325334619427,10.498111898237447,0.41999160016799664,1078.1999999999998,0,0,D,D4,MORTGAGE,Not Verified,debt_consolidation
5875.0,7.91,36.0,5.0,70000.0,9.53,0.0,9.0,1.0,5814.0,45.1,11.156264806643742,8.678631537293768,8.668196064952765,0.08392737246610762,284.76,0,1,A,A5,RENT,Not Verified,debt_consolidation
33600.0,14.85,36.0,10.0,80000.0,28.02,0.0,30.0,0.0,43120.0,76.5,11.289794413577894,10.422311107413181,10.671765396408588,0.4199947500656242,534.6,0,0,C,C5,MORTGAGE,Source Verified,debt_consolidation
18400.0,15.77,36.0,10.0,75000.0,22.93,2.0,13.0,0.0,16270.0,65.9,11.225256725762893,9.820160289946374,9.69713966113932,0.24533006226583645,567.72,1,0,D,D1,MORTGAGE,Verified,debt_consolidation
13900.0,22.99,36.0,3.0,72500.0,29.56,1.0,14.0,0.0,3327.0,45.0,11.19135563385109,9.539716058977092,8.1101268019411,0.19172149349664142,827.64,1,0,F,F2,RENT,Verified,debt_consolidation
10000.0,9.8,36.0,6.0,50000.0,22.9,1.0,18.0,0.0,11863.0,49.4,10.819798284210286,9.210440366976515,9.381263883817768,0.1999960000799984,352.8,1,0,B,B3,MORTGAGE,Source Verified,credit_card
5000.0,5.32,36.0,0.0,40000.0,16.23,0.0,4.0,0.0,2778.0,22.8,10.596659732783579,8.517393171418904,7.929846429742503,0.12499687507812304,191.52,0,0,A,A1,OWN,Not Verified,debt_consolidation
7000.0,8.38,36.0,1.0,50000.0,7.35,0.0,13.0,1.0,5986.0,38.9,10.819798284210286,8.853808274977197,8.697345730925353,0.1399972000559989,301.68,0,1,B,B1,RENT,Not Verified,debt_consolidation
24000.0,14.85,60.0,10.0,90000.0,19.04,0.0,9.0,3.0,9820.0,56.8,11.407576060361786,10.085850775128717,9.192278229157774,0.2666637037366251,891.0,0,1,C,C5,MORTGAGE,Not Verified,debt_consolidation
31800.0,16.59,60.0,0.0,65000.0,24.15,0.0,12.0,0.0,17044.0,17.7,11.082157933374816,10.367253014814716,9.743612184572003,0.48922324271934275,995.4,0,0,D,D2,MORTGAGE,Source Verified,debt_consolidation
10000.0,8.38,36.0,2.0,90000.0,13.12,0.0,9.0,0.0,10896.0,48.6,11.407576060361786,9.210440366976515,9.296242800976886,0.11110987655692714,301.68,0,0,B,B1,RENT,Source Verified,debt_consolidation
30000.0,11.99,36.0,4.0,95500.0,10.56,0.0,11.0,0.0,35777.0,63.1,11.466891997618188,10.308985993422082,10.48508845835116,0.314132836305379,431.64,0,0,C,C1,OWN,Source Verified,debt_consolidation
15000.0,9.76,36.0,5.0,90000.0,31.44,1.0,8.0,0.0,1524.0,8.0,11.407576060361786,9.61587214452889,7.3297496890415115,0.16666481483539072,351.36,1,0,B,B3,OWN,Not Verified,other
9000.0,8.49,36.0,2.0,163000.0,11.7,0.0,15.0,1.0,10477.0,26.0,12.001511614739405,9.105090961257085,9.257033099968165,0.05521438518782093,305.64,0,1,B,B1,RENT,Not Verified,credit_card
21000.0,10.78,36.0,10.0,130000.0,32.88,1.0,23.0,0.0,91249.51999999856,76.5,11.775297421715825,9.952325334619427,11.844665091868247,0.16153721894446965,388.08,1,0,B,B4,MORTGAGE,Not Verified,debt_consolidation
1500.0,14.85,36.0,10.0,35360.0,20.33,0.0,6.0,0.0,4456.0,64.6,10.473364796894678,7.313886831633462,8.402231172946555,0.04241961482989735,534.6,0,0,C,C5,OWN,Source Verified,other
16800.0,7.26,36.0,10.0,65000.0,10.3,0.0,6.0,0.0,10482.0,40.6,11.082157933374816,9.729193687429403,9.257510176452572,0.2584575621913509,261.36,0,0,A,A4,RENT,Source Verified,credit_card
11025.0,13.44,36.0,5.0,24000.0,26.21,0.0,11.0,0.0,16439.0,20.7,10.085850775128717,9.30801139914963,9.70747266861017,0.4593558601724928,483.84,0,0,C,C3,RENT,Source Verified,debt_consolidation
6000.0,14.48,36.0,4.0,85000.0,18.34,1.0,15.0,0.0,6974.0,24.1,11.350418300109132,8.699681400989512,8.850087606689566,0.07058740485406054,521.28,1,0,C,C5,RENT,Verified,debt_consolidation
21000.0,19.89,60.0,3.0,66500.0,26.76,0.0,19.0,0.0,9418.0,38.1,11.104972264124866,9.952325334619427,9.150484204822817,0.3157847250417287,1193.4,0,0,E,E3,RENT,Not Verified,credit_card
14000.0,11.99,36.0,8.0,60000.0,28.14,0.0,14.0,0.0,13301.0,78.2,11.002116507732017,9.546884034617925,9.495669678844367,0.2333294445092582,431.64,0,0,C,C1,RENT,Not Verified,debt_consolidation
24000.0,21.48,60.0,,57774.0,24.05,0.0,10.0,0.0,23290.0,88.9,10.964311435142582,10.085850775128717,10.055822298839407,0.4154045867589788,1288.8,0,0,E,E5,MORTGAGE,Verified,credit_card
5600.0,10.64,36.0,8.0,43000.0,26.77,0.0,8.0,0.0,0.0,0.0,10.668978650219241,8.630700432209832,0.0,0.1302295295458245,383.04,0,0,B,B4,RENT,Verified,debt_consolidation
25000.0,16.55,36.0,0.0,85000.0,23.25,0.0,11.0,0.0,23503.0,89.7,11.350418300109132,10.12667110305036,10.064925898413659,0.2941141868919189,595.8000000000001,0,0,D,D2,RENT,Source Verified,debt_consolidation
10000.0,11.99,36.0,3.0,60000.0,28.28,0.0,5.0,1.0,5897.0,93.6,11.002116507732017,9.210440366976515,8.682368589375221,0.1666638889351844,431.64,0,1,C,C1,MORTGAGE,Verified,debt_consolidation
32625.0,17.97,60.0,0.0,68000.0,16.63,3.0,7.0,0.0,8109.0,43.8,11.127277689932466,10.392864795496248,9.000853147109458,0.4797723562888781,1078.1999999999998,1,0,D,D4,RENT,Source Verified,debt_consolidation
22525.0,15.77,60.0,0.0,49000.0,17.93,0.0,5.0,0.0,21642.0,75.9,10.799595985047786,10.02242547660764,9.982437355514529,0.4596844962347707,946.1999999999999,0,0,D,D1,OWN,Source Verified,credit_card
11000.0,13.99,36.0,4.0,57200.0,15.04,0.0,9.0,0.0,10148.0,55.8,10.954326659732555,9.305741456739435,9.225130457448818,0.19230433034387512,503.64,0,0,C,C4,MORTGAGE,Verified,credit_card
11000.0,5.32,36.0,9.0,85000.0,3.97,0.0,10.0,0.0,15689.0,36.7,11.350418300109132,9.305741456739435,9.660778845727078,0.12941024223244432,191.52,0,0,A,A1,MORTGAGE,Source Verified,home_improvement
10700.0,6.49,36.0,0.0,65000.0,28.03,1.0,10.0,0.0,91249.51999999856,88.0,11.082157933374816,9.278092474027002,11.794526585856007,0.16461285210996754,233.64000000000001,1,0,A,A2,MORTGAGE,Verified,debt_consolidation
16200.0,24.24,60.0,1.0,45000.0,36.17,0.0,10.0,0.0,33233.0,61.4,10.714439990727769,9.692828247710418,10.411328727261159,0.35999200017777383,1454.3999999999999,0,0,F,F3,RENT,Verified,debt_consolidation
8600.0,9.17,36.0,10.0,42190.0,28.76,1.0,8.0,0.0,4187.0,25.4,10.649962207136612,9.059633754551479,8.339978571990427,0.20383494110118272,330.12,1,0,B,B2,MORTGAGE,Not Verified,debt_consolidation
23650.0,20.5,60.0,10.0,52560.0,36.64,0.0,21.0,0.0,38123.0,81.0,10.869729678852693,10.071160676324263,10.548599284057516,0.4499533874926276,1230.0,0,0,E,E4,RENT,Verified,debt_consolidation
20000.0,18.49,60.0,3.0,70000.0,17.16,0.0,7.0,0.0,19771.0,100.4,11.156264806643742,9.903537551286169,9.89202207442685,0.28571020413994086,1109.3999999999999,0,0,D,D5,RENT,Verified,credit_card
28000.0,6.99,36.0,4.0,95000.0,23.83,0.0,20.0,0.0,33836.0,34.8,11.461642696843066,10.239995502805314,10.429310157308025,0.29473373964484584,251.64000000000001,0,0,A,A3,MORTGAGE,Source Verified,debt_consolidation
8775.0,22.45,36.0,10.0,75000.0,20.37,0.0,14.0,1.0,7613.0,33.4,11.225256725762893,9.079776001955066,8.937743936942443,0.11699844002079972,808.1999999999999,0,1,F,F1,RENT,Source Verified,credit_card
7200.0,11.99,36.0,10.0,25000.0,13.06,0.0,8.0,0.0,8775.0,38.0,10.12667110305036,8.881975184248866,9.079776001955066,0.28798848046078157,431.64,0,0,C,C1,OWN,Verified,debt_consolidation
4250.0,18.2,36.0,7.0,60000.0,20.7,0.0,7.0,0.0,27215.0,98.6,11.002116507732017,8.35490952835879,10.211560314635642,0.07083215279745338,655.1999999999999,0,0,E,E1,RENT,Source Verified,credit_card
30000.0,13.99,60.0,8.0,120000.0,22.76,0.0,16.0,0.0,15573.0,49.6,11.695255355062795,10.308985993422082,9.653358136136932,0.24999791668402763,839.4,0,0,C,C4,MORTGAGE,Source Verified,debt_consolidation
2800.0,17.27,36.0,7.0,114400.0,6.34,0.0,7.0,0.0,0.0,0.0,11.647465099148372,7.937731775260108,0.0,0.024475310530502357,621.72,0,0,D,D3,RENT,Verified,debt_consolidation
26075.0,18.99,36.0,10.0,72470.0,27.59,0.0,14.0,0.0,11065.0,79.0,11.190941760821426,10.16877063004443,9.311632623458054,0.35979909205061333,683.64,0,0,E,E1,RENT,Verified,debt_consolidation
33750.0,22.99,60.0,2.0,75000.0,32.02,0.0,27.0,0.0,40661.0,70.0,11.225256725762893,10.426765325491356,10.613049274364167,0.44999400007999896,1379.3999999999999,0,0,F,F2,MORTGAGE,Verified,credit_card
8000.0,13.44,36.0,10.0,72000.0,17.7,0.0,11.0,5.0,8913.0,78.9,11.184435286790631,8.987321812850123,9.0953783535065,0.11110956792266774,483.84,0,1,C,C3,RENT,Verified,debt_consolidation
12000.0,5.32,36.0,5.0,75000.0,25.95,0.0,18.0,0.0,1866.0,4.1,11.225256725762893,9.392745258631441,7.532088143541722,0.15999786669511074,191.52,0,0,A,A1,MORTGAGE,Not Verified,debt_consolidation
14000.0,16.59,36.0,,124596.0,23.73,0.0,22.0,0.0,52760.0,88.8,11.732839807999083,9.546884034617925,10.873527560404474,0.11236225591306372,597.24,0,0,D,D2,MORTGAGE,Verified,other
5400.0,9.8,36.0,2.0,80000.0,18.17,3.0,11.0,0.0,10446.0,75.2,11.289794413577894,8.59433940059289,9.254070134837507,0.06749915626054674,352.8,1,0,B,B3,RENT,Source Verified,debt_consolidation
8400.0,5.32,36.0,10.0,95000.0,21.79,0.0,10.0,0.0,8766.0,29.5,11.461642696843066,9.036106025364846,9.078749951588586,0.08842012189345376,191.52,0,0,A,A1,MORTGAGE,Not Verified,debt_consolidation
20000.0,11.22,60.0,1.0,80000.0,20.28,0.0,13.0,1.0,148.0,0.5,11.289794413577894,9.903537551286169,5.003946305945459,0.249996875039062,673.2,0,1,B,B5,RENT,Verified,debt_consolidation
15000.0,13.99,36.0,8.0,46000.0,31.07,1.0,12.0,0.0,18696.0,51.6,10.736418414365374,9.61587214452889,9.836118362165275,0.32607986782896026,503.64,1,0,C,C4,MORTGAGE,Verified,debt_consolidation
15000.0,11.22,36.0,10.0,42000.0,23.74,1.0,9.0,0.0,11088.0,55.2,10.645448706505872,9.61587214452889,9.313708904953215,0.3571343539439537,403.92,1,0,B,B5,RENT,Source Verified,home_improvement
3000.0,15.77,36.0,0.0,77500.0,25.74,0.0,8.0,0.0,8724.0,80.0,11.258046118483998,8.006700845440367,9.073947747070628,0.038709177946091015,567.72,0,0,D,D1,OWN,Verified,other
9475.0,19.48,36.0,5.0,50000.0,19.49,0.0,20.0,0.0,4837.0,26.4,10.819798284210286,9.156517565278676,8.484256691169973,0.18949621007579848,701.28,0,0,E,E2,OWN,Verified,other
7000.0,7.89,36.0,2.0,50000.0,11.86,0.0,9.0,0.0,6743.0,30.1,10.819798284210286,8.853808274977197,8.81640849968169,0.1399972000559989,284.03999999999996,0,0,A,A5,RENT,Source Verified,debt_consolidation
9800.0,5.32,36.0,10.0,68000.0,4.08,0.0,3.0,0.0,10522.0,56.9,11.127277689932466,9.19023970026918,9.261318616740812,0.14411552771282776,191.52,0,0,A,A1,RENT,Verified,credit_card
10000.0,11.99,36.0,2.0,30000.0,6.72,3.0,9.0,0.0,1392.0,4.6,10.308985993422082,9.210440366976515,7.239214973779806,0.33332222259258026,431.64,1,0,C,C1,RENT,Source Verified,debt_consolidation
5000.0,13.44,36.0,10.0,40000.0,17.7,0.0,17.0,0.0,4139.0,15.6,10.596659732783579,8.517393171418904,8.32845106681936,0.12499687507812304,483.84,0,0,C,C3,RENT,Not Verified,vacation
8950.0,23.99,36.0,1.0,28000.0,12.26,0.0,4.0,0.0,4425.0,49.2,10.239995502805314,9.099520536870939,8.395251520610994,0.31963144173422375,863.64,0,0,F,F3,RENT,Verified,credit_card
11200.0,11.99,36.0,0.0,37000.0,7.78,0.0,11.0,0.0,16425.0,49.3,10.518700218288165,9.32375833901174,9.706620724300137,0.3026945217696819,431.64,0,0,C,C1,RENT,Verified,debt_consolidation
16000.0,11.99,36.0,3.0,120000.0,22.71,0.0,13.0,0.0,20571.0,30.9,11.695255355062795,9.680406499268875,9.931686206894806,0.13333222223148142,431.64,0,0,C,C1,RENT,Verified,debt_consolidation
21000.0,13.44,60.0,5.0,50000.0,18.05,0.0,10.0,0.0,21819.0,55.7,10.819798284210286,9.952325334619427,9.990582259387061,0.41999160016799664,806.4,0,0,C,C3,MORTGAGE,Verified,debt_consolidation
12000.0,11.99,60.0,0.0,101000.0,8.49,0.0,13.0,1.0,10079.0,31.5,11.522885696764481,9.392745258631441,9.21830854162536,0.1188107048445065,719.4,0,1,C,C1,RENT,Not Verified,debt_consolidation
7500.0,12.88,36.0,3.0,50000.0,26.26,0.0,24.0,0.0,816.0,10.7,10.819798284210286,8.922791623969635,6.705639094860002,0.1499970000599988,463.68,0,0,C,C2,RENT,Source Verified,other
25000.0,17.27,36.0,,50000.0,19.21,0.0,14.0,1.0,12512.0,23.5,10.819798284210286,10.12667110305036,9.434523382865054,0.499990000199996,621.72,0,1,D,D3,RENT,Not Verified,major_purchase
6000.0,7.26,36.0,8.0,60000.0,9.28,1.0,24.0,0.0,5762.0,33.5,11.002116507732017,8.699681400989512,8.659213451436665,0.09999833336111065,261.36,1,0,A,A4,MORTGAGE,Source Verified,debt_consolidation
19300.0,10.78,36.0,1.0,50000.0,13.27,0.0,20.0,0.0,19363.0,49.3,10.819798284210286,9.867912187022208,9.871170951059584,0.3859922801543969,388.08,0,0,B,B4,OWN,Source Verified,debt_consolidation
8800.0,10.78,36.0,3.0,55000.0,25.57,0.0,20.0,0.0,15477.0,51.9,10.915106645867501,9.082620630373812,9.647174939830403,0.1599970909619825,388.08,0,0,B,B4,RENT,Verified,credit_card
20700.0,10.78,36.0,2.0,75000.0,4.83,1.0,12.0,0.0,10537.0,26.5,11.225256725762893,9.937937287265353,9.262743050769231,0.275996320049066,388.08,1,0,B,B4,RENT,Source Verified,home_improvement
16000.0,15.41,60.0,10.0,105000.0,10.19,0.0,9.0,4.0,16123.0,55.0,11.561725152903833,9.680406499268875,9.688064124237057,0.15237950114760812,924.6,0,1,D,D1,MORTGAGE,Not Verified,home_improvement
15000.0,13.44,60.0,0.0,60000.0,18.44,0.0,13.0,1.0,13616.0,37.0,11.002116507732017,9.61587214452889,9.519074291124575,0.24999583340277662,806.4,0,1,C,C3,RENT,Not Verified,debt_consolidation
7000.0,9.17,36.0,6.0,90000.0,18.12,0.0,10.0,0.0,69878.0,45.6,11.407576060361786,8.853808274977197,11.154520453899464,0.077776913589849,330.12,0,0,B,B2,OWN,Source Verified,debt_consolidation
17650.0,13.44,36.0,5.0,35300.0,24.7,2.0,12.0,0.0,10275.0,73.9,10.471666571132038,9.77854771798028,9.237566358229774,0.49998583609529473,483.84,1,0,C,C3,MORTGAGE,Verified,debt_consolidation
12700.0,17.97,36.0,3.0,32760.0,34.32,0.0,21.0,0.0,11472.0,38.1,10.39699406253165,9.44943600950432,9.347751727799142,0.38765605445499224,646.92,0,0,D,D4,RENT,Not Verified,debt_consolidation
12000.0,9.17,36.0,4.0,39400.0,26.32,0.0,18.0,0.0,10495.0,34.6,10.5815464756746,9.392745258631441,9.25874951118387,0.30456079794929064,330.12,0,0,B,B2,MORTGAGE,Not Verified,debt_consolidation
21000.0,11.99,36.0,10.0,148000.0,29.94,1.0,17.0,0.0,74144.0,91.4,11.904974309480181,9.952325334619427,11.21377791440917,0.1418909331693705,431.64,1,0,C,C1,MORTGAGE,Source Verified,credit_card
24000.0,9.17,36.0,0.0,113000.0,20.92,0.0,15.0,0.0,50620.0,45.0,11.635151947212842,10.085850775128717,10.832121788941521,0.21238750099556641,330.12,0,0,B,B2,RENT,Verified,debt_consolidation
13000.0,6.99,36.0,3.0,50000.0,22.59,0.0,9.0,0.0,1190.0,4.3,10.819798284210286,9.472781556562168,7.0825485693553,0.25999480010399795,251.64000000000001,0,0,A,A3,RENT,Not Verified,debt_consolidation
6275.0,14.85,36.0,10.0,70000.0,20.01,1.0,7.0,1.0,3033.0,53.0,11.156264806643742,8.744488113852922,8.017637159908478,0.08964157654890645,534.6,1,1,C,C5,RENT,Source Verified,debt_consolidation
5000.0,6.49,36.0,4.0,190000.0,15.38,0.0,15.0,0.0,57149.0,87.4,12.154784614286667,8.517393171418904,10.953434669222956,0.02631565097025805,233.64000000000001,0,0,A,A2,OWN,Source Verified,credit_card
24000.0,7.49,36.0,10.0,95000.0,7.19,0.0,7.0,0.0,6211.0,12.6,11.461642696843066,10.085850775128717,8.734238184268577,0.25262891969558215,269.64,0,0,A,A4,RENT,Verified,other
17000.0,14.48,36.0,10.0,100000.0,13.61,1.0,11.0,0.0,27272.0,46.5,11.51293546492023,9.741027444837728,10.213652480789968,0.16999830001699984,521.28,1,0,C,C5,OWN,Source Verified,debt_consolidation
24650.0,11.48,36.0,10.0,100000.0,22.64,0.0,11.0,0.0,31110.0,56.0,11.51293546492023,10.112572746599298,10.345316733380217,0.24649753502464974,413.28000000000003,0,0,B,B5,MORTGAGE,Verified,debt_consolidation
7000.0,5.32,36.0,10.0,250000.0,10.6,2.0,18.0,0.0,38779.0,46.2,12.429220196836383,8.853808274977197,10.565659928796643,0.027999888000448,191.52,1,0,A,A1,MORTGAGE,Source Verified,home_improvement
12000.0,9.8,36.0,3.0,70000.0,13.46,1.0,9.0,0.0,7885.0,33.8,11.156264806643742,9.392745258631441,8.972844314437571,0.17142612248396452,352.8,1,0,B,B3,MORTGAGE,Not Verified,debt_consolidation
20525.0,11.99,36.0,5.0,54600.0,23.16,0.0,8.0,2.0,5994.0,41.0,10.907807476583594,9.92944765420566,8.698681067461614,0.3759088661379828,431.64,0,1,C,C1,MORTGAGE,Verified,debt_consolidation
3600.0,7.91,36.0,6.0,51000.0,12.92,0.0,9.0,1.0,6866.0,25.9,10.839600519357369,8.188966863648876,8.834482608620677,0.07058685123821101,284.76,0,1,A,A5,MORTGAGE,Source Verified,car
18000.0,12.88,60.0,0.0,87500.0,10.46,0.0,8.0,0.0,2070.0,11.6,11.379405500851828,9.798182590890704,7.635786861395584,0.20571193472074606,772.8000000000001,0,0,C,C2,MORTGAGE,Not Verified,debt_consolidation
14000.0,10.78,36.0,,120000.0,12.52,1.0,15.0,0.0,4325.0,62.7,11.695255355062795,9.546884034617925,8.372398606513004,0.11666569445254622,388.08,1,0,B,B4,MORTGAGE,Source Verified,credit_card
8000.0,9.8,36.0,6.0,55000.0,10.16,0.0,8.0,1.0,5134.0,58.3,10.915106645867501,8.987321812850123,8.543835122362658,0.14545190087452955,352.8,0,1,B,B3,RENT,Not Verified,home_improvement
15000.0,8.38,36.0,4.0,66000.0,31.88,0.0,13.0,0.0,17391.0,79.8,11.097425172408931,9.61587214452889,9.763765609360991,0.22726928379873032,301.68,0,0,B,B1,RENT,Source Verified,credit_card
9000.0,9.76,36.0,8.0,54000.0,22.98,0.0,15.0,1.0,8581.0,42.9,10.896757843893464,9.105090961257085,9.05742226555147,0.16666358030406844,351.36,0,1,B,B3,MORTGAGE,Verified,debt_consolidation
21000.0,21.48,60.0,3.0,62000.0,17.65,1.0,30.0,0.0,14137.0,49.1,11.034905792929415,9.952325334619427,9.556621486730899,0.3387042144481541,1288.8,1,0,E,E5,MORTGAGE,Source Verified,debt_consolidation
4200.0,13.18,36.0,4.0,80000.0,29.81,0.0,15.0,0.0,4994.0,15.8,11.289794413577894,8.343077871169381,8.516192691082654,0.052499343758203025,474.48,0,0,C,C3,RENT,Verified,other
5000.0,12.88,36.0,7.0,59000.0,3.82,0.0,13.0,0.0,5159.0,40.3,10.985309671896763,8.517393171418904,8.548691858475609,0.0847443263673497,463.68,0,0,C,C2,MORTGAGE,Source Verified,debt_consolidation
25000.0,16.99,36.0,8.0,61000.0,16.74,0.0,9.0,0.0,1764.0,24.8,11.0186455364637,10.12667110305036,7.475905969367397,0.4098293470598843,611.64,0,0,D,D3,MORTGAGE,Verified,home_improvement
15000.0,15.77,60.0,3.0,79950.0,24.05,0.0,16.0,0.0,4644.0,41.8,11.289169226001263,9.61587214452889,8.443546651247939,0.18761491413490763,946.1999999999999,0,0,D,D1,RENT,Verified,debt_consolidation
5000.0,11.48,36.0,8.0,38000.0,28.49,0.0,25.0,2.0,6038.0,18.0,10.545367754151743,8.517393171418904,8.705993714307901,0.1315754848556617,413.28000000000003,0,1,B,B5,RENT,Verified,credit_card
10000.0,9.8,36.0,9.0,40000.0,19.43,0.0,10.0,0.0,5687.0,53.7,10.596659732783579,9.210440366976515,8.646113971483077,0.2499937501562461,352.8,0,0,B,B3,MORTGAGE,Verified,debt_consolidation
5600.0,10.64,36.0,9.0,45000.0,29.52,0.0,7.0,0.0,6552.0,82.9,10.714439990727769,8.630700432209832,8.787678239039497,0.12444167907379836,383.04,0,0,B,B4,OWN,Verified,debt_consolidation
5000.0,18.99,36.0,10.0,48000.0,29.18,0.0,6.0,0.0,91249.51999999856,99.1,10.77897712300635,8.517393171418904,11.521944669390388,0.10416449657298807,683.64,0,0,E,E1,MORTGAGE,Verified,house
11500.0,12.88,36.0,0.0,75000.0,11.57,1.0,10.0,1.0,13045.0,23.8,11.225256725762893,9.350189267092581,9.476236852356042,0.15333128891614778,463.68,1,1,C,C2,OWN,Source Verified,debt_consolidation
5000.0,7.49,36.0,10.0,100000.0,21.52,1.0,23.0,0.0,18022.0,40.0,11.51293546492023,8.517393171418904,9.799403998992805,0.04999950000499995,269.64,1,0,A,A4,MORTGAGE,Verified,debt_consolidation
15000.0,14.85,36.0,9.0,115000.0,17.7,0.0,29.0,0.0,18398.0,37.0,11.652696102959753,9.61587214452889,9.820051594294092,0.13043364840305738,534.6,0,0,C,C5,MORTGAGE,Verified,credit_card
14400.0,14.48,36.0,5.0,65000.0,17.86,0.0,9.0,0.0,19810.0,74.2,11.082157933374816,9.575052927597381,9.893992617974327,0.2215350533068722,521.28,0,0,C,C5,RENT,Verified,debt_consolidation
15000.0,8.49,36.0,10.0,36000.0,28.43,1.0,14.0,0.0,18114.0,35.2,10.491301994830229,9.61587214452889,9.804495603329178,0.4166550929140857,305.64,1,0,B,B1,MORTGAGE,Not Verified,debt_consolidation
20000.0,9.8,36.0,3.0,60000.0,25.44,0.0,8.0,0.0,16359.0,66.0,11.002116507732017,9.903537551286169,9.702594610156737,0.3333277778703688,352.8,0,0,B,B3,MORTGAGE,Not Verified,debt_consolidation
20000.0,11.48,36.0,3.0,46000.0,25.1,0.0,11.0,0.0,25936.0,100.5,10.736418414365374,9.903537551286169,10.163425799678814,0.4347731571052803,413.28000000000003,0,0,B,B5,MORTGAGE,Verified,debt_consolidation
15000.0,17.97,60.0,7.0,55000.0,31.55,0.0,13.0,0.0,17332.0,79.1,10.915106645867501,9.61587214452889,9.76036747794131,0.2727223141397429,1078.1999999999998,0,0,D,D4,RENT,Not Verified,debt_consolidation
28000.0,22.45,60.0,8.0,93000.0,17.73,0.0,14.0,0.0,17698.0,33.5,11.440365524765754,10.239995502805314,9.781263419790754,0.30107203148353245,1347.0,0,0,F,F1,RENT,Source Verified,debt_consolidation
3600.0,11.99,36.0,9.0,100000.0,6.73,0.0,7.0,1.0,101.0,3.2,11.51293546492023,8.188966863648876,4.624972813284271,0.03599964000359997,431.64,0,1,C,C1,MORTGAGE,Verified,credit_card
2400.0,10.64,36.0,8.0,55000.0,19.59,0.0,12.0,0.0,13077.0,70.7,10.915106645867501,7.783640596221253,9.47868670812122,0.04363557026235887,383.04,0,0,B,B4,RENT,Source Verified,debt_consolidation
20000.0,22.45,60.0,1.0,84000.0,13.21,1.0,14.0,0.0,14236.0,32.9,11.338583982516495,9.903537551286169,9.563599488613745,0.23809240366186116,1347.0,1,0,F,F1,RENT,Source Verified,credit_card
3000.0,12.88,36.0,3.0,27300.0,21.76,5.0,12.0,0.0,1376.0,19.1,10.214678610538817,8.006700845440367,7.227662498728654,0.10988608475880005,463.68,1,0,C,C2,MORTGAGE,Source Verified,car
10000.0,6.99,36.0,10.0,80000.0,11.28,0.0,13.0,1.0,7985.0,17.7,11.289794413577894,9.210440366976515,8.985445287623167,0.124998437519531,251.64000000000001,0,1,A,A3,MORTGAGE,Not Verified,credit_card
20000.0,8.49,36.0,1.0,175000.0,17.51,0.0,10.0,0.0,70025.0,94.2,12.072546967175038,9.903537551286169,11.156621880640408,0.11428506122822155,305.64,0,0,B,B1,RENT,Source Verified,credit_card
12000.0,5.32,36.0,10.0,130000.0,14.76,0.0,10.0,0.0,91189.0,45.2,11.775297421715825,9.392745258631441,11.42070052092771,0.09230698225398266,191.52,0,0,A,A1,MORTGAGE,Not Verified,debt_consolidation
24000.0,9.8,36.0,5.0,90000.0,20.97,0.0,8.0,1.0,12844.0,69.4,11.407576060361786,10.085850775128717,9.460709909543983,0.2666637037366251,352.8,0,1,B,B3,MORTGAGE,Source Verified,debt_consolidation
18000.0,17.57,60.0,10.0,20000.0,44.09,0.0,6.0,0.0,40165.0,46.2,9.903537551286169,9.798182590890704,10.600776145596623,0.8999550022498876,1054.2,0,0,D,D4,RENT,Source Verified,debt_consolidation
10000.0,7.49,36.0,8.0,60000.0,26.02,0.0,7.0,0.0,17182.0,66.1,11.002116507732017,9.210440366976515,9.751675801946744,0.1666638889351844,269.64,0,0,A,A4,MORTGAGE,Source Verified,debt_consolidation
12000.0,9.8,60.0,0.0,65000.0,12.67,0.0,7.0,0.0,8799.0,56.4,11.082157933374816,9.392745258631441,9.082507000466297,0.1846125444223935,588.0,0,0,B,B3,MORTGAGE,Not Verified,debt_consolidation
16550.0,19.48,36.0,8.0,46000.0,21.84,0.0,7.0,0.0,4405.0,22.8,10.736418414365374,9.71420180194054,8.390722527362287,0.35977478750461944,701.28,0,0,E,E2,RENT,Verified,small_business
5000.0,13.44,36.0,6.0,35000.0,39.37,2.0,5.0,1.0,2140.0,97.3,10.463131911491967,8.517393171418904,7.669028288589683,0.14285306134110454,483.84,1,1,C,C3,MORTGAGE,Verified,debt_consolidation
1200.0,6.89,36.0,,22000.0,32.57,0.0,12.0,0.0,1271.0,3.7,9.99884318585288,7.0909098220799835,7.148345743900067,0.05454297531930367,248.04,0,0,A,A3,OWN,Not Verified,credit_card
25000.0,15.77,60.0,0.0,65000.0,16.34,0.0,12.0,1.0,12656.0,54.6,11.082157933374816,10.12667110305036,9.445965700792447,0.38460946754665315,946.1999999999999,0,1,D,D1,MORTGAGE,Not Verified,credit_card
29000.0,19.89,60.0,0.0,80000.0,14.13,1.0,12.0,0.0,2470.0,10.2,11.289794413577894,10.275085591132715,7.81237820598861,0.3624954688066399,1193.4,1,0,E,E3,RENT,Not Verified,major_purchase
35000.0,26.06,60.0,6.0,116500.0,27.31,0.0,43.0,0.0,50265.0,72.8,11.665655135642039,10.463131911491967,10.825084183200465,0.3004266057802079,1563.6,0,0,F,F5,MORTGAGE,Verified,debt_consolidation
5000.0,13.44,36.0,6.0,30000.0,35.56,0.0,12.0,0.0,3294.0,47.7,10.308985993422082,8.517393171418904,8.100161446936607,0.16666111129629013,483.84,0,0,C,C3,OWN,Source Verified,debt_consolidation
15000.0,13.99,36.0,0.0,30000.0,22.51,0.0,13.0,0.0,16638.0,57.8,10.308985993422082,9.61587214452889,9.719504616415508,0.4999833338888704,503.64,0,0,C,C4,RENT,Verified,credit_card
15000.0,11.48,36.0,8.0,50000.0,10.71,0.0,14.0,0.0,6931.0,14.3,10.819798284210286,9.61587214452889,8.843903650835497,0.2999940001199976,413.28000000000003,0,0,B,B5,MORTGAGE,Source Verified,debt_consolidation
20000.0,5.32,36.0,,103000.0,18.91,0.0,16.0,0.0,7551.0,20.9,11.542493975902508,9.903537551286169,8.929567707825337,0.1941728721080378,191.52,0,0,A,A1,MORTGAGE,Verified,home_improvement
9000.0,13.44,36.0,9.0,68000.0,24.83,0.0,12.0,0.0,25190.0,91.9,11.127277689932466,9.105090961257085,10.134242066851673,0.1323509948383112,483.84,0,0,C,C3,MORTGAGE,Not Verified,debt_consolidation
21000.0,12.88,60.0,10.0,83000.0,16.05,0.0,14.0,1.0,18361.0,48.8,11.326607934898927,9.952325334619427,9.818038590703646,0.25300899989156755,772.8000000000001,0,1,C,C2,RENT,Not Verified,credit_card
8000.0,9.17,36.0,5.0,41198.0,29.8,0.0,9.0,0.0,8239.0,74.9,10.626169263198392,8.987321812850123,9.016755622903517,0.19417947037549455,330.12,0,0,B,B2,MORTGAGE,Source Verified,debt_consolidation
10000.0,16.55,60.0,7.0,65500.0,17.99,1.0,18.0,0.0,7263.0,51.9,11.089820688682373,9.210440366976515,8.890685920281129,0.15266942489427643,993.0,1,0,D,D2,OWN,Verified,debt_consolidation
16000.0,7.49,36.0,10.0,70000.0,8.98,2.0,15.0,0.0,18346.0,66.7,11.156264806643742,9.680406499268875,9.81722135237872,0.22856816331195268,269.64,1,0,A,A4,MORTGAGE,Not Verified,debt_consolidation
10000.0,10.78,36.0,10.0,43000.0,28.22,1.0,27.0,0.0,8043.0,50.9,10.668978650219241,9.210440366976515,8.992681750892542,0.2325527313318295,388.08,1,0,B,B4,MORTGAGE,Not Verified,debt_consolidation
8000.0,9.17,36.0,0.0,65000.0,22.05,2.0,13.0,0.0,13171.0,79.8,11.082157933374816,8.987321812850123,9.485848643496254,0.123075029614929,330.12,1,0,B,B2,RENT,Verified,major_purchase
14400.0,11.48,36.0,10.0,45000.0,13.41,0.0,4.0,1.0,11480.0,98.1,10.714439990727769,9.575052927597381,9.34844877409381,0.3199928890469101,413.28000000000003,0,1,B,B5,MORTGAGE,Source Verified,debt_consolidation
28000.0,13.67,36.0,6.0,85000.0,7.45,0.0,7.0,0.0,22765.0,91.1,11.350418300109132,10.239995502805314,10.033023473885162,0.3294078893189492,492.12,0,0,C,C4,MORTGAGE,Verified,debt_consolidation
8000.0,10.64,36.0,,29088.0,16.21,0.0,9.0,0.0,5315.0,75.9,10.278115374824123,8.987321812850123,8.578476419833136,0.2750180480594039,383.04,0,0,B,B4,OWN,Source Verified,home_improvement
6000.0,6.24,36.0,6.0,40000.0,24.57,0.0,12.0,0.0,10241.0,28.8,10.596659732783579,8.699681400989512,9.234252192022495,0.14999625009374765,224.64000000000001,0,0,A,A2,MORTGAGE,Source Verified,credit_card
5000.0,6.99,36.0,3.0,32000.0,17.75,0.0,6.0,1.0,8867.0,39.9,10.373522431293592,8.517393171418904,9.090204570736201,0.15624511734008312,251.64000000000001,0,1,A,A3,RENT,Not Verified,credit_card
3000.0,14.85,36.0,6.0,54000.0,17.04,1.0,16.0,0.0,8523.0,27.6,10.896757843893464,8.006700845440367,9.050640993218508,0.05555452676802281,534.6,1,0,C,C5,MORTGAGE,Verified,other
10000.0,5.32,36.0,10.0,85000.0,16.87,0.0,10.0,0.0,29207.0,64.8,11.350418300109132,9.210440366976515,10.282197923335472,0.11764567475676757,191.52,0,0,A,A1,MORTGAGE,Not Verified,debt_consolidation
25000.0,7.91,60.0,2.0,120000.0,14.86,0.0,18.0,0.0,23491.0,38.1,11.695255355062795,10.12667110305036,10.06441521664241,0.2083315972366897,474.6,0,0,A,A5,MORTGAGE,Not Verified,debt_consolidation
9200.0,13.99,36.0,9.0,43000.0,20.79,0.0,4.0,0.0,8141.0,67.8,10.668978650219241,9.127067452782361,9.004791129062923,0.21394851282528313,503.64,0,0,C,C4,MORTGAGE,Verified,debt_consolidation
10000.0,8.49,36.0,6.0,30000.0,24.67,0.0,21.0,0.0,21924.0,31.5,10.308985993422082,9.210440366976515,9.995382817240383,0.33332222259258026,305.64,0,0,B,B1,RENT,Source Verified,credit_card
5000.0,5.32,36.0,6.0,55000.0,9.3,0.0,5.0,2.0,3798.0,62.3,10.915106645867501,8.517393171418904,8.242493153187626,0.09090743804658097,191.52,0,1,A,A1,MORTGAGE,Source Verified,credit_card
6000.0,9.17,36.0,5.0,45000.0,23.57,0.0,17.0,0.0,7063.0,20.2,10.714439990727769,8.699681400989512,8.862766742283796,0.13333037043621254,330.12,0,0,B,B2,RENT,Not Verified,debt_consolidation
21000.0,5.32,36.0,6.0,90156.0,34.77,0.0,20.0,0.0,1534.0,5.6,11.409307873980822,9.952325334619427,7.336285660021297,0.23292700511330236,191.52,0,0,A,A1,MORTGAGE,Not Verified,debt_consolidation
1750.0,14.48,36.0,,44156.0,13.37,0.0,2.0,2.0,429.0,42.9,10.695506743860696,7.467942332285851,6.063785208687608,0.039631315533211045,521.28,0,1,C,C5,RENT,Source Verified,debt_consolidation
9600.0,11.48,36.0,10.0,110000.0,13.83,0.0,8.0,1.0,7544.0,75.4,11.608244735642321,9.169622538697624,8.928640371201949,0.08727193389151008,413.28000000000003,0,1,B,B5,RENT,Not Verified,debt_consolidation
21375.0,17.86,36.0,3.0,250000.0,17.43,0.0,19.0,1.0,81085.0,64.4,12.95749109270188,9.970024076336372,11.303265598814678,0.05041261695137512,642.96,0,1,D,D5,MORTGAGE,Source Verified,debt_consolidation
12000.0,6.49,36.0,3.0,80000.0,26.75,1.0,11.0,0.0,18617.0,40.0,11.289794413577894,9.392745258631441,9.831884133676436,0.1499981250234372,233.64000000000001,1,0,A,A2,RENT,Not Verified,debt_consolidation
26350.0,19.99,60.0,10.0,82000.0,23.97,0.0,10.0,2.0,14281.0,72.0,11.314486721293981,10.179261503913537,9.566755282109055,0.3213375446640895,1199.3999999999999,0,1,E,E4,MORTGAGE,Verified,credit_card
35000.0,9.76,36.0,8.0,109000.0,24.23,0.0,13.0,0.0,46151.0,79.7,11.599112335481124,10.463131911491967,10.739695575936725,0.3210979715782424,351.36,0,0,B,B3,MORTGAGE,Source Verified,debt_consolidation
15000.0,14.85,60.0,2.0,130000.0,12.75,0.0,14.0,2.0,4609.0,22.3,11.775297421715825,9.61587214452889,8.435983135990694,0.11538372781747833,891.0,0,1,C,C5,RENT,Not Verified,debt_consolidation
12000.0,11.99,36.0,2.0,75000.0,32.34,0.0,14.0,0.0,21857.0,37.1,11.225256725762893,9.392745258631441,9.992322266236618,0.15999786669511074,431.64,0,0,C,C1,RENT,Verified,debt_consolidation
12000.0,11.99,36.0,5.0,85280.0,9.15,0.0,8.0,2.0,3641.0,75.9,11.353706965409721,9.392745258631441,8.200288260287554,0.14071129559925424,431.64,0,1,C,C1,RENT,Source Verified,debt_consolidation
7000.0,10.64,36.0,10.0,70000.0,7.27,0.0,6.0,0.0,5806.0,79.5,11.156264806643742,8.853808274977197,8.66681936537205,0.0999985714489793,383.04,0,0,B,B4,MORTGAGE,Source Verified,debt_consolidation
1800.0,19.48,36.0,,20832.0,32.09,1.0,6.0,0.0,12390.0,81.5,9.944293546928382,7.496097345175956,9.424725681616493,0.08640138242211876,701.28,1,0,E,E2,RENT,Verified,moving
4400.0,16.99,36.0,1.0,39000.0,36.25,2.0,11.0,0.0,10872.0,64.0,10.571342565808699,8.38958706681109,9.29403793099775,0.11281762006102408,611.64,1,0,D,D3,MORTGAGE,Source Verified,debt_consolidation
13450.0,22.45,60.0,1.0,40000.0,29.43,0.0,10.0,0.0,22562.0,75.2,10.596659732783579,9.506808731708581,10.024066675494513,0.336241593960151,1347.0,0,0,F,F1,RENT,Source Verified,credit_card
28000.0,14.85,36.0,1.0,96000.0,16.61,0.0,10.0,0.0,34738.0,90.7,11.472113887062386,10.239995502805314,10.455618254118846,0.29166362850386973,534.6,0,0,C,C5,RENT,Verified,debt_consolidation
30000.0,12.88,60.0,10.0,77045.0,21.73,0.0,10.0,0.0,28867.0,87.5,11.252157925059329,10.308985993422082,10.270488994192164,0.389377774316642,772.8000000000001,0,0,C,C2,MORTGAGE,Verified,credit_card
4200.0,14.85,36.0,,14000.0,13.72,0.0,11.0,0.0,2923.0,22.5,9.546884034617925,8.343077871169381,7.980707820869669,0.2999785729590744,534.6,0,0,C,C5,RENT,Verified,credit_card
20000.0,5.32,36.0,8.0,150000.0,6.53,0.0,23.0,0.0,15993.0,11.5,11.918397239722838,9.903537551286169,9.679968930891835,0.13333244445037032,191.52,0,0,A,A1,MORTGAGE,Not Verified,home_improvement
10000.0,9.8,36.0,10.0,63000.0,12.11,0.0,15.0,1.0,11122.0,44.7,11.050905878263567,9.210440366976515,9.316770315592029,0.15872763924382152,352.8,0,1,B,B3,MORTGAGE,Source Verified,debt_consolidation
5000.0,10.78,36.0,5.0,40000.0,24.45,1.0,13.0,0.0,11306.0,46.5,10.596659732783579,8.517393171418904,9.333177281935244,0.12499687507812304,388.08,1,0,B,B4,RENT,Not Verified,debt_consolidation
30000.0,26.06,60.0,2.0,125000.0,23.25,0.0,21.0,1.0,6065.0,45.3,11.736077016252437,10.308985993422082,8.710454688248527,0.23999808001535988,1563.6,0,1,F,F5,RENT,Source Verified,debt_consolidation
18000.0,12.59,36.0,10.0,36000.0,35.87,5.0,15.0,0.0,3340.0,17.4,10.491301994830229,9.798182590890704,8.114025442356755,0.49998611149690286,453.24,1,0,C,C2,MORTGAGE,Verified,debt_consolidation
27300.0,11.99,60.0,0.0,155000.0,23.23,0.0,36.0,0.0,45161.0,24.0,11.951186847493474,10.214678610538817,10.718011304262587,0.1761278959490584,719.4,0,0,C,C1,MORTGAGE,Source Verified,debt_consolidation
9000.0,13.99,36.0,2.0,28000.0,24.52,0.0,8.0,0.0,5749.0,57.5,10.239995502805314,9.105090961257085,8.656955133791396,0.32141709224670545,503.64,0,0,C,C4,RENT,Verified,debt_consolidation
22950.0,12.88,36.0,9.0,65500.0,28.68,0.0,8.0,0.0,30522.0,73.5,11.089820688682373,10.041116787524166,10.326235776766852,0.3503763301323644,463.68,0,0,C,C2,MORTGAGE,Source Verified,debt_consolidation
9600.0,11.99,36.0,4.0,29000.0,10.16,2.0,9.0,0.0,5682.0,58.0,10.275085591132715,9.169622538697624,8.645234541297121,0.3310230681700631,431.64,1,0,C,C1,RENT,Not Verified,debt_consolidation
30000.0,9.17,60.0,0.0,132000.0,5.27,1.0,17.0,1.0,18341.0,56.8,11.790564777297387,10.308985993422082,9.81694879111889,0.22727100552268542,550.2,1,1,B,B2,MORTGAGE,Source Verified,debt_consolidation
15000.0,21.99,60.0,8.0,37000.0,21.34,0.0,23.0,0.0,10157.0,47.0,10.518700218288165,9.61587214452889,9.22601685136119,0.40539444879868114,1319.3999999999999,0,0,F,F1,RENT,Verified,debt_consolidation
5000.0,8.38,36.0,9.0,37000.0,26.34,0.0,10.0,0.0,6263.0,59.6,10.518700218288165,8.517393171418904,8.742574237670638,0.1351314829328937,301.68,0,0,B,B1,MORTGAGE,Source Verified,debt_consolidation
2500.0,21.99,36.0,1.0,45220.0,26.28,0.0,14.0,0.0,34882.0,81.5,10.71931685969625,7.824445930877618,10.45975488349865,0.05528404944605383,791.64,0,0,F,F1,RENT,Verified,medical
3600.0,18.2,36.0,2.0,25000.0,24.58,0.0,10.0,0.0,3876.0,28.5,10.12667110305036,8.188966863648876,8.262816937670928,0.14399424023039079,655.1999999999999,0,0,E,E1,RENT,Source Verified,other
11000.0,9.76,36.0,1.0,40000.0,24.24,0.0,23.0,0.0,11230.0,46.4,10.596659732783579,9.305741456739435,9.326433090963036,0.2749931251718707,351.36,0,0,B,B3,RENT,Not Verified,debt_consolidation
21000.0,8.49,36.0,10.0,120000.0,3.3,0.0,4.0,0.0,14333.0,31.4,11.695255355062795,9.952325334619427,9.570389616553864,0.17499854167881934,305.64,0,0,B,B1,MORTGAGE,Not Verified,credit_card
15000.0,13.99,36.0,8.0,62000.0,27.75,0.0,8.0,0.0,17722.0,72.3,11.034905792929415,9.61587214452889,9.782618510055139,0.24193158174868148,503.64,0,0,C,C4,RENT,Verified,debt_consolidation
10000.0,6.49,36.0,10.0,106000.0,16.45,0.0,17.0,0.0,45381.0,16.0,11.571203807011969,9.210440366976515,10.722870829641215,0.09433873265346554,233.64000000000001,0,0,A,A2,MORTGAGE,Not Verified,credit_card
21000.0,11.48,60.0,10.0,127000.0,28.36,0.0,37.0,0.0,52340.0,24.6,11.751950239425476,9.952325334619427,10.865535281748011,0.16535302871630933,688.8000000000001,0,0,B,B5,MORTGAGE,Source Verified,debt_consolidation
7000.0,10.64,36.0,,45000.0,28.4,1.0,10.0,0.0,5973.0,53.3,10.714439990727769,8.853808274977197,8.695171998776054,0.15555209884224794,383.04,1,0,B,B4,OWN,Verified,home_improvement
9600.0,9.17,36.0,0.0,92000.0,31.52,4.0,38.0,0.0,23054.0,38.6,11.42955472553732,9.169622538697624,10.045637944640806,0.10434669188378387,330.12,1,0,B,B2,MORTGAGE,Not Verified,debt_consolidation
10000.0,12.59,36.0,1.0,80000.0,20.03,0.0,18.0,0.0,12181.0,37.6,11.289794413577894,9.210440366976515,9.40771473139643,0.124998437519531,453.24,0,0,C,C2,RENT,Source Verified,debt_consolidation
20000.0,23.13,60.0,10.0,65000.0,33.77,0.0,12.0,0.0,6607.0,36.5,11.082157933374816,9.903537551286169,8.796036315200814,0.3076875740373225,1387.8,0,0,F,F2,MORTGAGE,Verified,debt_consolidation
16000.0,8.49,60.0,,70000.0,14.19,0.0,17.0,0.0,20845.0,24.1,11.156264806643742,9.680406499268875,9.944917362299268,0.22856816331195268,509.40000000000003,0,0,B,B1,MORTGAGE,Not Verified,debt_consolidation
10000.0,6.89,36.0,5.0,60000.0,6.44,1.0,8.0,0.0,11714.0,30.5,11.002116507732017,9.210440366976515,9.368625350941896,0.1666638889351844,248.04,1,0,A,A3,RENT,Verified,credit_card
12000.0,9.8,36.0,5.0,65000.0,7.37,0.0,8.0,1.0,6538.0,50.0,11.082157933374816,9.392745258631441,8.785539527561276,0.1846125444223935,352.8,0,1,B,B3,MORTGAGE,Source Verified,debt_consolidation
20000.0,9.8,36.0,0.0,60000.0,29.55,0.0,14.0,0.0,18540.0,57.9,11.002116507732017,9.903537551286169,9.827739775097854,0.3333277778703688,352.8,0,0,B,B3,RENT,Verified,debt_consolidation
4600.0,17.57,36.0,10.0,100000.0,20.7,1.0,10.0,0.0,535.0,8.5,11.51293546492023,8.434028950155469,6.284134161070802,0.04599954000459995,632.52,1,0,D,D4,MORTGAGE,Source Verified,debt_consolidation
15550.0,14.48,36.0,2.0,45800.0,24.32,0.0,16.0,0.0,15535.0,64.7,10.732061203925051,9.651880224221337,9.650915190531105,0.33951223772406713,521.28,0,0,C,C5,MORTGAGE,Source Verified,debt_consolidation
10000.0,7.89,36.0,9.0,109000.0,13.57,0.0,7.0,0.0,9481.0,38.4,11.599112335481124,9.210440366976515,9.157150543462063,0.09174227759378355,284.03999999999996,0,0,A,A5,MORTGAGE,Not Verified,credit_card
12000.0,7.26,36.0,3.0,72500.0,11.89,0.0,14.0,0.0,8615.0,52.0,11.19135563385109,9.392745258631441,9.061376218836225,0.1655149584143667,261.36,0,0,A,A4,RENT,Not Verified,debt_consolidation
7500.0,6.99,36.0,10.0,80000.0,10.26,0.0,9.0,0.0,13293.0,73.0,11.289794413577894,8.922791623969635,9.495068084601527,0.09374882813964826,251.64000000000001,0,0,A,A3,MORTGAGE,Not Verified,credit_card
32475.0,18.99,60.0,10.0,65000.0,43.98,0.0,9.0,0.0,12781.0,34.5,11.082157933374816,10.388256633982337,9.455793210210226,0.4996076983431024,1139.3999999999999,0,0,E,E1,MORTGAGE,Not Verified,home_improvement
19575.0,19.48,36.0,4.0,68000.0,34.95,0.0,26.0,0.0,28968.0,83.0,11.127277689932466,9.882059605122507,10.27398157170024,0.28786341377332686,701.28,0,0,E,E2,RENT,Not Verified,debt_consolidation
26000.0,6.99,36.0,10.0,86000.0,12.1,0.0,7.0,0.0,21896.0,74.2,11.362114203075018,10.165890277802454,9.994104920119742,0.3023220660224881,251.64000000000001,0,0,A,A3,MORTGAGE,Not Verified,debt_consolidation
30000.0,14.48,36.0,10.0,74358.0,23.55,0.0,24.0,0.0,53070.0,45.9,11.216659993654583,10.308985993422082,10.87938591868191,0.4034481367420218,521.28,0,0,C,C5,RENT,Verified,debt_consolidation
17600.0,9.17,36.0,2.0,54000.0,17.84,0.0,8.0,1.0,7084.0,36.5,10.896757843893464,9.775710997593968,8.865735152124781,0.3259198903724005,330.12,0,1,B,B2,RENT,Source Verified,debt_consolidation
3250.0,20.99,36.0,2.0,70000.0,9.36,0.0,13.0,0.0,7986.0,37.0,11.156264806643742,8.086717920303904,8.985570498917388,0.04642790817274039,755.64,0,0,E,E5,MORTGAGE,Source Verified,debt_consolidation
5600.0,12.88,36.0,,38000.0,11.76,0.0,12.0,2.0,4910.0,25.6,10.545367754151743,8.630700432209832,8.499232866039245,0.1473645430383411,463.68,0,1,C,C2,RENT,Verified,debt_consolidation
24000.0,9.17,60.0,9.0,72000.0,21.57,0.0,13.0,0.0,5736.0,11.2,11.184435286790631,10.085850775128717,8.65469170460187,0.3333287037680032,550.2,0,0,B,B2,MORTGAGE,Not Verified,credit_card
32200.0,24.24,60.0,0.0,70000.0,28.44,0.0,7.0,0.0,4004.0,47.7,11.156264806643742,10.379752786950895,8.29529885950246,0.4599934286653048,1454.3999999999999,0,0,F,F3,MORTGAGE,Verified,debt_consolidation
10000.0,12.88,36.0,0.0,80000.0,14.8,0.0,9.0,0.0,6154.0,66.2,11.289794413577894,9.210440366976515,8.725020038618554,0.124998437519531,463.68,0,0,C,C2,MORTGAGE,Source Verified,debt_consolidation
24000.0,9.17,36.0,10.0,90000.0,12.16,1.0,13.0,0.0,20500.0,63.9,11.407576060361786,10.085850775128717,9.928228944424575,0.2666637037366251,330.12,1,0,B,B2,MORTGAGE,Source Verified,debt_consolidation
12350.0,11.99,36.0,10.0,34000.0,34.16,0.0,17.0,0.0,25051.0,36.9,10.434145214930487,9.421492310438014,10.128708943645304,0.36322461104085174,431.64,0,0,C,C1,MORTGAGE,Source Verified,credit_card
10000.0,7.49,36.0,0.0,115000.0,21.04,0.0,13.0,0.0,15741.0,41.2,11.652696102959753,9.210440366976515,9.664087578702395,0.08695576560203824,269.64,0,0,A,A4,MORTGAGE,Source Verified,home_improvement
16725.0,21.48,60.0,8.0,58000.0,39.18,0.0,14.0,0.0,8936.0,49.6,10.968215530759235,9.72471967394147,9.097955241381392,0.288357097291426,1288.8,0,0,E,E5,MORTGAGE,Verified,debt_consolidation
13200.0,24.24,60.0,3.0,44000.0,20.92,0.0,12.0,0.0,11275.0,90.9,10.691967639914864,9.488047863280759,9.330431852234003,0.29999318197313696,1454.3999999999999,0,0,F,F3,MORTGAGE,Verified,debt_consolidation
35000.0,9.76,36.0,0.0,115000.0,11.41,0.0,16.0,0.0,29789.0,40.4,11.652696102959753,10.463131911491967,10.301928045707328,0.30434517960713386,351.36,0,0,B,B3,RENT,Source Verified,credit_card
1500.0,17.27,36.0,5.0,45000.0,20.4,0.0,9.0,0.0,4004.0,35.4,10.714439990727769,7.313886831633462,8.29529885950246,0.033332592609053135,621.72,0,0,D,D3,RENT,Source Verified,debt_consolidation
20000.0,22.45,60.0,5.0,65000.0,10.45,1.0,13.0,0.0,5525.0,53.1,11.082157933374816,9.903537551286169,8.617219505483362,0.3076875740373225,1347.0,1,0,F,F1,MORTGAGE,Verified,debt_consolidation
30000.0,18.2,60.0,10.0,108000.0,16.96,0.0,22.0,0.0,26384.0,56.5,11.58989576532275,10.308985993422082,10.180550945839768,0.2777752057851316,1092.0,0,0,E,E1,RENT,Verified,debt_consolidation
9650.0,12.88,36.0,0.0,55500.0,15.18,1.0,19.0,1.0,9419.0,61.2,10.92415631759022,9.174816815907135,9.150590367570409,0.1738707410677285,463.68,1,1,C,C2,RENT,Source Verified,debt_consolidation
12150.0,11.99,36.0,0.0,60000.0,9.96,0.0,17.0,0.0,10387.0,37.9,11.002116507732017,9.405166749908611,9.248406572782638,0.20249662505624907,431.64,0,0,C,C1,MORTGAGE,Verified,debt_consolidation
9425.0,15.77,36.0,8.0,30000.0,27.48,0.0,7.0,0.0,7753.0,51.3,10.308985993422082,9.151227107483676,8.955964118230874,0.31415619479350687,567.72,0,0,D,D1,MORTGAGE,Verified,debt_consolidation
20000.0,18.49,36.0,,67140.0,9.76,0.0,3.0,0.0,16657.0,98.0,11.114550164673927,9.903537551286169,9.720645860495285,0.29788057967560805,665.64,0,0,D,D5,OWN,Verified,debt_consolidation
4350.0,10.64,36.0,,17669.0,26.15,0.0,6.0,0.0,5856.0,45.7,9.779623565313742,8.37816098272068,8.675392806089782,0.2461799660441426,383.04,0,0,B,B4,RENT,Verified,debt_consolidation
10500.0,10.64,60.0,1.0,35000.0,23.56,0.0,9.0,0.0,8886.0,37.3,10.463131911491967,9.259225769705994,9.092344813738475,0.2999914288163195,638.4000000000001,0,0,B,B4,MORTGAGE,Not Verified,debt_consolidation
5000.0,7.49,36.0,1.0,80000.0,24.15,0.0,22.0,0.0,13234.0,23.8,11.289794413577894,8.517393171418904,9.490620114661201,0.0624992187597655,269.64,0,0,A,A4,RENT,Not Verified,debt_consolidation
10000.0,7.91,36.0,10.0,125000.0,17.89,0.0,7.0,0.0,5338.0,39.8,11.736077016252437,9.210440366976515,8.582793648500186,0.07999936000511997,284.76,0,0,A,A5,OWN,Not Verified,debt_consolidation
10000.0,7.89,36.0,10.0,110000.0,21.31,0.0,15.0,0.0,23628.0,64.6,11.608244735642321,9.210440366976515,10.070230050199568,0.09090826447032299,284.03999999999996,0,0,A,A5,MORTGAGE,Not Verified,vacation
8000.0,7.91,36.0,3.0,60000.0,13.09,0.0,15.0,0.0,9878.0,26.3,11.002116507732017,8.987321812850123,9.198166571044474,0.13333111114814752,284.76,0,0,A,A5,MORTGAGE,Not Verified,credit_card
14150.0,16.59,60.0,10.0,30798.0,9.28,0.0,4.0,0.0,2161.0,26.0,10.335237500902116,9.557540571952371,7.6787889981991535,0.45943050099029187,995.4,0,0,D,D2,RENT,Not Verified,credit_card
28000.0,5.32,36.0,10.0,80000.0,21.53,0.0,16.0,0.0,91249.51999999856,18.4,11.289794413577894,10.239995502805314,11.493763032705472,0.34999562505468684,191.52,0,0,A,A1,OWN,Not Verified,debt_consolidation
12000.0,8.49,36.0,10.0,70000.0,26.51,0.0,17.0,0.0,24873.0,83.5,11.156264806643742,9.392745258631441,10.121578360213686,0.17142612248396452,305.64,0,0,B,B1,MORTGAGE,Source Verified,credit_card
33600.0,14.48,60.0,8.0,135000.0,22.94,0.0,25.0,0.0,21186.0,95.9,11.813037464800539,10.422311107413181,9.96114306502429,0.24888704528114605,868.8000000000001,0,0,C,C5,RENT,Verified,credit_card
4000.0,12.88,36.0,10.0,80000.0,6.45,0.0,8.0,0.0,1986.0,31.0,11.289794413577894,8.294299608857235,7.594381242551816,0.0499993750078124,463.68,0,0,C,C2,RENT,Verified,debt_consolidation
16000.0,11.48,36.0,3.0,70000.0,26.11,0.0,13.0,0.0,14790.0,66.3,11.156264806643742,9.680406499268875,9.601774166671369,0.22856816331195268,413.28000000000003,0,0,B,B5,RENT,Source Verified,debt_consolidation
28000.0,5.32,36.0,3.0,202000.0,12.14,0.0,10.0,0.0,13196.0,21.3,12.216027926866138,10.239995502805314,9.48774481001683,0.13861317518230107,191.52,0,0,A,A1,MORTGAGE,Verified,debt_consolidation
22025.0,18.99,36.0,0.0,145000.0,18.56,0.0,9.0,0.0,11279.0,86.0,11.884495917930654,9.999978852724889,9.33078652505205,0.15189550416893677,683.64,0,0,E,E1,RENT,Verified,credit_card
24900.0,13.44,60.0,10.0,54139.0,22.59,0.0,8.0,0.0,14875.0,76.7,10.899328563168291,10.122663242288953,9.60750445504496,0.45991872922053934,806.4,0,0,C,C3,MORTGAGE,Not Verified,debt_consolidation
16000.0,12.88,36.0,3.0,54000.0,16.31,0.0,10.0,0.0,10699.0,67.3,10.896757843893464,9.680406499268875,9.277999020449997,0.296290809429455,463.68,0,0,C,C2,RENT,Verified,debt_consolidation
17500.0,12.88,36.0,10.0,95700.0,10.09,0.0,10.0,0.0,11625.0,75.0,11.468984026707245,9.770013301136157,9.360999248261296,0.18286120312222442,463.68,0,0,C,C2,OWN,Source Verified,debt_consolidation
10000.0,13.18,36.0,4.0,34000.0,28.38,0.0,6.0,0.0,4267.0,67.7,10.434145214930487,9.210440366976515,8.358900612421644,0.29410899679421193,474.48,0,0,C,C3,RENT,Source Verified,debt_consolidation
13200.0,5.32,36.0,2.0,150000.0,15.45,0.0,14.0,0.0,42605.0,27.7,11.918397239722838,9.488047863280759,10.659750367410147,0.08799941333724441,191.52,0,0,A,A1,MORTGAGE,Not Verified,home_improvement
11200.0,10.78,36.0,2.0,60000.0,9.14,1.0,16.0,0.0,8247.0,18.3,11.002116507732017,9.32375833901174,9.017726025696795,0.18666355560740655,388.08,1,0,B,B4,MORTGAGE,Not Verified,home_improvement
3000.0,10.64,36.0,10.0,66000.0,8.29,6.0,14.0,0.0,7708.0,58.8,11.097425172408931,8.006700845440367,8.950143756459262,0.045453856759746065,383.04,1,0,B,B4,MORTGAGE,Source Verified,medical
9500.0,11.48,36.0,5.0,50000.0,25.13,0.0,17.0,0.0,13370.0,43.0,10.819798284210286,9.159152335206748,9.500843461614664,0.1899962000759985,413.28000000000003,0,0,B,B5,RENT,Not Verified,credit_card
17875.0,21.99,60.0,10.0,85000.0,19.84,0.0,15.0,0.0,10096.0,37.1,11.350418300109132,9.791214310053341,9.219993629004321,0.210291643627722,1319.3999999999999,0,0,F,F1,MORTGAGE,Source Verified,debt_consolidation
14650.0,19.48,60.0,10.0,49000.0,26.4,0.0,8.0,0.0,7179.0,33.5,10.799595985047786,9.592263871501313,8.87905466204227,0.2989734903369319,1168.8,0,0,E,E2,RENT,Source Verified,debt_consolidation
15000.0,18.99,60.0,0.0,92000.0,29.23,0.0,8.0,0.0,13804.0,63.3,11.42955472553732,9.61587214452889,9.532786124364254,0.1630417060684123,1139.3999999999999,0,0,E,E3,RENT,Source Verified,debt_consolidation
28000.0,7.91,36.0,3.0,225000.0,12.13,2.0,11.0,0.0,37796.0,40.7,12.323860125621124,10.239995502805314,10.53998501337874,0.12444389136048284,284.76,1,0,A,A5,MORTGAGE,Verified,credit_card
20000.0,7.91,36.0,5.0,75000.0,20.67,0.0,10.0,0.0,25609.0,41.6,11.225256725762893,9.903537551286169,10.15073817919357,0.2666631111585179,284.76,0,0,A,A5,MORTGAGE,Verified,debt_consolidation
10000.0,9.17,36.0,3.0,43000.0,12.39,0.0,6.0,0.0,5806.0,68.3,10.668978650219241,9.210440366976515,8.66681936537205,0.2325527313318295,330.12,0,0,B,B2,MORTGAGE,Source Verified,debt_consolidation
28000.0,22.45,60.0,10.0,65000.0,19.65,0.0,9.0,0.0,11460.0,45.5,11.082157933374816,10.239995502805314,9.346705246496699,0.4307626036522515,1347.0,0,0,F,F1,OWN,Verified,debt_consolidation
4425.0,14.85,36.0,10.0,48000.0,24.74,0.0,14.0,0.0,14651.0,52.7,10.77897712300635,8.395251520610994,9.592332123898705,0.09218557946709444,534.6,0,0,C,C5,MORTGAGE,Verified,debt_consolidation
13000.0,10.78,60.0,2.0,32736.0,26.32,0.0,15.0,1.0,10317.0,30.1,10.39626121569437,9.472781556562168,9.241645221804594,0.3971041940312185,646.8,0,1,B,B4,RENT,Not Verified,credit_card
8000.0,11.99,36.0,6.0,22000.0,28.92,0.0,9.0,0.0,17653.0,57.9,9.99884318585288,8.987321812850123,9.778717665580178,0.3636198354620245,431.64,0,0,C,C1,OWN,Verified,debt_consolidation
4500.0,14.85,36.0,2.0,42000.0,14.3,0.0,6.0,2.0,4132.0,36.6,10.645448706505872,8.412054873292933,8.326758814511733,0.10714030618318611,534.6,0,1,C,C5,MORTGAGE,Not Verified,debt_consolidation
8525.0,13.44,36.0,4.0,60000.0,30.44,0.0,11.0,0.0,28188.0,81.0,11.002116507732017,9.050875597325156,10.246687109906768,0.1420809653172447,483.84,0,0,C,C3,MORTGAGE,Verified,credit_card
3000.0,12.88,36.0,10.0,45000.0,9.47,0.0,7.0,0.0,5652.0,53.3,10.714439990727769,8.006700845440367,8.63994165667529,0.06666518521810627,463.68,0,0,C,C2,RENT,Source Verified,other
32975.0,17.86,60.0,7.0,70000.0,32.28,0.0,16.0,0.0,18367.0,44.4,11.156264806643742,10.40353530313024,9.818365299119293,0.4710646990757275,1071.6,0,0,D,D5,MORTGAGE,Verified,debt_consolidation
14000.0,9.17,60.0,2.0,88000.0,10.6,0.0,23.0,0.0,18119.0,37.1,11.385103457032141,9.546884034617925,9.80477157959697,0.15908910126021295,550.2,0,0,B,B2,MORTGAGE,Source Verified,home_improvement
12800.0,6.49,36.0,0.0,70000.0,23.93,0.0,23.0,0.0,10205.0,30.2,11.156264806643742,9.45727857185611,9.230731061623917,0.18285453064956214,233.64000000000001,0,0,A,A2,OWN,Source Verified,debt_consolidation
17275.0,19.48,60.0,4.0,56000.0,34.27,0.0,10.0,0.0,9403.0,44.8,10.933124826700706,9.757073534080591,9.148890409659959,0.30847663434581524,1168.8,0,0,E,E2,MORTGAGE,Not Verified,debt_consolidation
3000.0,8.38,36.0,3.0,41000.0,10.66,0.0,6.0,0.0,2704.0,36.1,10.62135173563291,8.006700845440367,7.902857191280582,0.07316894709885124,301.68,0,0,B,B1,MORTGAGE,Verified,credit_card
8000.0,7.91,36.0,8.0,42000.0,24.14,0.0,8.0,0.0,6038.0,94.3,10.645448706505872,8.987321812850123,8.705993714307901,0.19047165543677533,284.76,0,0,A,A5,RENT,Verified,credit_card
6000.0,9.76,36.0,5.0,62000.0,17.63,0.0,15.0,1.0,5038.0,22.0,11.034905792929415,8.699681400989512,8.524962928680598,0.09677263269947259,351.36,0,1,B,B3,RENT,Verified,debt_consolidation
28500.0,17.97,36.0,0.0,75000.0,27.11,0.0,17.0,0.0,77840.0,73.8,11.225256725762893,10.25769445336048,11.26242356364273,0.37999493340088797,646.92,0,0,D,D4,MORTGAGE,Source Verified,debt_consolidation
15000.0,9.17,36.0,10.0,45000.0,16.93,1.0,6.0,1.0,9481.0,55.0,10.714439990727769,9.61587214452889,9.157150543462063,0.3333259260905313,330.12,1,1,B,B2,RENT,Not Verified,debt_consolidation
24000.0,17.97,60.0,10.0,75000.0,39.81,0.0,14.0,0.0,13486.0,50.7,11.225256725762893,10.085850775128717,9.509481537516857,0.31999573339022147,1078.1999999999998,0,0,D,D4,MORTGAGE,Verified,debt_consolidation
18000.0,11.48,36.0,9.0,160000.0,19.42,1.0,25.0,0.0,28739.0,54.1,11.982935344196433,9.798182590890704,10.266045159633016,0.1124992968793945,413.28000000000003,1,0,B,B5,MORTGAGE,Not Verified,debt_consolidation
21125.0,9.17,60.0,7.0,80000.0,29.87,0.0,16.0,0.0,26656.0,20.7,11.289794413577894,9.958259788383106,10.1908070592689,0.26405919926000926,550.2,0,0,B,B2,MORTGAGE,Not Verified,debt_consolidation
4000.0,9.76,36.0,10.0,38000.0,27.83,0.0,11.0,0.0,3202.0,10.7,10.545367754151743,8.294299608857235,8.071843149609158,0.10526038788452935,351.36,0,0,B,B3,RENT,Verified,medical
10800.0,11.48,36.0,3.0,79000.0,10.57,0.0,9.0,0.0,14809.0,48.1,11.277215789596891,9.287394001418473,9.603057907261844,0.13670713028949,413.28000000000003,0,0,B,B5,RENT,Source Verified,debt_consolidation
28000.0,8.49,60.0,1.0,60000.0,18.59,0.0,6.0,0.0,61267.0,95.9,11.002116507732017,10.239995502805314,11.023012962784444,0.4666588890185164,509.40000000000003,0,0,B,B1,MORTGAGE,Not Verified,credit_card
30000.0,7.91,36.0,10.0,110000.0,20.18,0.0,24.0,0.0,50184.0,39.3,11.608244735642321,10.308985993422082,10.8234714562479,0.272724793410969,284.76,0,0,A,A5,OWN,Source Verified,debt_consolidation
5000.0,11.22,36.0,10.0,119500.0,8.82,0.0,7.0,0.0,4667.0,63.1,11.691080018519525,8.517393171418904,8.448485993406447,0.04184065405310416,403.92,0,0,B,B5,RENT,Verified,medical
7000.0,8.49,36.0,2.0,70000.0,18.04,0.0,9.0,0.0,6818.0,79.3,11.156264806643742,8.853808274977197,8.827468112520652,0.0999985714489793,305.64,0,0,B,B1,MORTGAGE,Source Verified,credit_card
17125.0,27.99,60.0,4.0,45000.0,17.44,0.0,30.0,1.0,14276.0,40.6,10.714439990727769,9.748353055586136,9.566405129789219,0.3805470989533566,1679.3999999999999,0,1,G,G3,RENT,Source Verified,debt_consolidation
9000.0,11.99,36.0,0.0,50000.0,15.24,0.0,16.0,0.0,5749.0,21.9,10.819798284210286,9.105090961257085,8.656955133791396,0.17999640007199855,431.64,0,0,C,C1,MORTGAGE,Not Verified,debt_consolidation
13000.0,7.91,36.0,2.0,70000.0,26.32,0.0,10.0,0.0,13025.0,40.6,11.156264806643742,9.472781556562168,9.474702639106347,0.18571163269096155,284.76,0,0,A,A5,RENT,Not Verified,credit_card
9700.0,22.45,36.0,,27000.0,26.04,0.0,8.0,1.0,6726.0,55.1,10.203629181337648,9.179984251961283,8.813884558025606,0.359245953853561,808.1999999999999,0,1,F,F1,MORTGAGE,Verified,debt_consolidation
25000.0,17.27,36.0,10.0,120000.0,21.33,2.0,17.0,1.0,35492.0,74.2,11.695255355062795,10.12667110305036,10.477090772921771,0.2083315972366897,621.72,1,1,D,D3,MORTGAGE,Not Verified,debt_consolidation
8000.0,16.59,36.0,3.0,27000.0,15.96,0.0,5.0,0.0,12918.0,95.0,10.203629181337648,8.987321812850123,9.466454374960302,0.2962853227658235,597.24,0,0,D,D2,RENT,Source Verified,debt_consolidation
12000.0,12.88,36.0,10.0,72000.0,8.72,0.0,6.0,1.0,5210.0,86.8,11.184435286790631,9.392745258631441,8.558527054909215,0.1666643518840016,463.68,0,1,C,C2,MORTGAGE,Not Verified,debt_consolidation
10800.0,13.44,36.0,10.0,30000.0,5.88,0.0,3.0,0.0,4781.0,53.1,10.308985993422082,9.287394001418473,8.47261414801827,0.3599880003999867,483.84,0,0,C,C3,RENT,Source Verified,medical
33000.0,12.88,60.0,2.0,125000.0,21.54,1.0,17.0,0.0,34688.0,67.1,11.736077016252437,10.404293143019792,10.454177912797071,0.2639978880168959,772.8000000000001,1,0,C,C2,MORTGAGE,Source Verified,debt_consolidation
10000.0,6.99,36.0,10.0,39000.0,16.25,0.0,20.0,0.0,19569.0,24.9,10.571342565808699,9.210440366976515,9.881753060390121,0.2564036819568729,251.64000000000001,0,0,A,A3,OWN,Not Verified,debt_consolidation
35000.0,17.97,60.0,8.0,116000.0,18.08,0.0,14.0,0.0,21047.0,42.7,11.661354090740998,10.463131911491967,9.95456082272013,0.3017215368833027,1078.1999999999998,0,0,D,D4,MORTGAGE,Source Verified,credit_card
12000.0,5.32,36.0,8.0,80000.0,27.21,0.0,19.0,0.0,25879.0,24.5,11.289794413577894,9.392745258631441,10.161225748614836,0.1499981250234372,191.52,0,0,A,A1,MORTGAGE,Not Verified,debt_consolidation
6400.0,14.85,36.0,8.0,74000.0,11.97,2.0,10.0,0.0,12014.0,77.0,11.211833885608513,8.764209507142002,9.393911148170568,0.08648531776597614,534.6,1,0,C,C5,MORTGAGE,Source Verified,debt_consolidation
18000.0,13.44,60.0,10.0,72000.0,14.77,1.0,7.0,0.0,17132.0,78.9,11.184435286790631,9.798182590890704,9.748761707332973,0.24999652782600243,806.4,1,0,C,C3,RENT,Source Verified,credit_card
5000.0,13.18,36.0,6.0,35000.0,17.56,0.0,6.0,0.0,4642.0,25.9,10.463131911491967,8.517393171418904,8.44311598801992,0.14285306134110454,474.48,0,0,C,C3,RENT,Source Verified,small_business
3000.0,11.22,36.0,3.0,95000.0,8.54,0.0,6.0,0.0,12088.0,86.3,11.461642696843066,8.006700845440367,9.400051227201992,0.03157861496194777,403.92,0,0,B,B5,OWN,Source Verified,other
30000.0,9.17,60.0,4.0,120000.0,18.53,0.0,14.0,2.0,9172.0,21.4,11.695255355062795,10.308985993422082,9.124019665509655,0.24999791668402763,550.2,0,1,B,B2,MORTGAGE,Source Verified,home_improvement
9000.0,11.99,36.0,10.0,89000.0,23.95,0.0,6.0,0.0,10775.0,77.0,11.39640288460621,9.105090961257085,9.285076718090199,0.10112245929821014,431.64,0,0,C,C1,MORTGAGE,Verified,debt_consolidation
16800.0,13.99,36.0,3.0,97000.0,16.78,2.0,14.0,1.0,15248.0,51.0,11.48247656671073,9.729193687429403,9.632269206115012,0.17319409078256925,503.64,1,1,C,C4,MORTGAGE,Verified,credit_card
2000.0,18.49,36.0,,19000.0,7.33,0.0,5.0,0.0,4265.0,38.8,9.852246888342531,7.601402334583733,8.358431899031295,0.10525761802010421,665.64,0,0,D,D5,RENT,Verified,other
12600.0,10.78,36.0,3.0,85700.0,15.88,0.0,12.0,0.0,11238.0,55.4,11.358619773129229,9.441531454869693,9.327145151518266,0.1470227885322225,388.08,0,0,B,B4,RENT,Source Verified,debt_consolidation
8400.0,16.55,36.0,0.0,40452.0,13.08,0.0,7.0,0.0,7592.0,59.3,10.60789608537309,9.036106025364846,8.934982049213234,0.20764838207302302,595.8000000000001,0,0,D,D2,RENT,Source Verified,credit_card
35000.0,11.22,36.0,6.0,95000.0,25.38,2.0,16.0,0.0,36783.0,88.2,11.461642696843066,10.463131911491967,10.512818247002963,0.3684171745560573,403.92,1,0,B,B5,MORTGAGE,Verified,debt_consolidation
15925.0,23.13,60.0,10.0,65000.0,19.46,0.0,12.0,0.0,9839.0,93.7,11.082157933374816,9.67570827281739,9.1942109900463,0.24499623082721805,1387.8,0,0,F,F2,MORTGAGE,Not Verified,debt_consolidation
14400.0,11.99,36.0,2.0,50000.0,25.32,1.0,7.0,0.0,1812.0,40.3,10.819798284210286,9.575052927597381,7.502738210754851,0.2879942401151977,431.64,1,0,C,C1,MORTGAGE,Source Verified,debt_consolidation
10000.0,13.67,36.0,5.0,38200.0,28.81,0.0,8.0,1.0,8283.0,61.8,10.5506169722625,9.210440366976515,9.022081222515475,0.2617732520091097,492.12,0,1,C,C4,MORTGAGE,Verified,debt_consolidation
10000.0,9.17,36.0,10.0,65000.0,8.14,0.0,10.0,0.0,986.0,6.7,11.082157933374816,9.210440366976515,6.894670039433481,0.15384378701866125,330.12,0,0,B,B2,RENT,Not Verified,credit_card
15000.0,7.49,36.0,10.0,110000.0,6.74,0.0,4.0,0.0,2637.0,29.0,11.608244735642321,9.61587214452889,7.87777633327726,0.1363623967054845,269.64,0,0,A,A4,MORTGAGE,Not Verified,home_improvement
18000.0,11.99,36.0,3.0,48000.0,20.68,1.0,24.0,0.0,7579.0,42.8,10.77897712300635,9.798182590890704,8.933268478636418,0.37499218766275705,431.64,1,0,C,C1,RENT,Verified,credit_card
5000.0,15.77,36.0,5.0,55000.0,30.15,0.0,8.0,0.0,3057.0,35.1,10.915106645867501,8.517393171418904,8.025516386489008,0.09090743804658097,567.72,0,0,D,D1,MORTGAGE,Source Verified,debt_consolidation
3600.0,6.99,36.0,10.0,150000.0,28.08,0.0,11.0,0.0,28415.0,58.8,11.918397239722838,8.188966863648876,10.254707645791896,0.02399984000106666,251.64000000000001,0,0,A,A3,MORTGAGE,Source Verified,debt_consolidation
30000.0,18.49,60.0,0.0,73000.0,17.01,0.0,8.0,0.0,26697.0,93.0,11.19822841866684,10.308985993422082,10.192343935215677,0.41095327461267656,1109.3999999999999,0,0,E,E2,MORTGAGE,Verified,other
16100.0,17.27,36.0,10.0,50000.0,15.96,0.0,10.0,0.0,24765.0,97.5,10.819798284210286,9.686636660844938,10.117227023775044,0.32199356012879743,621.72,0,0,D,D3,MORTGAGE,Not Verified,debt_consolidation
6000.0,11.99,36.0,1.0,72000.0,2.15,0.0,6.0,0.0,4670.0,34.3,11.184435286790631,8.699681400989512,8.449128460502108,0.0833321759420008,431.64,0,0,C,C1,RENT,Source Verified,credit_card
8400.0,7.91,36.0,8.0,46000.0,16.57,0.0,9.0,1.0,8874.0,58.4,10.736418414365374,9.036106025364846,9.090993614343617,0.18260472598421773,284.76,0,1,A,A5,RENT,Not Verified,debt_consolidation
15400.0,5.32,36.0,0.0,85000.0,8.92,0.0,9.0,0.0,14627.0,30.5,11.350418300109132,9.642187721358464,9.590692779269272,0.18117433912542205,191.52,0,0,A,A1,MORTGAGE,Not Verified,credit_card
9600.0,13.99,36.0,1.0,22900.0,14.77,0.0,14.0,0.0,10614.0,28.8,10.038935856711177,9.169622538697624,9.270023374137356,0.41919566831142746,503.64,0,0,C,C4,RENT,Verified,credit_card
25000.0,7.91,36.0,5.0,75000.0,27.76,0.0,16.0,0.0,23362.0,71.4,11.225256725762893,10.12667110305036,10.058908853353957,0.3333288889481474,284.76,0,0,A,A5,MORTGAGE,Not Verified,credit_card
9600.0,9.76,36.0,0.0,95000.0,11.93,0.0,6.0,0.0,12389.0,57.9,11.461642696843066,9.169622538697624,9.424644974623188,0.10105156787823286,351.36,0,0,B,B3,RENT,Source Verified,debt_consolidation
8175.0,13.99,36.0,2.0,24000.0,3.95,0.0,2.0,0.0,3355.0,86.0,10.085850775128717,9.008958312443486,8.118505067587096,0.34061080788300485,503.64,0,0,C,C4,RENT,Verified,other
13600.0,19.89,60.0,10.0,51000.0,33.79,0.0,16.0,1.0,13835.0,53.6,10.839600519357369,9.517898598432753,9.53502917005706,0.2666614380110194,1193.4,0,1,E,E3,OWN,Verified,debt_consolidation
12500.0,6.24,36.0,6.0,80000.0,23.28,0.0,12.0,1.0,12809.0,32.5,11.289794413577894,9.433563920090563,9.45798139489078,0.15624804689941377,224.64000000000001,0,1,A,A2,MORTGAGE,Not Verified,credit_card
4800.0,11.99,36.0,2.0,62000.0,10.41,0.0,6.0,0.0,8893.0,98.8,11.034905792929415,8.47657950853094,9.093132171070641,0.07741810615957807,431.64,0,0,C,C1,MORTGAGE,Source Verified,credit_card
26900.0,9.8,36.0,5.0,87300.0,27.57,1.0,16.0,0.0,6851.0,24.5,11.37711719651581,10.199918739620157,8.83229585944401,0.30812934559741584,352.8,1,0,B,B3,RENT,Verified,debt_consolidation
12900.0,17.97,36.0,8.0,38000.0,29.85,0.0,11.0,0.0,14096.0,87.0,10.545367754151743,9.465060106725137,9.553717287770924,0.3394647509276072,646.92,0,0,D,D4,RENT,Source Verified,small_business
5000.0,11.48,36.0,7.0,55000.0,22.78,0.0,17.0,1.0,3448.0,9.2,10.915106645867501,8.517393171418904,8.145839612936841,0.09090743804658097,413.28000000000003,0,1,B,B5,RENT,Source Verified,other
1000.0,13.99,36.0,2.0,35000.0,26.82,0.0,18.0,0.0,11420.0,59.2,10.463131911491967,6.90875477931522,9.343209045050607,0.02857061226822091,503.64,0,0,C,C4,RENT,Verified,other
20000.0,9.8,60.0,5.0,52000.0,17.75,0.0,15.0,0.0,20576.0,33.0,10.859018228147885,9.903537551286169,9.93192922616743,0.38460798830791715,588.0,0,0,B,B3,MORTGAGE,Not Verified,debt_consolidation
6400.0,6.99,36.0,10.0,42000.0,17.29,0.0,11.0,0.0,13399.0,41.5,10.645448706505872,8.764209507142002,9.503009985939002,0.15237732434942025,251.64000000000001,0,0,A,A3,MORTGAGE,Source Verified,credit_card
15000.0,6.49,36.0,5.0,74000.0,15.87,0.0,5.0,0.0,14792.0,48.8,11.211833885608513,9.61587214452889,9.601909374892236,0.20269996351400657,233.64000000000001,0,0,A,A2,RENT,Source Verified,credit_card
10000.0,13.44,36.0,1.0,30000.0,7.64,0.0,4.0,0.0,6478.0,48.1,10.308985993422082,9.210440366976515,8.776321456449956,0.33332222259258026,483.84,0,0,C,C3,RENT,Verified,moving
9500.0,10.64,36.0,1.0,21600.0,14.61,0.0,14.0,0.0,11154.0,15.1,9.980494888896912,9.159152335206748,9.319643106866632,0.4397944539604648,383.04,0,0,B,B4,OWN,Source Verified,debt_consolidation
2500.0,13.99,36.0,0.0,40000.0,18.76,0.0,10.0,0.0,3831.0,19.2,10.596659732783579,7.824445930877618,8.251142139090751,0.06249843753906152,503.64,0,0,C,C4,RENT,Source Verified,car
19200.0,14.48,36.0,1.0,115000.0,24.11,0.0,15.0,0.0,7479.0,32.4,11.652696102959753,9.862717639992916,8.919988070968522,0.16695506995591342,521.28,0,0,C,C5,RENT,Verified,debt_consolidation
9375.0,17.27,36.0,3.0,36000.0,25.4,2.0,13.0,1.0,3514.0,32.0,10.491301994830229,9.145908511816794,8.164794804244766,0.2604094330713036,621.72,1,1,D,D3,MORTGAGE,Verified,debt_consolidation
10000.0,9.8,36.0,10.0,115000.0,16.04,4.0,10.0,0.0,11026.0,58.3,11.652696102959753,9.210440366976515,9.308102089758679,0.08695576560203824,352.8,1,0,B,B3,RENT,Not Verified,other
6000.0,8.38,36.0,,22000.0,32.95,0.0,9.0,0.0,6524.0,46.9,9.99884318585288,8.699681400989512,8.783396232190894,0.27271487659651833,301.68,0,0,B,B1,RENT,Verified,credit_card
24150.0,13.99,36.0,10.0,134641.49,14.94,0.0,7.0,0.0,3705.0,26.0,11.81037832245482,10.09208106609093,8.217708406845304,0.1793638843131912,503.64,0,0,C,C4,MORTGAGE,Source Verified,home_improvement
15000.0,13.44,36.0,3.0,42000.0,28.2,0.0,16.0,0.0,7954.0,39.4,10.645448706505872,9.61587214452889,8.981555940771887,0.3571343539439537,483.84,0,0,C,C3,RENT,Verified,other
1000.0,16.55,36.0,2.0,65000.0,31.78,0.0,6.0,0.0,24293.0,94.5,11.082157933374816,6.90875477931522,10.097984685260215,0.015384378701866125,595.8000000000001,0,0,D,D2,RENT,Not Verified,medical
10400.0,14.48,36.0,10.0,65000.0,26.97,0.0,6.0,1.0,4350.0,66.9,11.082157933374816,9.249657234353133,8.37816098272068,0.1599975384994077,521.28,0,1,C,C5,RENT,Verified,debt_consolidation
6000.0,9.8,36.0,1.0,24000.0,18.15,2.0,8.0,0.0,1651.0,30.0,10.085850775128717,8.699681400989512,7.409741954080923,0.24998958376734304,352.8,1,0,B,B3,RENT,Verified,debt_consolidation
15000.0,9.8,36.0,8.0,125000.0,11.11,0.0,15.0,0.0,13739.0,44.8,11.736077016252437,9.61587214452889,9.52806656577634,0.11999904000767994,352.8,0,0,B,B3,MORTGAGE,Not Verified,home_improvement
9650.0,11.99,36.0,10.0,30000.0,28.52,1.0,14.0,0.0,5207.0,34.7,10.308985993422082,9.174816815907135,8.557951183888404,0.32165594480183995,431.64,1,0,C,C1,RENT,Not Verified,credit_card
3700.0,10.78,36.0,0.0,35200.0,33.24,0.0,13.0,1.0,10340.0,43.8,10.468829770273567,8.216358332386156,9.243871855184974,0.10511065026561746,388.08,0,1,B,B4,OWN,Source Verified,home_improvement
12000.0,7.26,36.0,2.0,55000.0,17.93,0.0,12.0,0.0,14028.0,86.1,10.915106645867501,9.392745258631441,9.548881894718772,0.21817785131179432,261.36,0,0,A,A4,RENT,Verified,credit_card
22400.0,10.64,60.0,10.0,95000.0,15.37,0.0,8.0,0.0,15537.0,43.8,11.461642696843066,10.016860879703811,9.651043915510366,0.23578699171587666,638.4000000000001,0,0,B,B4,RENT,Not Verified,credit_card
12000.0,13.99,60.0,10.0,38000.0,31.43,0.0,9.0,0.0,12214.0,94.0,10.545367754151743,9.392745258631441,9.41041998369184,0.31578116365358805,839.4,0,0,C,C4,OWN,Verified,credit_card
7500.0,12.59,36.0,2.0,75000.0,15.44,0.0,7.0,0.0,5720.0,98.6,11.225256725762893,8.922791623969635,8.651898894268529,0.09999866668444421,453.24,0,0,C,C2,RENT,Source Verified,credit_card
5000.0,11.99,36.0,0.0,70000.0,27.74,0.0,7.0,0.0,6486.0,27.3,11.156264806643742,8.517393171418904,8.777555453213054,0.07142755103498521,431.64,0,0,C,C1,OWN,Not Verified,debt_consolidation
14075.0,14.85,60.0,,30600.0,26.27,0.0,7.0,0.0,12668.0,33.5,10.328787967145063,9.552226498441476,9.446913343602052,0.45995228914087777,891.0,0,0,C,C5,MORTGAGE,Verified,debt_consolidation
23800.0,15.77,60.0,4.0,62500.0,31.62,8.0,20.0,0.0,3764.0,47.6,11.042937835596494,10.077482875583607,8.233503140233994,0.38079390729748325,946.1999999999999,1,0,D,D1,RENT,Not Verified,debt_consolidation
35000.0,12.88,36.0,10.0,250000.0,9.87,0.0,6.0,0.0,11673.0,78.9,12.611541086966115,10.463131911491967,9.365119425763735,0.11666627777907407,463.68,0,0,C,C2,RENT,Source Verified,credit_card
3600.0,18.49,36.0,10.0,65000.0,16.36,0.0,18.0,0.0,4745.0,29.1,11.082157933374816,8.188966863648876,8.465057436995709,0.05538376332671805,665.64,0,0,D,D5,MORTGAGE,Verified,debt_consolidation
16325.0,18.99,36.0,10.0,142000.0,19.89,0.0,13.0,0.0,20783.0,59.7,11.863589378812122,9.7005142080113,9.94193873891038,0.11496397912690756,683.64,0,0,E,E1,MORTGAGE,Source Verified,small_business
21000.0,14.85,60.0,0.0,75000.0,22.44,0.0,15.0,0.0,17439.0,87.2,11.225256725762893,9.952325334619427,9.76652169746297,0.2799962667164438,891.0,0,0,C,C5,RENT,Source Verified,credit_card
16000.0,11.48,36.0,2.0,230000.0,23.24,1.0,21.0,0.0,69203.0,85.8,12.345838935721968,9.680406499268875,11.144813943403413,0.06956491493515246,413.28000000000003,1,0,B,B5,OWN,Source Verified,debt_consolidation
18000.0,17.86,36.0,10.0,90000.0,13.04,0.0,9.0,0.0,5956.0,38.4,11.407576060361786,9.798182590890704,8.692322277628687,0.19999777780246886,642.96,0,0,D,D5,MORTGAGE,Verified,debt_consolidation
26050.0,7.91,60.0,10.0,82300.0,12.5,0.0,11.0,0.0,24319.0,41.8,11.318138537259628,10.167811434160654,10.099054336080103,0.31652106292754645,474.6,0,0,A,A5,MORTGAGE,Source Verified,debt_consolidation
3425.0,15.77,36.0,,40000.0,21.57,0.0,7.0,1.0,5593.0,76.0,10.596659732783579,8.139148678884064,8.629449873761905,0.08562285942851429,567.72,0,1,D,D1,RENT,Verified,debt_consolidation
1000.0,13.99,36.0,10.0,30000.0,31.08,0.0,13.0,0.0,8676.0,57.1,10.308985993422082,6.90875477931522,9.06843112579349,0.033332222259258026,503.64,0,0,C,C4,RENT,Source Verified,other
4800.0,7.89,36.0,10.0,65000.0,31.35,0.0,18.0,1.0,16622.0,41.9,11.082157933374816,8.47657950853094,9.718542557535459,0.0738450177689574,284.03999999999996,0,1,A,A5,RENT,Not Verified,credit_card
12000.0,21.99,60.0,9.0,40000.0,28.62,0.0,17.0,0.0,12461.0,65.2,10.596659732783579,9.392745258631441,9.430439293104167,0.2999925001874953,1319.3999999999999,0,0,F,F1,OWN,Verified,debt_consolidation
16225.0,15.77,36.0,3.0,55000.0,17.94,0.0,11.0,0.0,21233.0,37.1,10.915106645867501,9.69437017295501,9.963358949573518,0.29499463646115526,567.72,0,0,D,D1,MORTGAGE,Source Verified,debt_consolidation
22400.0,10.78,60.0,6.0,70000.0,17.75,0.0,12.0,0.0,20299.0,78.7,11.156264806643742,10.016860879703811,9.918376165029878,0.31999542863673375,646.8,0,0,B,B4,MORTGAGE,Source Verified,credit_card
25000.0,9.17,60.0,5.0,101000.0,19.19,0.0,9.0,0.0,15618.0,84.9,11.522885696764481,10.12667110305036,9.656243400857722,0.24752230175938852,550.2,0,0,B,B2,RENT,Source Verified,debt_consolidation
18000.0,5.32,36.0,10.0,90000.0,11.53,0.0,12.0,0.0,13922.0,70.7,11.407576060361786,9.798182590890704,9.541297427909285,0.19999777780246886,191.52,0,0,A,A1,MORTGAGE,Not Verified,credit_card
20000.0,9.17,36.0,10.0,225000.0,6.72,3.0,11.0,0.0,80582.0,62.6,12.323860125621124,9.903537551286169,11.297042988134221,0.08888849382891631,330.12,1,0,B,B2,MORTGAGE,Source Verified,debt_consolidation
10000.0,8.49,36.0,4.0,110000.0,5.09,10.0,14.0,0.0,3927.0,87.3,11.608244735642321,9.210440366976515,8.275885669474356,0.09090826447032299,305.64,1,0,B,B1,RENT,Not Verified,debt_consolidation
25000.0,10.78,60.0,6.0,50000.0,39.3,0.0,6.0,0.0,23621.0,71.6,10.819798284210286,10.12667110305036,10.069933760171793,0.499990000199996,646.8,0,0,B,B4,RENT,Verified,credit_card
3000.0,5.32,36.0,8.0,120000.0,20.04,0.0,13.0,0.0,7533.0,11.4,11.695255355062795,8.006700845440367,8.927181388251986,0.024999791668402764,191.52,0,0,A,A1,RENT,Not Verified,home_improvement
10000.0,6.99,36.0,1.0,50000.0,12.7,0.0,9.0,1.0,637.0,2.7,10.819798284210286,9.210440366976515,6.45833828334479,0.1999960000799984,251.64000000000001,0,1,A,A3,MORTGAGE,Source Verified,home_improvement
15000.0,7.49,36.0,,45000.0,10.67,3.0,10.0,0.0,16173.0,43.5,10.714439990727769,9.61587214452889,9.691160293655766,0.3333259260905313,269.64,1,0,A,A4,MORTGAGE,Verified,debt_consolidation
17850.0,18.2,60.0,10.0,60000.0,30.7,3.0,11.0,0.0,4439.0,56.9,11.002116507732017,9.789814808047552,8.39840965542627,0.2974950417493042,1092.0,1,0,E,E1,MORTGAGE,Source Verified,credit_card
15000.0,11.99,36.0,10.0,102000.0,22.56,0.0,7.0,0.0,29787.0,95.2,11.532737896139919,9.61587214452889,10.301860906830536,0.14705738179037461,431.64,0,0,C,C1,MORTGAGE,Source Verified,debt_consolidation
12000.0,7.89,36.0,10.0,65000.0,20.61,0.0,6.0,0.0,33043.0,84.9,11.082157933374816,9.392745258631441,10.405595285682395,0.1846125444223935,284.03999999999996,0,0,A,A5,MORTGAGE,Verified,debt_consolidation
5000.0,11.99,36.0,3.0,104000.0,9.39,0.0,14.0,1.0,10705.0,47.2,11.552155793461898,8.517393171418904,9.278559610953327,0.04807646080326151,431.64,0,1,C,C1,RENT,Not Verified,credit_card
26000.0,6.24,36.0,10.0,237510.0,11.1,0.0,13.0,0.0,71146.0,47.0,12.377969217173764,10.165890277802454,11.172503438187732,0.10946861408524237,224.64000000000001,0,0,A,A2,MORTGAGE,Source Verified,credit_card
20000.0,5.32,36.0,0.0,125000.0,7.42,0.0,10.0,0.0,8152.0,9.6,11.736077016252437,9.903537551286169,9.006141236662911,0.15999872001023993,191.52,0,0,A,A1,MORTGAGE,Not Verified,other
12000.0,5.32,36.0,10.0,215000.0,11.17,0.0,9.0,0.0,91249.51999999856,20.6,12.278397958261774,9.392745258631441,11.88114550704848,0.05581369388979586,191.52,0,0,A,A1,OWN,Source Verified,major_purchase
12000.0,5.32,36.0,8.0,77000.0,15.87,0.0,19.0,1.0,15799.0,17.1,11.251573687764477,9.392745258631441,9.667765219015058,0.15584213192036467,191.52,0,1,A,A1,MORTGAGE,Not Verified,debt_consolidation
15000.0,17.27,60.0,0.0,45000.0,30.99,0.0,19.0,1.0,8151.0,40.2,10.714439990727769,9.61587214452889,9.00601857490256,0.3333259260905313,1036.2,0,1,D,D3,MORTGAGE,Source Verified,debt_consolidation
5600.0,13.18,36.0,3.0,50000.0,18.27,0.0,5.0,0.0,4397.0,78.5,10.819798284210286,8.630700432209832,8.388905171114706,0.11199776004479911,474.48,0,0,C,C3,MORTGAGE,Source Verified,debt_consolidation
24000.0,5.32,36.0,8.0,158000.0,8.65,0.0,16.0,0.0,29314.0,20.5,11.970356641102999,10.085850775128717,10.285854609398315,0.15189777279890634,191.52,0,0,A,A1,MORTGAGE,Not Verified,other
6025.0,12.59,36.0,8.0,52000.0,12.99,0.0,5.0,0.0,5599.0,93.3,10.859018228147885,8.703838719690246,8.63052187672324,0.11586315647776005,453.24,0,0,C,C2,RENT,Source Verified,debt_consolidation
30000.0,9.8,36.0,10.0,105000.0,16.85,1.0,9.0,0.0,28964.0,86.5,11.561725152903833,10.308985993422082,10.273843483530724,0.2857115646517652,352.8,1,0,B,B3,MORTGAGE,Verified,debt_consolidation
25000.0,8.49,36.0,8.0,102000.0,7.66,0.0,11.0,0.0,25116.0,85.7,11.532737896139919,10.12667110305036,10.1313001866986,0.245095636317291,305.64,0,0,B,B1,MORTGAGE,Not Verified,credit_card
16000.0,9.17,60.0,8.0,125000.0,30.89,0.0,20.0,0.0,58558.0,74.0,11.736077016252437,9.680406499268875,10.977790071986655,0.12799897600819193,550.2,0,0,B,B2,RENT,Verified,debt_consolidation
5000.0,11.99,36.0,1.0,69000.0,22.64,0.0,14.0,1.0,7953.0,28.2,11.141876276228,8.517393171418904,8.981430225767635,0.07246271793162418,431.64,0,1,C,C1,RENT,Not Verified,debt_consolidation
28000.0,7.91,36.0,6.0,150000.0,11.51,1.0,10.0,0.0,37521.0,83.4,11.918397239722838,10.239995502805314,10.532682706603556,0.18666542223051846,284.76,1,0,A,A5,RENT,Source Verified,debt_consolidation
18250.0,19.89,60.0,1.0,36500.0,27.52,0.0,25.0,0.0,12330.0,45.5,10.505094936455558,9.811975152030021,9.41987169587053,0.4999863017451577,1193.4,0,0,E,E3,OWN,Source Verified,debt_consolidation
15300.0,27.31,60.0,1.0,45000.0,14.91,1.0,8.0,0.0,8056.0,78.2,10.714439990727769,9.635673464721814,8.994296557777195,0.33999244461234196,1638.6,1,0,G,G2,MORTGAGE,Verified,debt_consolidation
15825.0,21.99,60.0,3.0,44000.0,3.06,0.0,5.0,0.0,3694.0,27.2,10.691967639914864,9.669409436169138,8.214735833382301,0.3596509170246131,1319.3999999999999,0,0,F,F1,RENT,Source Verified,debt_consolidation
29000.0,18.99,60.0,7.0,90000.0,1.83,0.0,5.0,0.0,4767.0,37.2,11.407576060361786,10.275085591132715,8.469682208745185,0.3222186420150887,1139.3999999999999,0,0,E,E1,MORTGAGE,Source Verified,other
23000.0,5.32,36.0,5.0,58835.0,26.62,0.0,12.0,0.0,24073.0,51.0,10.982509191439233,10.043292972227004,10.08888769893968,0.3909171255693793,191.52,0,0,A,A1,RENT,Not Verified,credit_card
6000.0,11.99,36.0,4.0,27000.0,7.11,0.0,8.0,1.0,3731.0,25.2,10.203629181337648,8.699681400989512,8.224699561967235,0.22221399207436762,431.64,0,1,C,C1,RENT,Source Verified,credit_card
20000.0,11.99,36.0,10.0,115000.0,19.64,1.0,20.0,0.0,19224.0,47.1,11.652696102959753,9.903537551286169,9.863966794373844,0.17391153120407649,431.64,1,0,C,C1,RENT,Verified,debt_consolidation
3000.0,6.49,36.0,10.0,75000.0,13.38,0.0,10.0,1.0,7682.0,74.6,11.225256725762893,8.006700845440367,8.946765374867635,0.039999466673777684,233.64000000000001,0,1,A,A2,MORTGAGE,Source Verified,home_improvement
20000.0,10.64,36.0,10.0,100000.0,23.34,0.0,11.0,0.0,21795.0,57.5,11.51293546492023,9.903537551286169,9.989481745702989,0.1999980000199998,383.04,0,0,B,B4,MORTGAGE,Not Verified,debt_consolidation
35000.0,13.67,36.0,7.0,250000.0,6.43,0.0,8.0,1.0,9705.0,43.7,12.54254845357358,10.463131911491967,9.18049952996516,0.12499955357302295,492.12,0,1,C,C4,MORTGAGE,Source Verified,debt_consolidation
20800.0,6.99,36.0,7.0,100000.0,23.7,1.0,16.0,0.0,10725.0,30.0,11.51293546492023,9.942756341456828,9.280425979542871,0.20799792002079978,251.64000000000001,1,0,A,A3,MORTGAGE,Verified,debt_consolidation
6000.0,7.91,36.0,10.0,49000.0,17.92,0.0,10.0,0.0,2212.0,4.4,10.799595985047786,8.699681400989512,7.70210434005105,0.12244648068406767,284.76,0,0,A,A5,MORTGAGE,Not Verified,debt_consolidation
24000.0,11.22,36.0,8.0,88000.0,24.25,0.0,9.0,0.0,25604.0,73.4,11.385103457032141,10.085850775128717,10.15054292389665,0.27272417358893647,403.92,0,0,B,B5,RENT,Verified,debt_consolidation
25000.0,7.91,60.0,6.0,205000.0,12.89,0.0,13.0,0.0,26316.0,53.8,12.230770136157428,10.12667110305036,10.177970397179921,0.12195062463109936,474.6,0,0,A,A5,MORTGAGE,Source Verified,credit_card
16800.0,12.88,60.0,0.0,80000.0,32.55,0.0,15.0,0.0,17624.0,39.4,11.289794413577894,9.729193687429403,9.777073627680469,0.2099973750328121,772.8000000000001,0,0,C,C2,OWN,Not Verified,car
10000.0,13.99,36.0,10.0,52000.0,29.31,0.0,15.0,0.0,9747.0,26.0,10.859018228147885,9.210440366976515,9.184817414745096,0.19230399415395857,503.64,0,0,C,C4,OWN,Verified,debt_consolidation
8000.0,11.48,36.0,10.0,42000.0,34.8,0.0,8.0,0.0,7034.0,39.1,10.645448706505872,8.987321812850123,8.858652969548489,0.19047165543677533,413.28000000000003,0,0,B,B5,MORTGAGE,Not Verified,credit_card
4200.0,13.44,36.0,0.0,80000.0,20.54,0.0,10.0,0.0,15666.0,57.2,11.289794413577894,8.343077871169381,9.659311868393488,0.052499343758203025,483.84,0,0,C,C3,RENT,Verified,car
17550.0,13.99,36.0,,39000.0,33.78,0.0,20.0,0.0,15823.0,25.0,10.571342565808699,9.77286620732769,9.669283053862493,0.44998846183431196,503.64,0,0,C,C4,MORTGAGE,Verified,debt_consolidation
10000.0,17.97,60.0,1.0,24000.0,3.75,0.0,13.0,0.0,2450.0,13.5,10.085850775128717,9.210440366976515,7.804251383528112,0.41664930627890506,1078.1999999999998,0,0,D,D4,RENT,Verified,other
30000.0,8.49,36.0,10.0,118000.0,18.68,0.0,17.0,0.0,83382.0,62.6,11.678448377988163,10.308985993422082,11.331199730638811,0.2542351336005627,305.64,0,0,B,B1,MORTGAGE,Source Verified,credit_card
10000.0,8.49,36.0,2.0,89000.0,13.43,1.0,8.0,1.0,3063.0,40.8,11.39640288460621,9.210440366976515,8.027476530860481,0.11235828810912236,305.64,1,1,B,B1,MORTGAGE,Source Verified,home_improvement
12300.0,11.99,36.0,0.0,28000.0,17.44,1.0,26.0,0.0,566.0,0.9,10.239995502805314,9.417435838868785,6.340359303727752,0.4392700260704975,431.64,1,0,C,C1,MORTGAGE,Not Verified,debt_consolidation
20000.0,16.59,60.0,10.0,135000.0,26.92,0.0,18.0,0.0,49831.0,78.0,11.813037464800539,9.903537551286169,10.816412626933982,0.14814705076258694,995.4,0,0,D,D2,MORTGAGE,Source Verified,home_improvement
20000.0,7.91,36.0,10.0,122000.0,19.6,1.0,10.0,0.0,19441.0,86.0,11.711784520403112,9.903537551286169,9.875190953381013,0.1639330825157171,284.76,1,0,A,A5,OWN,Source Verified,car
16000.0,14.85,36.0,10.0,120000.0,8.51,0.0,10.0,0.0,11710.0,66.2,11.695255355062795,9.680406499268875,9.368283850042136,0.13333222223148142,534.6,0,0,C,C5,MORTGAGE,Not Verified,debt_consolidation
27000.0,15.77,36.0,10.0,80000.0,25.86,0.0,15.0,0.0,25239.0,81.0,11.289794413577894,10.203629181337648,10.13618531665515,0.3374957813027337,567.72,0,0,D,D1,MORTGAGE,Verified,debt_consolidation
20000.0,17.86,60.0,2.0,65000.0,20.25,2.0,11.0,0.0,7848.0,80.9,11.082157933374816,9.903537551286169,8.968141414126814,0.3076875740373225,1071.6,1,0,D,D5,OWN,Verified,debt_consolidation
6000.0,5.32,36.0,8.0,88000.0,16.96,0.0,16.0,0.0,34966.0,35.9,11.385103457032141,8.699681400989512,10.462160038559306,0.06818104339723412,191.52,0,0,A,A1,MORTGAGE,Source Verified,other
15000.0,15.77,36.0,3.0,48000.0,21.9,0.0,12.0,1.0,915.0,5.1,10.77897712300635,9.61587214452889,6.82001636467413,0.3124934897189642,567.72,0,1,D,D1,RENT,Not Verified,debt_consolidation
20000.0,5.32,36.0,0.0,106000.0,20.04,0.0,14.0,0.0,16210.0,35.2,11.571203807011969,9.903537551286169,9.693445303141573,0.18867746530693108,191.52,0,0,A,A1,MORTGAGE,Not Verified,debt_consolidation
16000.0,7.91,36.0,7.0,115000.0,13.73,0.0,17.0,0.0,13881.0,18.1,11.652696102959753,9.680406499268875,9.538348315899528,0.1391292249632612,284.76,0,0,A,A5,RENT,Verified,debt_consolidation
26575.0,10.78,36.0,10.0,80900.0,31.55,0.0,10.0,0.0,15681.0,56.4,11.300981463909618,10.187763831853076,9.660268836790866,0.3284879049702723,388.08,0,0,B,B4,MORTGAGE,Verified,debt_consolidation
10000.0,14.85,36.0,1.0,28000.0,8.32,0.0,4.0,0.0,6167.0,62.3,10.239995502805314,9.210440366976515,8.727129915243165,0.3571301024963394,534.6,0,0,C,C5,RENT,Source Verified,car
28000.0,7.91,36.0,10.0,150000.0,26.82,0.0,17.0,1.0,67338.0,69.7,11.918397239722838,10.239995502805314,11.117494842589952,0.18666542223051846,284.76,0,1,A,A5,MORTGAGE,Source Verified,credit_card
2000.0,14.85,36.0,10.0,72000.0,18.66,0.0,9.0,0.0,14180.0,64.7,11.184435286790631,7.601402334583733,9.559658319461345,0.027777391980666935,534.6,0,0,C,C5,RENT,Verified,debt_consolidation
12500.0,6.49,36.0,5.0,69500.0,14.5,0.0,14.0,0.0,14163.0,32.5,11.149096419938578,9.433563920090563,9.558458813231795,0.17985352728737716,233.64000000000001,0,0,A,A2,MORTGAGE,Not Verified,debt_consolidation
21000.0,13.44,60.0,2.0,75000.0,21.56,0.0,25.0,1.0,14236.0,37.9,11.225256725762893,9.952325334619427,9.563599488613745,0.2799962667164438,806.4,0,1,C,C3,MORTGAGE,Not Verified,debt_consolidation
8000.0,11.22,36.0,10.0,60000.0,13.9,0.0,19.0,1.0,8641.0,25.6,11.002116507732017,8.987321812850123,9.064389316491878,0.13333111114814752,403.92,0,1,B,B5,MORTGAGE,Not Verified,debt_consolidation
21000.0,12.88,36.0,4.0,112000.0,27.01,0.0,19.0,0.0,91249.51999999856,83.2,11.626263078808801,9.952325334619427,11.484957995886175,0.1874983259078044,463.68,0,0,C,C2,MORTGAGE,Source Verified,debt_consolidation
9000.0,11.99,36.0,10.0,64400.4,21.79,0.0,7.0,0.0,14935.0,61.2,11.072890650986588,9.105090961257085,9.611529685221559,0.1397485147838401,431.64,0,0,C,C1,MORTGAGE,Verified,debt_consolidation
21500.0,12.88,36.0,0.0,170000.0,20.25,1.0,14.0,1.0,14549.0,22.8,12.043559598368038,9.975854724662028,9.585346272599638,0.12646984429503355,463.68,1,1,C,C2,MORTGAGE,Not Verified,major_purchase
18175.0,15.41,36.0,10.0,50538.8,18.74,0.0,8.0,0.0,24976.0,80.3,10.83051642367278,9.807857321520878,10.125710680390595,0.35961756872801237,554.76,0,0,D,D1,RENT,Verified,debt_consolidation
3000.0,10.78,36.0,,48650.0,10.11,0.0,12.0,1.0,3158.0,15.8,10.792427642387484,8.006700845440367,8.058010800802085,0.061663686255164336,388.08,0,1,B,B4,MORTGAGE,Verified,debt_consolidation
15200.0,9.8,36.0,5.0,55000.0,16.07,0.0,6.0,0.0,12475.0,60.6,10.915106645867501,9.62911649414402,9.431562077727694,0.27635861166160614,352.8,0,0,B,B3,RENT,Verified,debt_consolidation
4000.0,16.55,36.0,,60000.0,12.56,0.0,12.0,0.0,256.0,1.2,11.002116507732017,8.294299608857235,5.549076084895219,0.06666555557407376,595.8000000000001,0,0,D,D2,RENT,Verified,other
5450.0,17.27,36.0,1.0,51000.0,21.01,0.0,13.0,0.0,3604.0,39.6,10.839600519357369,8.603554357064281,8.190077049719049,0.10686064979118057,621.72,0,0,D,D3,RENT,Source Verified,debt_consolidation
25000.0,17.86,60.0,4.0,85000.0,11.05,0.0,13.0,0.0,18906.0,61.4,11.350418300109132,10.12667110305036,9.847287502847928,0.2941141868919189,1071.6,0,0,D,D5,OWN,Not Verified,credit_card
35000.0,13.99,36.0,10.0,115000.0,18.67,0.0,15.0,0.0,67746.0,76.3,11.652696102959753,10.463131911491967,11.123535457318734,0.30434517960713386,503.64,0,0,C,C4,RENT,Verified,debt_consolidation
20850.0,15.77,60.0,4.0,129500.0,34.59,0.0,14.0,0.0,15560.0,71.1,11.771443882099637,9.94515718770752,9.65252306301951,0.16100261774040356,946.1999999999999,0,0,D,D1,MORTGAGE,Not Verified,debt_consolidation
5000.0,10.64,36.0,9.0,47000.0,23.75,0.0,14.0,3.0,7043.0,42.9,10.757924157061597,8.517393171418904,8.859931469616097,0.1063807153039297,383.04,0,1,B,B4,RENT,Verified,debt_consolidation
25000.0,22.45,60.0,6.0,130000.0,26.65,0.0,20.0,1.0,12571.0,62.5,11.775297421715825,10.12667110305036,9.439227397917458,0.19230621302913053,1347.0,0,1,F,F1,MORTGAGE,Verified,debt_consolidation
12050.0,14.85,36.0,10.0,85000.0,12.88,2.0,8.0,1.0,3154.0,24.8,11.350418300109132,9.396902923027392,8.056743774975313,0.1417630380819049,534.6,1,1,C,C5,OWN,Source Verified,vacation
12000.0,12.59,36.0,3.0,47000.0,21.12,0.0,13.0,0.0,13537.0,70.9,10.757924157061597,9.392745258631441,9.513255825068553,0.25531371672943126,453.24,0,0,C,C2,RENT,Not Verified,debt_consolidation
20000.0,16.59,36.0,3.0,75000.0,30.1,0.0,16.0,0.0,19233.0,67.8,11.225256725762893,9.903537551286169,9.864434825272427,0.2666631111585179,597.24,0,0,D,D2,MORTGAGE,Verified,debt_consolidation
24000.0,18.99,60.0,4.0,230000.0,14.44,0.0,13.0,2.0,14966.0,39.7,12.345838935721968,10.085850775128717,9.613603056529147,0.10434737240272868,1139.3999999999999,0,1,E,E1,RENT,Source Verified,debt_consolidation
2500.0,9.17,36.0,10.0,165000.0,8.56,2.0,8.0,0.0,16909.0,86.7,12.013706813470412,7.824445930877618,9.735660441892625,0.015151423324707123,330.12,1,0,B,B2,MORTGAGE,Not Verified,credit_card
28000.0,6.99,36.0,3.0,250000.0,7.77,0.0,14.0,0.0,35586.0,63.7,13.30468660086356,10.239995502805314,10.479735681610528,0.04666658888901852,251.64000000000001,0,0,A,A3,MORTGAGE,Source Verified,debt_consolidation
12000.0,9.76,60.0,5.0,62000.0,27.91,1.0,15.0,0.0,12239.0,38.0,11.034905792929415,9.392745258631441,9.412464556066316,0.19354526539894518,585.6,1,0,B,B3,MORTGAGE,Not Verified,credit_card
13000.0,13.99,60.0,10.0,115000.0,9.9,0.0,9.0,0.0,16440.0,45.2,11.652696102959753,9.472781556562168,9.707533494010876,0.11304249528264972,839.4,0,0,C,C4,RENT,Not Verified,home_improvement
28000.0,11.99,60.0,1.0,82000.0,10.57,0.0,15.0,0.0,2112.0,2.0,11.314486721293981,10.239995502805314,7.655864017616056,0.34145925049694514,719.4,0,0,C,C1,MORTGAGE,Not Verified,home_improvement
18000.0,6.99,36.0,10.0,120000.0,14.88,1.0,7.0,0.0,41266.0,63.5,11.695255355062795,9.798182590890704,10.627818428076326,0.14999875001041657,251.64000000000001,1,0,A,A3,OWN,Not Verified,credit_card
2950.0,13.99,36.0,10.0,70000.0,20.47,0.0,11.0,0.0,1257.0,41.0,11.156264806643742,7.989899374942939,7.1372784372603855,0.04214225511064128,503.64,0,0,C,C4,RENT,Verified,credit_card
12000.0,11.48,36.0,10.0,45000.0,23.76,0.0,8.0,1.0,7988.0,54.7,10.714439990727769,9.392745258631441,8.985820874482041,0.2666607408724251,413.28000000000003,0,1,B,B5,RENT,Verified,debt_consolidation
25500.0,18.99,60.0,10.0,51000.0,7.65,0.0,7.0,0.0,40652.0,90.7,10.839600519357369,10.146472946063877,10.612827912990824,0.4999901962706614,1139.3999999999999,0,0,E,E1,MORTGAGE,Not Verified,debt_consolidation
6000.0,9.17,36.0,0.0,44000.0,20.62,0.0,4.0,1.0,2046.0,56.8,10.691967639914864,8.699681400989512,7.624130585661289,0.1363605372605168,330.12,0,1,B,B2,RENT,Source Verified,credit_card
10000.0,8.38,36.0,0.0,48000.0,6.69,0.0,10.0,0.0,8051.0,53.0,10.77897712300635,9.210440366976515,8.993675786759681,0.20832899314597614,301.68,0,0,B,B1,RENT,Source Verified,credit_card
11200.0,8.49,36.0,10.0,64000.0,23.29,0.0,10.0,0.0,25729.0,76.8,11.06665398721974,9.32375833901174,10.155412905275789,0.17499726566772394,305.64,0,0,B,B1,RENT,Source Verified,debt_consolidation
14275.0,19.89,60.0,0.0,42000.0,29.2,0.0,15.0,0.0,11058.0,75.2,10.645448706505872,9.566335084610051,9.310999855075359,0.33987286016999596,1193.4,0,0,E,E3,RENT,Verified,debt_consolidation
8000.0,9.8,36.0,0.0,80000.0,22.08,0.0,16.0,0.0,12513.0,36.4,11.289794413577894,8.987321812850123,9.434603296558308,0.0999987500156248,352.8,0,0,B,B3,OWN,Source Verified,debt_consolidation
16000.0,19.89,60.0,4.0,90000.0,24.9,0.0,14.0,0.0,26917.0,90.3,11.407576060361786,9.680406499268875,10.200550486793661,0.17777580249108343,1193.4,0,0,E,E3,RENT,Verified,credit_card
22575.0,13.67,36.0,7.0,96300.0,39.5,0.0,15.0,2.0,11008.0,29.4,11.475233981948293,10.024642674092595,9.306468399070402,0.23442124173165388,492.12,0,1,C,C4,OWN,Not Verified,debt_consolidation
6500.0,5.32,36.0,10.0,37500.0,29.95,0.0,12.0,0.0,11083.0,52.0,10.53212287826962,8.77971129020447,9.31325790598287,0.17332871123436708,191.52,0,0,A,A1,RENT,Source Verified,credit_card
18000.0,13.44,60.0,0.0,100000.0,20.78,3.0,11.0,0.0,2755.0,83.5,11.51293546492023,9.798182590890704,7.921535632133549,0.17999820001799982,806.4,1,0,C,C3,MORTGAGE,Verified,debt_consolidation
30000.0,13.44,36.0,5.0,106000.0,14.19,0.0,19.0,0.0,19778.0,68.9,11.571203807011969,10.308985993422082,9.89237604778141,0.2830161979603966,483.84,0,0,C,C3,MORTGAGE,Source Verified,credit_card
20000.0,12.59,36.0,0.0,75000.0,16.23,0.0,8.0,0.0,22591.0,47.1,11.225256725762893,9.903537551286169,10.025351140292969,0.2666631111585179,453.24,0,0,C,C2,MORTGAGE,Verified,debt_consolidation
8000.0,7.91,36.0,10.0,60000.0,10.12,2.0,9.0,0.0,7036.0,34.5,11.002116507732017,8.987321812850123,8.85893722196655,0.13333111114814752,284.76,1,0,A,A5,MORTGAGE,Not Verified,home_improvement
12000.0,5.32,36.0,1.0,80000.0,17.79,0.0,14.0,0.0,11795.0,16.7,11.289794413577894,9.392745258631441,9.375515769935166,0.1499981250234372,191.52,0,0,A,A1,MORTGAGE,Not Verified,credit_card
16000.0,18.49,36.0,2.0,40000.0,34.41,0.0,8.0,0.0,16584.0,50.0,10.596659732783579,9.680406499268875,9.716253951381152,0.39999000024999376,665.64,0,0,D,D5,OWN,Verified,small_business
6000.0,13.67,36.0,10.0,50000.0,12.73,0.0,15.0,0.0,13581.0,50.3,10.819798284210286,8.699681400989512,9.516500665673737,0.11999760004799905,492.12,0,0,C,C4,RENT,Source Verified,car
6000.0,10.64,36.0,3.0,98000.0,34.83,0.0,21.0,0.0,35929.0,65.8,11.49273296168228,8.699681400989512,10.489327880107565,0.0612238650626014,383.04,0,0,B,B4,MORTGAGE,Source Verified,debt_consolidation
4500.0,16.59,36.0,0.0,50000.0,8.35,1.0,12.0,0.0,660.0,30.0,10.819798284210286,8.412054873292933,6.493753839851686,0.08999820003599927,597.24,1,0,D,D2,RENT,Source Verified,debt_consolidation
14400.0,7.49,36.0,1.0,90000.0,11.68,0.0,12.0,0.0,18814.0,62.1,11.407576060361786,9.575052927597381,9.842409703027537,0.1599982222419751,269.64,0,0,A,A4,MORTGAGE,Not Verified,debt_consolidation
35000.0,11.99,36.0,8.0,115000.0,18.75,0.0,11.0,0.0,20382.0,75.8,11.652696102959753,10.463131911491967,9.92245649908373,0.30434517960713386,431.64,0,0,C,C1,RENT,Source Verified,credit_card
10000.0,5.32,36.0,10.0,80000.0,5.27,0.0,6.0,0.0,19012.0,47.2,11.289794413577894,9.210440366976515,9.852878234709586,0.124998437519531,191.52,0,0,A,A1,RENT,Source Verified,credit_card
21000.0,12.59,36.0,4.0,98500.0,20.08,1.0,9.0,0.0,35735.0,90.0,11.49782197939291,9.952325334619427,10.483913863031955,0.21319580511872976,453.24,1,0,C,C2,RENT,Source Verified,debt_consolidation
3000.0,6.99,36.0,3.0,80000.0,7.9,0.0,10.0,0.0,4764.0,11.4,11.289794413577894,8.006700845440367,8.469052816088302,0.0374995312558593,251.64000000000001,0,0,A,A3,RENT,Not Verified,credit_card
8000.0,15.77,36.0,,93000.0,37.44,0.0,31.0,0.0,46352.0,56.0,11.440365524765754,8.987321812850123,10.744041293818528,0.08602058042386641,567.72,0,0,D,D1,MORTGAGE,Verified,debt_consolidation
24000.0,13.44,60.0,7.0,80000.0,19.13,0.0,19.0,1.0,4356.0,28.8,11.289794413577894,10.085850775128717,8.379539026117442,0.2999962500468744,806.4,0,1,C,C3,MORTGAGE,Not Verified,home_improvement
5000.0,6.99,36.0,10.0,61000.0,30.53,4.0,15.0,0.0,11513.0,29.5,11.0186455364637,8.517393171418904,9.351318965235755,0.08196586941197685,251.64000000000001,1,0,A,A3,MORTGAGE,Source Verified,debt_consolidation
8000.0,13.18,36.0,5.0,45000.0,25.81,1.0,16.0,0.0,10396.0,69.8,10.714439990727769,8.987321812850123,9.24927258197797,0.17777382724828336,474.48,1,0,C,C3,RENT,Source Verified,debt_consolidation
12000.0,13.44,60.0,10.0,54000.0,6.07,0.0,10.0,0.0,6625.0,46.7,10.896757843893464,9.392745258631441,8.798756582859841,0.22221810707209125,806.4,0,0,C,C3,MORTGAGE,Not Verified,debt_consolidation
20000.0,11.48,36.0,10.0,50000.0,14.57,0.0,10.0,1.0,12567.0,60.7,10.819798284210286,9.903537551286169,9.438909179935457,0.3999920001599968,413.28000000000003,0,1,B,B5,RENT,Source Verified,debt_consolidation
14400.0,15.77,60.0,10.0,67000.0,11.41,2.0,11.0,0.0,12486.0,79.0,11.112462823634855,9.575052927597381,9.432443382115144,0.21492216534081582,946.1999999999999,1,0,D,D1,MORTGAGE,Verified,debt_consolidation
10000.0,9.76,36.0,5.0,177000.0,17.93,0.0,14.0,0.0,10025.0,74.3,12.083910661257521,9.210440366976515,9.212936997823448,0.05649685594996638,351.36,0,0,B,B3,MORTGAGE,Source Verified,debt_consolidation
7000.0,6.99,36.0,5.0,80000.0,10.86,0.0,14.0,0.0,16028.0,23.1,11.289794413577894,8.853808274977197,9.68215486062588,0.08749890626367171,251.64000000000001,0,0,A,A3,MORTGAGE,Source Verified,debt_consolidation
7500.0,10.64,36.0,4.0,52500.0,26.79,0.0,14.0,0.0,13771.0,45.8,10.868587496017359,8.922791623969635,9.530392824458414,0.14285442182053676,383.04,0,0,B,B4,RENT,Verified,debt_consolidation
28000.0,17.27,60.0,10.0,93000.0,15.54,0.0,8.0,0.0,19165.0,50.0,11.440365524765754,10.239995502805314,9.860893154903707,0.30107203148353245,1036.2,0,0,D,D3,RENT,Not Verified,debt_consolidation
11400.0,9.17,36.0,10.0,52000.0,9.07,3.0,12.0,0.0,11419.0,44.6,10.859018228147885,9.34145634983372,9.34312148321,0.21922655333551277,330.12,1,0,B,B2,RENT,Source Verified,debt_consolidation
10000.0,13.44,36.0,3.0,34000.0,11.19,0.0,17.0,0.0,8425.0,15.1,10.434145214930487,9.210440366976515,9.03907744253896,0.29410899679421193,483.84,0,0,C,C3,MORTGAGE,Source Verified,debt_consolidation
11400.0,19.48,36.0,10.0,69000.0,28.26,0.0,26.0,1.0,18915.0,58.4,11.141876276228,9.34145634983372,9.847763403763766,0.16521499688410313,701.28,0,1,E,E2,MORTGAGE,Not Verified,debt_consolidation
10000.0,5.32,36.0,0.0,70000.0,18.76,0.0,17.0,0.0,198.0,0.4,11.156264806643742,9.210440366976515,5.293304824724492,0.14285510206997043,191.52,0,0,A,A1,RENT,Verified,debt_consolidation
24150.0,21.48,60.0,6.0,57500.0,22.6,0.0,9.0,1.0,5202.0,70.3,10.959557617938563,10.09208106609093,8.556990661290303,0.41999269577920384,1288.8,0,1,E,E5,RENT,Verified,debt_consolidation
22500.0,18.2,60.0,0.0,45000.0,21.26,1.0,15.0,0.0,10674.0,31.6,10.714439990727769,10.02131503164933,9.275659838096825,0.499988889135797,1092.0,1,0,E,E1,RENT,Not Verified,debt_consolidation
12500.0,8.49,36.0,1.0,75300.0,13.61,0.0,15.0,0.0,13786.0,51.8,11.229248693912286,9.433563920090563,9.531481398171628,0.16600045152122814,305.64,0,0,B,B1,RENT,Source Verified,debt_consolidation
10500.0,11.99,60.0,10.0,79000.0,14.88,0.0,6.0,0.0,10387.0,36.1,11.277215789596891,9.259225769705994,9.248406572782638,0.13290971000367083,719.4,0,0,C,C1,MORTGAGE,Not Verified,credit_card
5000.0,13.99,36.0,0.0,58000.0,3.81,0.0,7.0,2.0,4664.0,40.6,10.968215530759235,8.517393171418904,8.447843113281444,0.08620541025154739,503.64,0,1,C,C4,RENT,Source Verified,debt_consolidation
10000.0,13.99,36.0,2.0,107000.0,16.85,0.0,6.0,0.0,5066.0,56.3,11.580593459194764,9.210440366976515,8.530504205475909,0.09345707049466827,503.64,0,0,C,C4,RENT,Verified,debt_consolidation
11000.0,7.91,36.0,3.0,77000.0,28.73,2.0,11.0,0.0,10919.0,60.3,11.251573687764477,9.305741456739435,9.298351249298896,0.1428552875936676,284.76,1,0,A,A5,MORTGAGE,Not Verified,debt_consolidation
35000.0,11.99,60.0,10.0,170000.0,14.0,0.0,11.0,1.0,52210.0,42.7,12.043559598368038,10.463131911491967,10.863048479640058,0.20588114187563603,719.4,0,1,C,C1,MORTGAGE,Verified,credit_card
3600.0,11.22,36.0,8.0,55000.0,19.86,0.0,16.0,0.0,10057.0,46.8,10.915106645867501,8.188966863648876,9.21612361673191,0.0654533553935383,403.92,0,0,B,B5,MORTGAGE,Source Verified,debt_consolidation
15000.0,11.48,36.0,10.0,60000.0,30.48,0.0,23.0,0.0,28061.0,55.7,11.002116507732017,9.61587214452889,10.24217162695394,0.24999583340277662,413.28000000000003,0,0,B,B5,MORTGAGE,Verified,debt_consolidation
10000.0,11.99,36.0,2.0,54000.0,19.22,2.0,6.0,1.0,3590.0,34.9,10.896757843893464,9.210440366976515,8.186185994226083,0.18518175589340938,431.64,1,1,C,C1,RENT,Source Verified,debt_consolidation
22500.0,14.85,36.0,10.0,59861.0,4.53,1.0,10.0,0.0,3911.0,17.4,10.999797192141562,10.02131503164933,8.271804031154709,0.37586448832314323,534.6,1,0,C,C5,MORTGAGE,Source Verified,debt_consolidation
24975.0,23.13,60.0,5.0,59500.0,11.54,0.0,8.0,0.0,390.0,5.2,10.993748398115178,10.125670642755212,5.968707559985366,0.4197408446916859,1387.8,0,0,F,F2,MORTGAGE,Verified,debt_consolidation
5000.0,8.49,36.0,10.0,45000.0,17.97,0.0,9.0,1.0,5110.0,39.0,10.714439990727769,8.517393171418904,8.539150358768278,0.1111086420301771,305.64,0,1,B,B1,MORTGAGE,Not Verified,debt_consolidation
7000.0,10.64,36.0,4.0,40000.0,26.85,0.0,12.0,0.0,9915.0,55.4,10.596659732783579,8.853808274977197,9.201904893155081,0.17499562510937228,383.04,0,0,B,B4,RENT,Verified,debt_consolidation
23000.0,18.49,60.0,2.0,52700.0,35.49,0.0,9.0,0.0,10859.0,94.4,10.872389709681492,10.043292972227004,9.292841593487926,0.4364243562740745,1109.3999999999999,0,0,D,D5,RENT,Verified,debt_consolidation
35000.0,14.85,36.0,10.0,110000.0,13.3,2.0,14.0,0.0,22950.0,67.3,11.608244735642321,10.463131911491967,10.041116787524166,0.3181789256461305,534.6,1,0,C,C5,OWN,Source Verified,debt_consolidation
8675.0,9.17,36.0,,18100.0,31.56,0.0,18.0,0.0,12890.0,28.7,9.803722464346553,9.068315871946766,9.464284672443105,0.47925528976299653,330.12,0,0,B,B2,RENT,Not Verified,credit_card
8475.0,16.99,36.0,10.0,61000.0,9.33,1.0,16.0,1.0,5468.0,37.6,11.0186455364637,9.044993919388189,8.606851063346772,0.13893214865330075,611.64,1,1,D,D3,OWN,Source Verified,debt_consolidation
6000.0,7.49,36.0,,40000.0,14.29,1.0,4.0,0.0,823.0,26.5,10.596659732783579,8.699681400989512,6.714170529909471,0.14999625009374765,269.64,1,0,A,A4,RENT,Not Verified,debt_consolidation
35000.0,9.8,36.0,7.0,95000.0,3.2,0.0,9.0,0.0,7261.0,21.3,11.461642696843066,10.463131911491967,8.89041055197428,0.3684171745560573,352.8,0,0,B,B3,MORTGAGE,Verified,major_purchase
8000.0,9.8,36.0,6.0,40000.0,25.15,0.0,19.0,1.0,11247.0,35.3,10.596659732783579,8.987321812850123,9.327945614050446,0.19999500012499688,352.8,0,1,B,B3,RENT,Not Verified,debt_consolidation
35000.0,16.59,60.0,2.0,137500.0,34.26,1.0,29.0,0.0,88142.0,92.5,11.831386468789589,10.463131911491967,11.386715774576441,0.2545436033192486,995.4,1,0,D,D2,MORTGAGE,Verified,debt_consolidation
13000.0,11.99,36.0,3.0,55000.0,7.87,0.0,7.0,0.0,6383.0,67.2,10.915106645867501,9.472781556562168,8.761550139129644,0.23635933892111052,431.64,0,0,C,C1,MORTGAGE,Source Verified,debt_consolidation
8500.0,12.59,36.0,10.0,51300.0,29.05,2.0,12.0,0.0,24796.0,91.6,10.84546552414626,9.047939082617358,10.118477957093951,0.16568877799653028,453.24,1,0,C,C2,MORTGAGE,Verified,debt_consolidation
6000.0,15.77,36.0,7.0,36000.0,18.5,0.0,7.0,0.0,7255.0,60.0,10.491301994830229,8.699681400989512,8.889583991794971,0.1666620371656343,567.72,0,0,D,D1,MORTGAGE,Not Verified,debt_consolidation
15000.0,11.99,36.0,5.0,70000.0,13.41,0.0,6.0,0.0,9844.0,59.3,11.156264806643742,9.61587214452889,9.194718991073225,0.21428265310495564,431.64,0,0,C,C1,RENT,Not Verified,debt_consolidation
35000.0,17.97,60.0,0.0,75000.0,35.02,0.0,14.0,0.0,36393.0,76.1,11.225256725762893,10.463131911491967,10.502159204873188,0.4666604445274063,1078.1999999999998,0,0,D,D4,RENT,Source Verified,debt_consolidation
17500.0,20.5,60.0,1.0,134000.0,5.21,0.0,4.0,0.0,3684.0,33.5,11.80560254159177,9.770013301136157,8.212025804623437,0.13059604032805724,1230.0,0,0,E,E4,OWN,Source Verified,major_purchase
3700.0,18.99,36.0,1.0,53000.0,33.02,0.0,8.0,2.0,4989.0,87.5,10.87806606028079,8.216358332386156,8.515191188745565,0.06981000358483802,683.64,0,1,E,E3,MORTGAGE,Verified,small_business
18000.0,6.89,36.0,1.0,46000.0,26.04,0.0,20.0,0.0,6392.0,12.7,10.736418414365374,9.798182590890704,8.762958920766726,0.39129584139475226,248.04,0,0,A,A3,OWN,Not Verified,major_purchase
18250.0,11.48,36.0,,39696.0,24.55,0.0,7.0,0.0,37981.0,54.9,10.58903089706934,9.811975152030021,10.54486764227419,0.45973247348666146,413.28000000000003,0,0,B,B5,MORTGAGE,Not Verified,credit_card
11150.0,17.97,36.0,10.0,78000.0,34.95,0.0,18.0,0.0,17013.0,42.5,11.264476926102367,9.319284458965361,9.74179181353583,0.14294688529634236,646.92,0,0,D,D4,MORTGAGE,Not Verified,debt_consolidation
8000.0,8.49,36.0,,58000.0,5.9,0.0,11.0,0.0,42741.0,30.1,10.968215530759235,8.987321812850123,10.662937322350135,0.1379286564024758,305.64,0,0,B,B1,MORTGAGE,Not Verified,credit_card
35000.0,19.48,60.0,10.0,123000.0,21.53,0.0,18.0,0.0,42372.0,72.4,11.719947764402805,10.463131911491967,10.65426664592879,0.28455053210949505,1168.8,0,0,E,E2,MORTGAGE,Source Verified,debt_consolidation
20000.0,16.59,60.0,10.0,68500.0,32.31,2.0,14.0,0.0,799.0,20.0,11.134603622683905,9.903537551286169,6.684611727667927,0.2919665406344433,995.4,1,0,D,D2,MORTGAGE,Verified,debt_consolidation
15000.0,11.99,36.0,0.0,40000.0,29.77,0.0,8.0,0.0,15956.0,68.5,10.596659732783579,9.61587214452889,9.677652883410428,0.37499062523436916,431.64,0,0,C,C1,RENT,Verified,debt_consolidation
25000.0,17.86,60.0,7.0,88000.0,15.25,0.0,14.0,0.0,39878.0,43.9,11.385103457032141,10.12667110305036,10.593605148535708,0.28408768082180885,1071.6,0,0,D,D5,MORTGAGE,Source Verified,debt_consolidation
35000.0,12.88,36.0,4.0,98000.0,18.93,0.0,11.0,0.0,40023.0,40.4,11.49273296168228,10.463131911491967,10.597234553168041,0.35713921286517486,463.68,0,0,C,C2,RENT,Source Verified,debt_consolidation
8000.0,9.17,36.0,6.0,100000.0,14.52,0.0,10.0,0.0,17895.0,67.0,11.51293546492023,8.987321812850123,9.792332503169964,0.07999920000799993,330.12,0,0,B,B2,MORTGAGE,Not Verified,debt_consolidation
18000.0,9.76,60.0,10.0,95000.0,20.7,0.0,14.0,0.0,34446.0,58.9,11.461642696843066,9.798182590890704,10.447177189921291,0.1894716897716866,585.6,0,0,B,B3,MORTGAGE,Not Verified,credit_card
10000.0,10.78,36.0,10.0,48000.0,7.05,0.0,9.0,0.0,8782.0,39.0,10.77897712300635,9.210440366976515,9.080573313917117,0.20832899314597614,388.08,0,0,B,B4,MORTGAGE,Not Verified,debt_consolidation
18475.0,9.8,36.0,3.0,42000.0,18.21,1.0,5.0,0.0,20370.0,88.6,10.645448706505872,9.824227871550496,9.921867599817558,0.439870479274303,352.8,1,0,B,B3,MORTGAGE,Verified,debt_consolidation
5600.0,12.88,36.0,1.0,76000.0,29.51,0.0,10.0,0.0,20584.0,98.0,11.23850177707664,8.630700432209832,9.932317934204004,0.07368324100998672,463.68,0,0,C,C2,MORTGAGE,Source Verified,debt_consolidation
9000.0,11.99,36.0,7.0,80000.0,17.66,0.0,15.0,4.0,7905.0,32.8,11.289794413577894,9.105090961257085,8.97537724385663,0.11249859376757791,431.64,0,1,C,C1,MORTGAGE,Verified,credit_card
8000.0,10.78,36.0,10.0,28000.0,29.02,0.0,11.0,1.0,3131.0,12.1,10.239995502805314,8.987321812850123,8.049427057110693,0.28570408199707154,388.08,0,1,B,B4,RENT,Verified,credit_card
23500.0,11.48,36.0,8.0,55000.0,14.73,0.0,7.0,0.0,9155.0,65.9,10.915106645867501,10.064798252418377,9.122164681072457,0.42726495881893056,413.28000000000003,0,0,B,B5,RENT,Verified,debt_consolidation
6000.0,7.91,36.0,10.0,32000.0,18.49,1.0,10.0,0.0,5024.0,31.6,10.373522431293592,8.699681400989512,8.522180732927277,0.18749414080809976,284.76,1,0,A,A5,RENT,Source Verified,debt_consolidation
30000.0,9.8,36.0,10.0,65000.0,29.58,0.0,7.0,0.0,14800.0,62.2,11.082157933374816,10.308985993422082,9.602450025037188,0.46153136105598375,352.8,0,0,B,B3,RENT,Verified,debt_consolidation
23000.0,11.99,36.0,1.0,50000.0,19.35,0.0,15.0,0.0,32538.0,52.2,10.819798284210286,10.043292972227004,10.39019464889331,0.4599908001839963,431.64,0,0,C,C1,MORTGAGE,Source Verified,debt_consolidation
16000.0,8.49,60.0,10.0,85000.0,12.37,0.0,14.0,0.0,22808.0,58.8,11.350418300109132,9.680406499268875,10.034910473896545,0.1882330796108281,509.40000000000003,0,0,B,B1,MORTGAGE,Not Verified,debt_consolidation
25000.0,9.17,60.0,10.0,140000.0,12.39,0.0,11.0,0.0,21774.0,31.4,11.849404844423074,10.12667110305036,9.988517801720704,0.17857015307033522,550.2,0,0,B,B2,MORTGAGE,Not Verified,credit_card
13575.0,13.67,60.0,7.0,60000.0,16.18,0.0,8.0,0.0,13024.0,39.7,11.002116507732017,9.516058806914062,9.474625866621567,0.22624622922951285,820.2,0,0,C,C4,RENT,Verified,debt_consolidation
6000.0,14.85,36.0,2.0,65000.0,17.08,1.0,3.0,0.0,705.0,88.1,11.082157933374816,8.699681400989512,6.559615237493242,0.09230627221119675,534.6,1,0,C,C5,RENT,Source Verified,debt_consolidation
25000.0,11.99,36.0,2.0,80000.0,23.82,0.0,11.0,0.0,30094.0,88.5,11.289794413577894,10.12667110305036,10.31211432398187,0.31249609379882753,431.64,0,0,C,C1,RENT,Source Verified,credit_card
20000.0,18.49,60.0,10.0,54000.0,30.27,0.0,14.0,0.0,13167.0,48.4,10.896757843893464,9.903537551286169,9.485544922916851,0.37036351178681876,1109.3999999999999,0,0,D,D5,MORTGAGE,Verified,debt_consolidation
14000.0,13.44,60.0,8.0,52000.0,15.6,0.0,11.0,1.0,6137.0,37.4,10.859018228147885,9.546884034617925,8.722254235179681,0.269225591815542,806.4,0,1,C,C3,MORTGAGE,Source Verified,debt_consolidation
16000.0,9.76,36.0,3.0,90000.0,20.87,8.0,14.0,0.0,6954.0,76.4,11.407576060361786,9.680406499268875,8.847216104357543,0.17777580249108343,351.36,1,0,B,B3,MORTGAGE,Source Verified,debt_consolidation
8000.0,9.17,36.0,0.0,40000.0,18.9,0.0,6.0,1.0,12676.0,59.5,10.596659732783579,8.987321812850123,9.447544606938726,0.19999500012499688,330.12,0,1,B,B2,MORTGAGE,Not Verified,debt_consolidation
8500.0,7.49,36.0,10.0,36000.0,30.03,1.0,6.0,0.0,42112.0,73.6,10.491301994830229,9.047939082617358,10.64811176060366,0.23610455265131525,269.64,1,0,A,A4,MORTGAGE,Source Verified,credit_card
15000.0,11.22,36.0,2.0,54000.0,19.42,0.0,10.0,0.0,15966.0,66.2,10.896757843893464,9.61587214452889,9.6782793713397,0.2777726338401141,403.92,0,0,B,B5,RENT,Source Verified,credit_card
12000.0,9.17,36.0,3.0,100000.0,12.13,0.0,11.0,0.0,1435.0,6.1,11.51293546492023,9.392745258631441,7.269616749608169,0.11999880001199988,330.12,0,0,B,B2,RENT,Source Verified,debt_consolidation
10000.0,9.17,36.0,,65000.0,13.2,1.0,9.0,1.0,8548.0,59.2,11.082157933374816,9.210440366976515,9.053569596026234,0.15384378701866125,330.12,1,1,B,B2,MORTGAGE,Verified,debt_consolidation
2400.0,9.76,36.0,,8328.0,34.58,0.0,9.0,0.0,6284.0,42.0,9.02749867993534,7.783640596221253,8.745921121024347,0.2881498379157162,351.36,0,0,B,B3,OWN,Verified,debt_consolidation
13200.0,18.99,36.0,5.0,55000.0,38.12,3.0,11.0,0.0,11609.0,62.1,10.915106645867501,9.488047863280759,9.359622074691936,0.23999563644297375,683.64,1,0,E,E3,OWN,Verified,debt_consolidation
1000.0,9.8,36.0,0.0,70000.0,11.75,0.0,7.0,0.0,11072.0,80.2,11.156264806643742,6.90875477931522,9.312264991698108,0.014285510206997042,352.8,0,0,B,B3,RENT,Source Verified,debt_consolidation
1500.0,6.49,36.0,,45000.0,16.11,0.0,12.0,0.0,3717.0,21.2,10.714439990727769,7.313886831633462,8.220941168281389,0.033332592609053135,233.64000000000001,0,0,A,A2,MORTGAGE,Not Verified,vacation
19800.0,16.59,60.0,4.0,115000.0,8.22,0.0,10.0,0.0,10479.0,51.0,11.652696102959753,9.893487720457793,9.257223957875032,0.17217241589203572,995.4,0,0,D,D2,OWN,Source Verified,home_improvement
35000.0,13.44,36.0,1.0,160000.0,11.19,0.0,10.0,0.0,29307.0,76.0,11.982935344196433,10.463131911491967,10.285615795279854,0.21874863282104487,483.84,0,0,C,C3,MORTGAGE,Verified,debt_consolidation
5000.0,7.49,36.0,7.0,45000.0,27.07,0.0,12.0,0.0,6340.0,15.4,10.714439990727769,8.517393171418904,8.754791763700032,0.1111086420301771,269.64,0,0,A,A4,MORTGAGE,Not Verified,debt_consolidation
2400.0,13.67,36.0,5.0,49500.0,24.15,0.0,13.0,1.0,10444.0,59.3,10.809748150372926,7.783640596221253,9.253878673990666,0.04848386901274722,492.12,0,1,C,C4,OWN,Not Verified,other
21000.0,5.32,36.0,2.0,124000.0,18.88,0.0,27.0,0.0,85132.0,75.0,11.728044909070784,9.952325334619427,11.351970018478019,0.16935347295586325,191.52,0,0,A,A1,MORTGAGE,Verified,credit_card
8000.0,14.85,36.0,3.0,38000.0,29.12,0.0,13.0,0.0,11597.0,35.8,10.545367754151743,8.987321812850123,9.358587948436385,0.2105207757690587,534.6,0,0,C,C5,MORTGAGE,Source Verified,credit_card
34100.0,12.88,60.0,8.0,92892.0,29.14,0.0,13.0,0.0,21449.0,65.2,11.439203572124452,10.43708198835482,9.973479924356162,0.3670890163952074,772.8000000000001,0,0,C,C2,MORTGAGE,Verified,debt_consolidation
17025.0,15.41,36.0,1.0,72800.0,34.55,0.0,21.0,0.0,33955.0,57.4,11.19548497035417,9.742496866444002,10.432820847857858,0.23385667779288746,554.76,0,0,D,D1,MORTGAGE,Not Verified,credit_card
28000.0,8.49,60.0,5.0,95000.0,19.6,0.0,24.0,0.0,30169.0,31.8,11.461642696843066,10.239995502805314,10.314603332153107,0.29473373964484584,509.40000000000003,0,0,B,B1,MORTGAGE,Source Verified,credit_card
19625.0,18.49,36.0,5.0,79500.0,18.9,2.0,14.0,0.0,8359.0,41.5,11.283524879179666,9.884610496766438,9.031213706078747,0.24685224085231633,665.64,1,0,D,D5,MORTGAGE,Source Verified,debt_consolidation
34500.0,13.99,36.0,1.0,75000.0,22.98,0.0,16.0,0.0,37442.0,41.3,11.225256725762893,10.448743588106625,10.530575055586564,0.45999386674844334,503.64,0,0,C,C4,MORTGAGE,Verified,debt_consolidation
8000.0,10.64,36.0,10.0,59000.0,17.88,0.0,10.0,2.0,5315.0,32.8,10.985309671896763,8.987321812850123,8.578476419833136,0.13559092218775953,383.04,0,1,B,B4,MORTGAGE,Source Verified,home_improvement
3775.0,11.99,36.0,2.0,17795.0,34.01,0.0,5.0,0.0,3612.0,73.7,9.786728991925932,8.236420527265391,8.19229373114764,0.2121263205214655,431.64,0,0,C,C1,RENT,Not Verified,credit_card
21000.0,18.49,36.0,7.0,90000.0,22.6,0.0,11.0,0.0,5335.0,55.0,11.407576060361786,9.952325334619427,8.582231587595459,0.23333074076954702,665.64,0,0,D,D5,MORTGAGE,Verified,debt_consolidation
10000.0,6.99,36.0,10.0,60000.0,29.15,0.0,18.0,0.0,7056.0,32.7,11.002116507732017,9.210440366976515,8.86177531100083,0.1666638889351844,251.64000000000001,0,0,A,A3,MORTGAGE,Not Verified,other
24000.0,16.55,60.0,5.0,72000.0,20.07,0.0,7.0,0.0,8413.0,32.7,11.184435286790631,10.085850775128717,9.037652264150466,0.3333287037680032,993.0,0,0,D,D2,MORTGAGE,Not Verified,small_business
10800.0,11.99,60.0,10.0,75000.0,23.18,0.0,11.0,0.0,21076.0,60.2,11.225256725762893,9.287394001418473,9.955937677537047,0.14399808002559966,719.4,0,0,C,C1,MORTGAGE,Not Verified,credit_card
3600.0,11.22,36.0,3.0,33000.0,15.7,1.0,3.0,0.0,7289.0,54.4,10.404293143019792,8.188966863648876,8.894258825002703,0.1090876034059574,403.92,1,0,B,B5,RENT,Verified,debt_consolidation
20000.0,8.38,36.0,10.0,250000.0,4.58,2.0,14.0,0.0,88784.0,84.0,12.611541086966115,9.903537551286169,11.393972995792934,0.06666644444518519,301.68,1,0,B,B1,MORTGAGE,Verified,debt_consolidation
10000.0,17.27,60.0,10.0,30200.0,9.02,2.0,7.0,0.0,3044.0,43.5,10.315630315397533,9.210440366976515,8.021256180143997,0.33111486374623356,1036.2,1,0,D,D3,RENT,Verified,debt_consolidation
35000.0,17.57,36.0,10.0,100000.0,23.73,0.0,16.0,0.0,12272.0,61.1,11.51293546492023,10.463131911491967,9.415157006597507,0.34999650003499966,632.52,0,0,D,D4,MORTGAGE,Verified,debt_consolidation
2000.0,19.89,36.0,,35000.0,16.53,0.0,9.0,0.0,2235.0,20.0,10.463131911491967,7.601402334583733,7.71244383427499,0.05714122453644182,716.04,0,0,E,E3,MORTGAGE,Source Verified,home_improvement
22000.0,11.48,36.0,6.0,117000.0,15.34,0.0,9.0,0.0,27442.0,88.8,11.669937760751914,9.99884318585288,10.219866405309856,0.1880325809181118,413.28000000000003,0,0,B,B5,RENT,Not Verified,credit_card
9150.0,17.97,36.0,2.0,50000.0,1.44,0.0,3.0,0.0,635.0,13.2,10.819798284210286,9.121618441915379,6.455198563340122,0.18299634007319854,646.92,0,0,D,D4,OWN,Not Verified,major_purchase
24000.0,18.49,60.0,7.0,105000.0,26.14,0.0,14.0,0.0,8579.0,46.9,11.561725152903833,10.085850775128717,9.057189192482008,0.22856925172141218,1109.3999999999999,0,0,D,D5,RENT,Verified,debt_consolidation
1500.0,9.17,36.0,10.0,83000.0,22.4,0.0,12.0,0.0,15321.0,79.0,11.326607934898927,7.313886831633462,9.637044983076766,0.018072071420826254,330.12,0,0,B,B2,MORTGAGE,Not Verified,major_purchase
16800.0,22.45,60.0,,50000.0,20.51,0.0,23.0,0.0,13281.0,30.5,10.819798284210286,9.729193687429403,9.494165014100659,0.33599328013439733,1347.0,0,0,F,F1,MORTGAGE,Verified,debt_consolidation
1000.0,9.76,36.0,1.0,68000.0,1.81,0.0,7.0,0.0,985.0,2.3,11.127277689932466,6.90875477931522,6.893656354602635,0.014705666093145688,351.36,0,0,B,B3,RENT,Source Verified,medical
20000.0,12.88,36.0,4.0,50000.0,27.48,0.0,10.0,1.0,6788.0,55.2,10.819798284210286,9.903537551286169,8.823058934301647,0.3999920001599968,463.68,0,1,C,C2,RENT,Verified,debt_consolidation
15000.0,7.49,36.0,10.0,72000.0,5.93,0.0,14.0,1.0,8641.0,33.2,11.184435286790631,9.61587214452889,9.064389316491878,0.20833043985500202,269.64,0,1,A,A4,MORTGAGE,Not Verified,credit_card
35000.0,13.99,36.0,3.0,139000.0,17.73,0.0,17.0,0.0,48714.0,92.8,11.842236406331555,10.463131911491967,10.793742269859441,0.2517967496636715,503.64,0,0,C,C4,RENT,Source Verified,credit_card
15500.0,11.99,36.0,10.0,55000.0,12.63,1.0,8.0,0.0,5352.0,28.2,10.915106645867501,9.648659816955295,8.585412430393381,0.28181305794440104,431.64,1,0,C,C1,MORTGAGE,Not Verified,debt_consolidation
35000.0,18.99,36.0,10.0,90000.0,3.04,0.0,3.0,0.0,9294.0,74.4,11.407576060361786,10.463131911491967,9.137231900155545,0.38888456794924503,683.64,0,0,E,E1,MORTGAGE,Source Verified,other
6000.0,5.32,36.0,,30000.0,18.39,0.0,14.0,0.0,15110.0,36.4,10.308985993422082,8.699681400989512,9.62317823441376,0.19999333355554816,191.52,0,0,A,A1,OWN,Source Verified,credit_card
15000.0,9.8,36.0,4.0,52500.0,4.96,0.0,8.0,1.0,10459.0,52.3,10.868587496017359,9.61587214452889,9.255313737618913,0.2857088436410735,352.8,0,1,B,B3,RENT,Not Verified,debt_consolidation
6600.0,11.22,36.0,,13230.0,27.95,0.0,13.0,0.0,16773.0,23.7,9.49031784004241,8.79497643168877,9.727585347544357,0.498828508805079,403.92,0,0,B,B5,MORTGAGE,Not Verified,credit_card
10500.0,8.49,36.0,0.0,70000.0,26.68,0.0,14.0,0.0,10059.0,54.1,11.156264806643742,9.259225769705994,9.21632244365373,0.14999785717346895,305.64,0,0,B,B1,RENT,Source Verified,credit_card
6000.0,10.64,36.0,10.0,45500.0,18.83,0.0,4.0,0.0,5208.0,86.8,10.725489582719506,8.699681400989512,8.55814317774519,0.1318652337311268,383.04,0,0,B,B4,MORTGAGE,Verified,credit_card
6000.0,9.17,36.0,1.0,40000.0,16.5,1.0,7.0,0.0,4197.0,54.5,10.596659732783579,8.699681400989512,8.342363500380579,0.14999625009374765,330.12,1,0,B,B2,OWN,Source Verified,debt_consolidation
7500.0,12.59,36.0,4.0,90000.0,21.0,0.0,10.0,0.0,6437.0,47.7,11.407576060361786,8.922791623969635,8.769973211858753,0.08333240741769536,453.24,0,0,C,C2,MORTGAGE,Verified,debt_consolidation
15000.0,17.27,36.0,10.0,65000.0,18.24,0.0,13.0,2.0,7004.0,26.0,11.082157933374816,9.61587214452889,8.854379458771106,0.23076568052799187,621.72,0,1,D,D3,RENT,Verified,debt_consolidation
5000.0,11.99,36.0,8.0,60000.0,25.76,0.0,18.0,0.0,13929.0,66.0,11.002116507732017,8.517393171418904,9.54180006677385,0.0833319444675922,431.64,0,0,C,C1,RENT,Verified,vacation
21475.0,11.48,36.0,8.0,65000.0,19.44,0.0,15.0,0.0,8792.0,29.5,11.082157933374816,9.97469131154246,9.081711229379001,0.330379532622575,413.28000000000003,0,0,B,B5,MORTGAGE,Not Verified,other
16375.0,15.41,36.0,2.0,65000.0,19.53,0.0,7.0,0.0,6606.0,56.5,11.082157933374816,9.703572127341126,8.795884972029885,0.2519192012430578,554.76,0,0,D,D1,OWN,Verified,debt_consolidation
7500.0,6.99,36.0,10.0,51000.0,18.8,0.0,14.0,0.0,7194.0,21.5,10.839600519357369,8.922791623969635,8.881141619321468,0.1470559400796063,251.64000000000001,0,0,A,A3,MORTGAGE,Not Verified,debt_consolidation
10650.0,17.57,60.0,10.0,63000.0,33.03,0.0,17.0,0.0,23858.0,59.9,11.050905878263567,9.273409063443165,10.079916783625245,0.16904493579466992,1054.2,0,0,D,D4,MORTGAGE,Source Verified,debt_consolidation
12000.0,6.99,36.0,0.0,45000.0,15.52,0.0,9.0,0.0,12909.0,40.5,10.714439990727769,9.392745258631441,9.465757483840688,0.2666607408724251,251.64000000000001,0,0,A,A3,MORTGAGE,Source Verified,debt_consolidation
15000.0,24.99,60.0,10.0,43300.0,14.48,0.0,14.0,1.0,3567.0,16.2,10.675931008412125,9.61587214452889,8.1797604936999,0.3464123230410383,1499.3999999999999,0,1,F,F4,RENT,Verified,debt_consolidation
2000.0,14.85,36.0,0.0,42000.0,24.77,0.0,9.0,0.0,7985.0,101.1,10.645448706505872,7.601402334583733,8.985445287623167,0.04761791385919383,534.6,0,0,C,C5,MORTGAGE,Verified,credit_card
22000.0,12.59,36.0,10.0,50000.0,0.84,0.0,5.0,0.0,1604.0,3.5,10.819798284210286,9.99884318585288,7.380879035564116,0.43999120017599647,453.24,0,0,C,C2,MORTGAGE,Not Verified,medical
10000.0,14.48,36.0,10.0,80000.0,17.93,0.0,15.0,4.0,17720.0,66.4,11.289794413577894,9.210440366976515,9.782505655975344,0.124998437519531,521.28,0,1,C,C5,MORTGAGE,Source Verified,debt_consolidation
6000.0,11.22,36.0,1.0,42000.0,13.09,0.0,4.0,0.0,1176.0,15.9,10.645448706505872,8.699681400989512,7.0707241072602764,0.1428537415775815,403.92,0,0,B,B5,RENT,Verified,other
35000.0,12.59,60.0,10.0,125195.2,34.14,0.0,14.0,0.0,67898.0,44.8,11.73763738574982,10.463131911491967,11.125776585897835,0.27956120073931956,755.4,0,0,C,C2,MORTGAGE,Verified,credit_card
15000.0,11.99,36.0,10.0,56000.0,26.62,1.0,3.0,0.0,18171.0,93.0,10.933124826700706,9.61587214452889,9.807637226879294,0.2678523597792897,431.64,1,0,C,C1,RENT,Not Verified,credit_card
35000.0,13.67,36.0,10.0,145000.0,21.25,1.0,17.0,1.0,17752.0,54.8,11.884495917930654,10.463131911491967,9.784309794706797,0.24137764567140915,492.12,1,1,C,C4,MORTGAGE,Source Verified,debt_consolidation
3500.0,11.48,36.0,0.0,17000.0,6.0,0.0,7.0,0.0,3004.0,83.4,9.741027444837728,8.160803920954665,8.008032846969307,0.20587024292688666,413.28000000000003,0,0,B,B5,RENT,Verified,credit_card
18000.0,5.32,36.0,4.0,111000.0,6.5,1.0,14.0,0.0,7149.0,21.5,11.6172944892629,9.798182590890704,8.874867635688053,0.16216070125494364,191.52,1,0,A,A1,RENT,Verified,moving
12000.0,7.49,36.0,,48000.0,25.05,1.0,27.0,0.0,12318.0,31.0,10.77897712300635,9.392745258631441,9.418898064961974,0.24999479177517134,269.64,1,0,A,A4,MORTGAGE,Source Verified,debt_consolidation
19300.0,11.48,60.0,1.0,45000.0,23.07,0.0,17.0,1.0,9173.0,20.3,10.714439990727769,9.867912187022208,9.124128675157117,0.42887935823648365,688.8000000000001,0,1,B,B5,MORTGAGE,Not Verified,credit_card
5000.0,10.64,36.0,9.0,81000.0,15.32,0.0,7.0,0.0,7614.0,84.6,11.30221677925738,8.517393171418904,8.937875265329263,0.06172763299218528,383.04,0,0,B,B4,MORTGAGE,Verified,small_business
12000.0,9.8,60.0,6.0,85000.0,18.03,2.0,17.0,0.0,36232.0,50.3,11.350418300109132,9.392745258631441,10.49772558476686,0.14117480970812107,588.0,1,0,B,B3,MORTGAGE,Not Verified,debt_consolidation
12000.0,10.78,36.0,10.0,42000.0,36.66,1.0,25.0,0.0,8669.0,28.5,10.645448706505872,9.392745258631441,9.067624069774586,0.285707483155163,388.08,1,0,B,B4,OWN,Not Verified,credit_card
26000.0,22.45,36.0,8.0,52000.0,23.19,0.0,8.0,0.0,2744.0,45.0,10.859018228147885,10.165890277802454,7.917536353943631,0.4999903848002923,808.1999999999999,0,0,F,F1,MORTGAGE,Verified,debt_consolidation
9000.0,11.48,36.0,10.0,128000.0,17.72,1.0,12.0,0.0,12398.0,89.2,11.759793355371237,9.105090961257085,9.425371103179842,0.07031195068788525,413.28000000000003,1,0,B,B5,OWN,Not Verified,other
15000.0,13.44,60.0,1.0,129000.0,18.95,1.0,12.0,0.0,17281.0,33.6,11.767575435251747,9.61587214452889,9.757420776401345,0.11627816838629158,806.4,1,0,C,C3,OWN,Not Verified,debt_consolidation
35000.0,10.78,60.0,3.0,135000.0,11.43,0.0,20.0,0.0,40165.0,32.6,11.813037464800539,10.463131911491967,10.600776145596623,0.2592573388345272,646.8,0,0,B,B4,OWN,Source Verified,credit_card
15000.0,8.49,36.0,8.0,50000.0,21.24,0.0,10.0,0.0,16134.0,52.0,10.819798284210286,9.61587214452889,9.688746104486063,0.2999940001199976,305.64,0,0,B,B1,RENT,Not Verified,credit_card
15000.0,8.49,36.0,0.0,140000.0,21.42,0.0,10.0,0.0,88172.0,79.3,11.849404844423074,9.61587214452889,11.387056072680862,0.10714209184220112,305.64,0,0,B,B1,MORTGAGE,Source Verified,credit_card
19200.0,11.48,36.0,0.0,125000.0,18.33,3.0,21.0,0.0,15672.0,52.8,11.736077016252437,9.862717639992916,9.659694765654068,0.15359877120983031,413.28000000000003,1,0,B,B5,RENT,Source Verified,credit_card
28000.0,18.49,60.0,10.0,76000.0,13.66,0.0,12.0,0.0,35620.0,64.3,11.23850177707664,10.239995502805314,10.480690630565247,0.36841620504993355,1109.3999999999999,0,0,D,D5,OWN,Not Verified,credit_card
11000.0,9.17,36.0,10.0,69000.0,21.34,0.0,9.0,0.0,8137.0,84.8,11.141876276228,9.305741456739435,9.004299728561636,0.1594179794495732,330.12,0,0,B,B2,MORTGAGE,Not Verified,credit_card
12000.0,11.99,36.0,10.0,65000.0,14.84,1.0,12.0,1.0,6530.0,51.8,11.082157933374816,9.392745258631441,8.784315349902657,0.1846125444223935,431.64,1,1,C,C1,MORTGAGE,Source Verified,credit_card
15000.0,5.32,36.0,3.0,86000.0,10.22,0.0,9.0,0.0,13442.0,40.1,11.362114203075018,9.61587214452889,9.506213803454253,0.17441657655143544,191.52,0,0,A,A1,RENT,Not Verified,debt_consolidation
18000.0,15.77,36.0,10.0,65000.0,38.04,0.0,19.0,0.0,19106.0,65.2,11.082157933374816,9.798182590890704,9.857810039039475,0.27691881663359025,567.72,0,0,D,D1,RENT,Verified,debt_consolidation
10000.0,9.8,36.0,10.0,37000.0,7.69,0.0,8.0,1.0,7810.0,74.4,10.518700218288165,9.210440366976515,8.963288275610298,0.2702629658657874,352.8,0,1,B,B3,MORTGAGE,Source Verified,credit_card
20000.0,6.24,36.0,8.0,120000.0,3.31,0.0,11.0,0.0,8678.0,32.4,11.695255355062795,9.903537551286169,9.068661593644244,0.16666527778935175,224.64000000000001,0,0,A,A2,MORTGAGE,Not Verified,debt_consolidation
12000.0,10.64,36.0,2.0,115523.0,15.27,0.0,10.0,0.0,25347.0,61.5,11.657233579565967,9.392745258631441,10.140455110443407,0.10387451958034694,383.04,0,0,B,B4,RENT,Source Verified,debt_consolidation
18000.0,13.99,60.0,4.0,85000.0,6.72,0.0,5.0,1.0,3862.0,16.8,11.350418300109132,9.798182590890704,8.259199362666282,0.2117622145621816,839.4,0,1,C,C4,MORTGAGE,Not Verified,debt_consolidation
13600.0,15.77,36.0,4.0,40000.0,13.92,0.0,18.0,0.0,11071.0,17.1,10.596659732783579,9.517898598432753,9.31217467785745,0.3399915002124947,567.72,0,0,D,D1,OWN,Not Verified,debt_consolidation
15000.0,9.8,36.0,9.0,41000.0,24.33,1.0,15.0,0.0,8983.0,27.0,10.62135173563291,9.61587214452889,9.103200496418278,0.3658447354942562,352.8,1,0,B,B3,RENT,Verified,credit_card
2400.0,17.27,36.0,2.0,52000.0,28.38,1.0,16.0,1.0,7763.0,41.5,10.859018228147885,7.783640596221253,8.9572529442889,0.04615295859695006,621.72,1,1,D,D3,MORTGAGE,Verified,home_improvement
14000.0,6.99,36.0,10.0,125000.0,10.8,1.0,15.0,0.0,12785.0,29.0,11.736077016252437,9.546884034617925,9.456106101326672,0.11199910400716795,251.64000000000001,1,0,A,A3,MORTGAGE,Not Verified,debt_consolidation
10000.0,6.24,36.0,2.0,153000.0,19.95,0.0,31.0,0.0,13642.0,36.1,11.938199736300925,9.210440366976515,9.520981848562874,0.06535904994085005,224.64000000000001,0,0,A,A2,MORTGAGE,Source Verified,debt_consolidation
7000.0,15.77,36.0,5.0,37000.0,27.67,0.0,16.0,0.0,20036.0,56.0,10.518700218288165,8.853808274977197,9.905335843393745,0.18918407610605117,567.72,0,0,D,D1,RENT,Verified,vacation
15600.0,11.48,36.0,2.0,56000.0,19.95,0.0,10.0,0.0,8909.0,68.0,10.933124826700706,9.655090293747248,9.094929520464854,0.2785664541704612,413.28000000000003,0,0,B,B5,RENT,Verified,debt_consolidation
6000.0,12.88,36.0,1.0,48000.0,10.47,3.0,13.0,0.0,4985.0,12.4,10.77897712300635,8.699681400989512,8.514389264083503,0.12499739588758567,463.68,1,0,C,C2,RENT,Not Verified,small_business
7200.0,18.2,36.0,10.0,95000.0,19.68,1.0,23.0,0.0,11018.0,52.2,11.461642696843066,8.881975184248866,9.307376334487778,0.07578867590867465,655.1999999999999,1,0,E,E1,RENT,Source Verified,credit_card
3000.0,7.91,36.0,10.0,70000.0,20.81,0.0,10.0,0.0,13268.0,61.4,11.156264806643742,8.006700845440367,9.493185766536437,0.04285653062099113,284.76,0,0,A,A5,OWN,Not Verified,debt_consolidation
20000.0,11.22,36.0,10.0,120000.0,19.45,0.0,11.0,0.0,27486.0,60.3,11.695255355062795,9.903537551286169,10.221468444611173,0.16666527778935175,403.92,0,0,B,B5,RENT,Source Verified,debt_consolidation
28750.0,15.77,36.0,7.0,79634.0,18.38,0.0,8.0,0.0,15437.0,72.5,11.285208973685881,10.266427828229292,9.644587281509798,0.3610221636215232,567.72,0,0,D,D1,RENT,Not Verified,debt_consolidation
3175.0,9.8,36.0,6.0,45000.0,34.18,0.0,10.0,0.0,3283.0,22.6,10.714439990727769,8.063377822367027,8.096817470572319,0.07055398768916246,352.8,0,0,B,B3,RENT,Not Verified,major_purchase
18200.0,9.76,36.0,8.0,70000.0,28.1,0.0,19.0,1.0,20817.0,44.5,11.156264806643742,9.809231816610406,9.943573276075414,0.2599962857673462,351.36,0,1,B,B3,MORTGAGE,Not Verified,credit_card
12000.0,15.77,60.0,,44321.0,28.73,0.0,10.0,0.0,20213.0,80.5,10.699236446756792,9.392745258631441,9.914130712634607,0.27074590496818735,946.1999999999999,0,0,D,D1,MORTGAGE,Verified,other
16000.0,17.27,60.0,4.0,60000.0,31.84,0.0,16.0,0.0,21659.0,62.0,11.002116507732017,9.680406499268875,9.983222520554982,0.26666222229629505,1036.2,0,0,D,D3,MORTGAGE,Verified,other
11000.0,8.38,36.0,5.0,32000.0,11.78,0.0,5.0,0.0,6656.0,58.9,10.373522431293592,9.305741456739435,8.803424211600703,0.34373925814818285,301.68,0,0,B,B1,MORTGAGE,Not Verified,debt_consolidation
30225.0,15.41,36.0,10.0,250000.0,29.49,1.0,6.0,4.0,1353.0,5.6,12.429220196836383,10.316457760130065,7.21081845347222,0.12089951640193439,554.76,1,1,D,D1,MORTGAGE,Source Verified,credit_card
16000.0,16.59,60.0,10.0,50000.0,32.69,0.0,5.0,0.0,5537.0,79.1,10.819798284210286,9.680406499268875,8.619388703730907,0.31999360012799744,995.4,0,0,D,D2,RENT,Verified,debt_consolidation
15000.0,7.91,36.0,10.0,95000.0,23.04,0.0,10.0,0.0,25212.0,74.0,11.461642696843066,9.61587214452889,10.135115013498648,0.15789307480973885,284.76,0,0,A,A5,MORTGAGE,Verified,debt_consolidation
10000.0,13.44,36.0,9.0,40000.0,26.13,0.0,6.0,1.0,11266.0,62.9,10.596659732783579,9.210440366976515,9.329633378164166,0.2499937501562461,483.84,0,1,C,C3,MORTGAGE,Verified,debt_consolidation
30000.0,11.99,36.0,4.0,110723.0,28.82,0.0,8.0,0.0,19720.0,84.6,11.614795897366555,10.308985993422082,9.889439336810069,0.2709439687872548,431.64,0,0,C,C1,RENT,Source Verified,credit_card
6150.0,17.27,36.0,0.0,14000.0,39.71,0.0,5.0,0.0,10424.0,49.6,9.546884034617925,8.724369949208368,9.251962046667002,0.4392543389757874,621.72,0,0,D,D3,RENT,Verified,credit_card
6300.0,11.99,36.0,,96000.0,6.38,1.0,11.0,1.0,16652.0,83.7,11.472113887062386,8.748463629942055,9.720345659358271,0.0656243164133707,431.64,1,1,C,C1,MORTGAGE,Source Verified,debt_consolidation
31200.0,18.49,60.0,1.0,75999.0,12.73,3.0,10.0,1.0,3828.0,30.4,11.238488619268468,10.348205424565993,8.250358951477294,0.4105263157894737,1109.3999999999999,1,1,E,E2,MORTGAGE,Source Verified,debt_consolidation
1000.0,14.85,36.0,,12000.0,3.4,0.0,9.0,0.0,115.0,9.6,9.392745258631441,6.90875477931522,4.7535901911063645,0.08332638946754437,534.6,0,0,C,C5,RENT,Source Verified,major_purchase
7200.0,12.88,36.0,0.0,64000.0,11.55,0.0,13.0,0.0,3763.0,34.5,11.06665398721974,8.881975184248866,8.23323750070527,0.11249824221496539,463.68,0,0,C,C2,MORTGAGE,Source Verified,car
15000.0,13.18,60.0,9.0,62000.0,17.33,0.0,11.0,1.0,7556.0,22.2,11.034905792929415,9.61587214452889,8.930229565020719,0.24193158174868148,790.8,0,1,C,C3,MORTGAGE,Not Verified,debt_consolidation
25000.0,17.97,60.0,10.0,105000.0,22.57,0.0,10.0,1.0,5787.0,31.3,11.561725152903833,10.12667110305036,8.663542087751374,0.2380929705431377,1078.1999999999998,0,1,D,D4,MORTGAGE,Not Verified,debt_consolidation
35000.0,13.44,36.0,0.0,125000.0,24.19,0.0,15.0,0.0,47300.0,51.9,11.736077016252437,10.463131911491967,10.764286715905591,0.27999776001791987,483.84,0,0,C,C3,MORTGAGE,Source Verified,debt_consolidation
15000.0,8.49,36.0,0.0,70000.0,16.12,1.0,6.0,0.0,17490.0,76.0,11.156264806643742,9.61587214452889,9.769441741907062,0.21428265310495564,305.64,1,0,B,B1,RENT,Not Verified,credit_card
1000.0,13.99,36.0,9.0,120000.0,20.84,1.0,13.0,0.0,9080.0,78.3,11.695255355062795,6.90875477931522,9.113939597689829,0.008333263889467589,503.64,1,0,C,C4,OWN,Not Verified,other
6000.0,6.99,36.0,10.0,42000.0,10.14,0.0,13.0,0.0,5540.0,15.9,10.645448706505872,8.699681400989512,8.61993026886735,0.1428537415775815,251.64000000000001,0,0,A,A3,MORTGAGE,Source Verified,debt_consolidation
9600.0,13.44,36.0,0.0,28000.0,9.73,0.0,19.0,0.0,1755.0,43.9,10.239995502805314,9.169622538697624,7.470793774195061,0.34284489839648585,483.84,0,0,C,C3,RENT,Source Verified,debt_consolidation
12000.0,13.18,60.0,10.0,150000.0,6.46,1.0,11.0,2.0,30972.0,12.3,11.918397239722838,9.392745258631441,10.340871136212565,0.0799994666702222,790.8,1,1,C,C3,MORTGAGE,Not Verified,debt_consolidation
20000.0,11.48,36.0,10.0,78600.0,17.19,1.0,14.0,0.0,12333.0,55.5,11.272139700982676,9.903537551286169,9.420114955551437,0.25444968893525527,413.28000000000003,1,0,B,B5,MORTGAGE,Not Verified,debt_consolidation
11000.0,5.32,36.0,10.0,80000.0,11.66,0.0,10.0,0.0,11722.0,27.3,11.289794413577894,9.305741456739435,9.369308003071827,0.1374982812714841,191.52,0,0,A,A1,MORTGAGE,Not Verified,debt_consolidation
20000.0,6.49,36.0,2.0,95000.0,12.63,0.0,9.0,0.0,11020.0,35.5,11.461642696843066,9.903537551286169,9.307557822691543,0.21052409974631847,233.64000000000001,0,0,A,A2,MORTGAGE,Not Verified,debt_consolidation
18000.0,12.59,60.0,10.0,63000.0,31.64,1.0,14.0,0.0,43290.0,63.8,11.050905878263567,9.798182590890704,10.675700040192325,0.28570975063887877,755.4,1,0,C,C2,MORTGAGE,Not Verified,credit_card
19000.0,7.26,36.0,10.0,50000.0,15.07,0.0,10.0,0.0,9672.0,36.9,10.819798284210286,9.852246888342531,9.177093778182547,0.379992400151997,261.36,0,0,A,A4,MORTGAGE,Not Verified,debt_consolidation
10925.0,15.77,60.0,10.0,35000.0,20.61,0.0,10.0,0.0,10782.0,70.9,10.463131911491967,9.298900548955663,9.285726098882073,0.31213393903031345,946.1999999999999,0,0,D,D1,MORTGAGE,Not Verified,debt_consolidation
34300.0,16.55,36.0,2.0,78000.0,28.29,0.0,17.0,0.0,6516.0,57.7,11.264476926102367,10.442929787247996,8.78216942633238,0.43973795207753746,595.8000000000001,0,0,D,D2,RENT,Verified,debt_consolidation
1800.0,9.17,36.0,2.0,33000.0,23.2,0.0,8.0,0.0,3634.0,54.2,10.404293143019792,7.496097345175956,8.198364389967619,0.0545438017029787,330.12,0,0,B,B2,MORTGAGE,Source Verified,debt_consolidation
12000.0,9.17,36.0,3.0,175000.0,11.46,0.0,16.0,0.0,15319.0,56.9,12.072546967175038,9.392745258631441,9.636914443294582,0.06857103673693293,330.12,0,0,B,B2,RENT,Source Verified,debt_consolidation
14400.0,15.41,60.0,5.0,69000.0,11.25,0.0,7.0,0.0,4088.0,23.6,11.141876276228,9.575052927597381,8.316055720364641,0.20869262764307764,924.6,0,0,D,D1,MORTGAGE,Source Verified,home_improvement
23025.0,14.85,36.0,0.0,102000.0,8.2,0.0,5.0,0.0,9186.0,98.8,11.532737896139919,10.044379291233609,9.125544720271467,0.225733081048225,534.6,0,0,C,C5,RENT,Source Verified,debt_consolidation
3500.0,14.85,36.0,10.0,165000.0,19.94,0.0,17.0,0.0,57497.0,83.4,12.013706813470412,8.160803920954665,10.959505443571818,0.02121199265458997,534.6,0,0,C,C5,MORTGAGE,Verified,other
20000.0,6.99,36.0,10.0,80000.0,11.76,0.0,6.0,0.0,39505.0,63.4,11.289794413577894,9.903537551286169,10.584207838087945,0.249996875039062,251.64000000000001,0,0,A,A3,RENT,Source Verified,debt_consolidation
27500.0,21.99,60.0,10.0,99000.0,37.6,0.0,22.0,0.0,54589.0,83.9,11.502885230075814,10.221977646629885,10.907605994775803,0.2777749719699801,1319.3999999999999,0,0,F,F1,MORTGAGE,Source Verified,debt_consolidation
8000.0,10.78,36.0,5.0,53000.0,20.13,0.0,9.0,1.0,6515.0,50.9,10.87806606028079,8.987321812850123,8.782015969721936,0.15094054829154166,388.08,0,1,B,B4,MORTGAGE,Verified,debt_consolidation
4000.0,12.88,36.0,0.0,40000.0,14.43,0.0,6.0,0.0,15105.0,98.7,10.596659732783579,8.294299608857235,9.622847294873393,0.09999750006249844,463.68,0,0,C,C2,MORTGAGE,Verified,other
15000.0,17.57,60.0,2.0,70000.0,9.47,0.0,7.0,0.0,16151.0,96.1,11.156264806643742,9.61587214452889,9.689799159992672,0.21428265310495564,1054.2,0,0,D,D4,RENT,Not Verified,debt_consolidation
25600.0,9.17,60.0,0.0,84000.0,12.39,0.0,8.0,0.0,19689.0,39.1,11.338583982516495,10.150386692204734,9.88786617163317,0.3047582766871823,550.2,0,0,B,B2,RENT,Not Verified,debt_consolidation
12000.0,12.88,60.0,10.0,100000.0,12.31,3.0,12.0,0.0,11078.0,49.6,11.51293546492023,9.392745258631441,9.312806703520673,0.11999880001199988,772.8000000000001,1,0,C,C2,OWN,Not Verified,credit_card
20400.0,6.99,36.0,4.0,152000.0,10.11,0.0,8.0,0.0,14007.0,55.1,11.931642378754141,9.923339198238729,9.547383873965687,0.1342096433576095,251.64000000000001,0,0,A,A3,RENT,Not Verified,debt_consolidation
19200.0,7.49,36.0,9.0,95000.0,16.94,0.0,33.0,0.0,34270.0,34.7,11.461642696843066,9.862717639992916,10.442054794483777,0.2021031357564657,269.64,0,0,A,A4,MORTGAGE,Not Verified,credit_card
15000.0,7.89,36.0,9.0,80000.0,16.14,0.0,6.0,0.0,8422.0,28.5,11.289794413577894,9.61587214452889,9.038721338315364,0.18749765627929652,284.03999999999996,0,0,A,A5,RENT,Source Verified,car
35000.0,21.48,60.0,6.0,130000.0,5.36,0.0,12.0,0.0,2146.0,3.5,11.775297421715825,10.463131911491967,7.671826797878781,0.26922869824078277,1288.8,0,0,E,E5,OWN,Source Verified,home_improvement
25000.0,19.99,60.0,2.0,70490.0,14.03,0.0,9.0,2.0,3630.0,12.6,11.163240321076714,10.12667110305036,8.197263371414335,0.3546552042104666,1199.3999999999999,0,1,E,E4,RENT,Verified,small_business
16000.0,17.86,60.0,1.0,74000.0,26.35,0.0,7.0,0.0,5783.0,69.7,11.211833885608513,9.680406499268875,8.6628507638386,0.21621329441494033,1071.6,0,0,D,D5,RENT,Source Verified,debt_consolidation
14000.0,11.99,36.0,10.0,57400.0,10.64,0.0,14.0,0.0,22510.0,59.4,10.95781700375869,9.546884034617925,10.021759357614163,0.24389818992700477,431.64,0,0,C,C1,RENT,Not Verified,debt_consolidation
20000.0,10.78,36.0,6.0,65000.0,25.7,2.0,12.0,0.0,21868.0,37.1,11.082157933374816,9.903537551286169,9.992825387888322,0.3076875740373225,388.08,1,0,B,B4,OWN,Not Verified,debt_consolidation
10000.0,14.85,36.0,10.0,250000.0,17.46,0.0,25.0,0.0,57674.0,73.6,12.577639650232573,9.210440366976515,10.962579083041954,0.034482639715035464,534.6,0,0,C,C5,MORTGAGE,Verified,home_improvement
6500.0,10.78,36.0,0.0,60000.0,18.52,0.0,11.0,3.0,8650.0,67.6,11.002116507732017,8.77971129020447,9.065430200180375,0.10833152780786987,388.08,0,1,B,B4,RENT,Verified,debt_consolidation
25000.0,11.99,36.0,2.0,84000.0,16.41,0.0,9.0,1.0,17155.0,76.2,11.338583982516495,10.12667110305036,9.75010324563677,0.29761550457732644,431.64,0,1,C,C1,RENT,Not Verified,credit_card
1000.0,12.88,36.0,10.0,45000.0,39.11,0.0,5.0,0.0,10177.0,89.3,10.714439990727769,6.90875477931522,9.227983807148778,0.02222172840603542,463.68,0,0,C,C2,RENT,Not Verified,other
6000.0,12.88,36.0,1.0,33280.0,21.93,0.0,7.0,0.0,4971.0,51.8,10.412741942560633,8.699681400989512,8.511577452630602,0.1802830443796761,463.68,0,0,C,C2,RENT,Source Verified,debt_consolidation
18675.0,8.49,36.0,10.0,55000.0,30.98,0.0,9.0,0.0,4650.0,12.0,10.915106645867501,9.834994556090827,8.444837529224097,0.3395392811039799,305.64,0,0,B,B1,MORTGAGE,Not Verified,debt_consolidation
12000.0,14.85,60.0,6.0,52500.0,31.25,0.0,9.0,2.0,4717.0,44.5,10.868587496017359,9.392745258631441,8.45914025996762,0.2285670749128588,891.0,0,1,C,C5,RENT,Verified,debt_consolidation
30000.0,11.48,36.0,5.0,200000.0,6.45,1.0,18.0,0.0,7430.0,29.6,12.206077645517674,10.308985993422082,8.913415718157468,0.14999925000374997,413.28000000000003,1,0,B,B5,RENT,Source Verified,debt_consolidation
8975.0,13.67,36.0,5.0,52000.0,18.83,0.0,8.0,0.0,4804.0,35.6,10.859018228147885,9.102309627762477,8.477412321404392,0.17259283475317783,492.12,0,0,C,C4,RENT,Verified,debt_consolidation
2000.0,10.78,36.0,,34000.0,13.94,1.0,3.0,0.0,3696.0,92.4,10.434145214930487,7.601402334583733,8.21527695893663,0.05882179935884239,388.08,1,0,B,B4,OWN,Source Verified,debt_consolidation
23825.0,17.97,36.0,,117132.0,20.54,0.0,14.0,0.0,28171.0,94.0,11.671065320303157,10.078532700359306,10.246083855865301,0.20340126181349405,646.92,0,0,D,D4,MORTGAGE,Source Verified,debt_consolidation
12000.0,13.99,36.0,8.0,52200.0,8.92,0.0,11.0,0.0,10611.0,58.0,10.862856930775358,9.392745258631441,9.26974071525763,0.22988065362732515,503.64,0,0,C,C4,RENT,Verified,credit_card
6600.0,17.97,36.0,2.0,45000.0,32.56,0.0,22.0,0.0,12128.0,60.9,10.714439990727769,8.79497643168877,9.40335455830888,0.14666340747983378,646.92,0,0,D,D4,RENT,Verified,debt_consolidation
8000.0,11.48,36.0,1.0,50000.0,12.67,0.0,21.0,0.0,6117.0,30.0,10.819798284210286,8.987321812850123,8.718990524710849,0.15999680006399872,413.28000000000003,0,0,B,B5,RENT,Source Verified,credit_card
19200.0,7.89,36.0,10.0,60000.0,8.12,0.0,17.0,0.0,8320.0,24.6,11.002116507732017,9.862717639992916,9.02653771890043,0.31999466675555405,284.03999999999996,0,0,A,A5,MORTGAGE,Not Verified,credit_card
4000.0,7.26,36.0,10.0,51500.0,16.43,0.0,6.0,1.0,5374.0,38.1,10.849356503939038,8.294299608857235,8.589513852995863,0.07766839478845071,261.36,0,1,A,A4,RENT,Not Verified,debt_consolidation
18000.0,11.99,36.0,9.0,41000.0,38.35,0.0,12.0,0.0,18982.0,61.8,10.62135173563291,9.798182590890704,9.851299120790541,0.43901368259310747,431.64,0,0,C,C1,RENT,Not Verified,debt_consolidation
7200.0,9.8,36.0,10.0,86000.0,13.24,0.0,13.0,0.0,21971.0,68.9,11.362114203075018,8.881975184248866,9.99752419446251,0.08371995674468902,352.8,0,0,B,B3,MORTGAGE,Source Verified,debt_consolidation
18225.0,28.99,60.0,3.0,50000.0,20.91,0.0,13.0,0.0,29197.0,88.5,10.819798284210286,9.810604425056072,10.281855492759925,0.3644927101457971,1739.3999999999999,0,0,G,G5,RENT,Verified,small_business
5700.0,14.48,36.0,0.0,15000.0,28.32,0.0,9.0,0.0,6203.0,88.6,9.61587214452889,8.648396877031582,8.73294952429643,0.37997466835544297,521.28,0,0,C,C5,RENT,Source Verified,other
8000.0,8.38,36.0,2.0,250000.0,13.0,1.0,21.0,0.0,73862.0,76.6,13.07107218827772,8.987321812850123,11.20996730496593,0.01684206980616883,301.68,1,0,B,B1,RENT,Source Verified,debt_consolidation
28000.0,7.91,36.0,8.0,115000.0,10.15,0.0,15.0,0.0,15253.0,26.3,11.652696102959753,10.239995502805314,9.632597042724184,0.24347614368570708,284.76,0,0,A,A5,MORTGAGE,Not Verified,credit_card
6000.0,7.49,36.0,10.0,100000.0,13.28,1.0,9.0,0.0,8563.0,72.0,11.51293546492023,8.699681400989512,9.055322649709574,0.05999940000599994,269.64,1,0,A,A4,MORTGAGE,Not Verified,debt_consolidation
30000.0,9.76,36.0,1.0,115000.0,28.41,0.0,12.0,0.0,45237.0,83.8,11.652696102959753,10.308985993422082,10.719692720587926,0.26086729680611476,351.36,0,0,B,B3,MORTGAGE,Source Verified,debt_consolidation
25000.0,11.99,60.0,10.0,170000.0,17.52,0.0,15.0,0.0,54865.0,47.9,12.043559598368038,10.12667110305036,10.91264912781489,0.14705795848259717,719.4,0,0,C,C1,MORTGAGE,Not Verified,home_improvement
9600.0,11.48,36.0,4.0,60000.0,13.84,1.0,4.0,0.0,6695.0,97.0,11.002116507732017,9.169622538697624,8.80926561216931,0.15999733337777702,413.28000000000003,1,0,B,B5,RENT,Verified,debt_consolidation
11525.0,14.85,36.0,1.0,40000.0,16.68,2.0,22.0,0.0,11781.0,26.2,10.596659732783579,9.35236063199661,9.374328222081632,0.2881177970550736,534.6,1,0,C,C5,MORTGAGE,Source Verified,other
19000.0,14.85,36.0,8.0,38000.0,25.9,0.0,13.0,1.0,21544.0,29.3,10.545367754151743,9.852246888342531,9.977899050049938,0.4999868424515144,534.6,0,1,C,C5,RENT,Source Verified,credit_card
3000.0,13.99,36.0,6.0,70000.0,24.76,0.0,11.0,0.0,11084.0,76.4,11.156264806643742,8.006700845440367,9.313348122050412,0.04285653062099113,503.64,0,0,C,C4,RENT,Verified,debt_consolidation
8000.0,7.89,36.0,3.0,50000.0,9.19,0.0,9.0,0.0,12997.0,32.0,10.819798284210286,8.987321812850123,9.472550778454293,0.15999680006399872,284.03999999999996,0,0,A,A5,OWN,Source Verified,debt_consolidation
9000.0,14.48,36.0,5.0,25000.0,35.06,0.0,9.0,0.0,22691.0,74.2,10.12667110305036,9.105090961257085,10.029767718446458,0.35998560057597695,521.28,0,0,C,C5,OWN,Verified,debt_consolidation
5600.0,10.78,36.0,10.0,46000.0,13.18,0.0,7.0,0.0,8773.0,84.4,10.736418414365374,8.630700432209832,9.07954808172616,0.12173648398947849,388.08,0,0,B,B4,OWN,Source Verified,credit_card
6225.0,27.49,36.0,3.0,42000.0,16.06,11.0,15.0,0.0,1129.0,28.2,10.645448706505872,8.736489351001554,7.029972911706386,0.1482107568867408,989.64,1,0,G,G2,RENT,Source Verified,small_business
15000.0,5.32,36.0,0.0,55000.0,25.25,0.0,10.0,0.0,21754.0,70.2,10.915106645867501,9.61587214452889,9.98759889515478,0.2727223141397429,191.52,0,0,A,A1,RENT,Source Verified,credit_card
20600.0,9.17,36.0,10.0,115000.0,22.62,0.0,12.0,0.0,19991.0,86.2,11.652696102959753,9.933094897288786,9.903087472514787,0.1791288771401988,330.12,0,0,B,B2,MORTGAGE,Source Verified,debt_consolidation
35000.0,11.99,60.0,2.0,77500.0,30.07,0.0,19.0,0.0,45568.0,45.1,11.258046118483998,10.463131911491967,10.726982939755574,0.45160707603772854,719.4,0,0,C,C1,MORTGAGE,Source Verified,debt_consolidation
12000.0,11.48,36.0,7.0,85000.0,22.87,1.0,35.0,0.0,8288.0,31.5,11.350418300109132,9.392745258631441,9.022684613591526,0.14117480970812107,413.28000000000003,1,0,B,B5,MORTGAGE,Source Verified,debt_consolidation
15000.0,11.22,36.0,6.0,56900.0,28.58,0.0,14.0,1.0,14214.0,47.2,10.949068194652432,9.61587214452889,9.562053024085099,0.2636157536774398,403.92,0,1,B,B5,RENT,Source Verified,debt_consolidation
16000.0,17.27,36.0,4.0,32000.0,35.3,0.0,11.0,0.0,14975.0,79.7,10.373522431293592,9.680406499268875,9.614204198717372,0.49998437548826596,621.72,0,0,D,D3,MORTGAGE,Not Verified,credit_card
4800.0,8.49,36.0,2.0,42000.0,14.71,0.0,8.0,0.0,4411.0,52.5,10.645448706505872,8.47657950853094,8.392083380373393,0.11428299326206519,305.64,0,0,B,B1,RENT,Source Verified,car
14875.0,18.49,60.0,3.0,37231.0,36.3,1.0,24.0,1.0,4665.0,27.9,10.524923885542073,9.60750445504496,8.448057452581375,0.3995219166308552,1109.3999999999999,1,1,D,D5,RENT,Verified,debt_consolidation
27500.0,17.86,36.0,4.0,55000.0,28.98,0.0,15.0,0.0,13779.0,74.1,10.915106645867501,10.221977646629885,9.53097354456765,0.4999909092561953,642.96,0,0,D,D5,RENT,Source Verified,debt_consolidation
20000.0,11.22,36.0,10.0,69000.0,8.3,0.0,7.0,0.0,15409.0,67.3,11.141876276228,9.903537551286169,9.642771928314161,0.2898508717264967,403.92,0,0,B,B5,MORTGAGE,Not Verified,debt_consolidation
9600.0,6.49,36.0,4.0,102000.0,14.09,0.0,13.0,0.0,29854.0,38.8,11.532737896139919,9.169622538697624,10.304107608981093,0.09411672434583974,233.64000000000001,0,0,A,A2,RENT,Not Verified,other
10000.0,11.99,36.0,,55952.0,18.98,0.0,7.0,0.0,11959.0,81.9,10.932267331605557,9.210440366976515,9.389323027504622,0.17872142691187246,431.64,0,0,C,C1,OWN,Verified,debt_consolidation
35000.0,19.89,60.0,3.0,166400.0,5.99,0.0,5.0,1.0,9122.0,43.0,12.022155816966572,10.463131911491967,9.118553976345474,0.21033527442743732,1193.4,0,1,E,E3,MORTGAGE,Verified,home_improvement
11000.0,7.91,36.0,3.0,40000.0,23.88,0.0,11.0,0.0,12203.0,44.5,10.596659732783579,9.305741456739435,9.40951904583656,0.2749931251718707,284.76,0,0,A,A5,MORTGAGE,Not Verified,debt_consolidation
14400.0,9.8,60.0,4.0,70000.0,11.81,0.0,11.0,0.0,1759.0,12.8,11.156264806643742,9.575052927597381,7.473069088032197,0.2057113469807574,588.0,0,0,B,B3,MORTGAGE,Not Verified,debt_consolidation
15000.0,10.78,36.0,0.0,49000.0,4.67,0.0,8.0,0.0,6277.0,28.4,10.799595985047786,9.61587214452889,8.744806737401898,0.3061162017101692,388.08,0,0,B,B4,MORTGAGE,Source Verified,debt_consolidation
2525.0,9.8,36.0,10.0,41000.0,3.22,0.0,4.0,1.0,2185.0,31.0,10.62135173563291,7.8343923029104365,7.689828668736483,0.0615838638081998,352.8,0,1,B,B3,OWN,Not Verified,credit_card
3600.0,9.17,36.0,10.0,70000.0,8.08,0.0,10.0,0.0,5059.0,47.7,11.156264806643742,8.188966863648876,8.52912176228151,0.05142783674518935,330.12,0,0,B,B2,MORTGAGE,Not Verified,home_improvement
15000.0,11.48,36.0,2.0,155000.0,13.76,1.0,10.0,0.0,9794.0,30.3,11.951186847493474,9.61587214452889,9.189627330378642,0.09677356920277934,413.28000000000003,1,0,B,B5,RENT,Verified,debt_consolidation
15000.0,5.32,36.0,10.0,71000.0,26.19,0.0,15.0,0.0,10473.0,37.3,11.170449240431308,9.61587214452889,9.256651274839433,0.21126463007563273,191.52,0,0,A,A1,RENT,Not Verified,debt_consolidation
20000.0,19.89,60.0,3.0,240000.0,11.83,1.0,23.0,0.0,20814.0,70.3,12.388398368982115,9.903537551286169,9.943429159629076,0.08333298611255786,1193.4,1,0,E,E3,MORTGAGE,Source Verified,debt_consolidation
3825.0,14.85,36.0,3.0,30000.0,7.08,1.0,7.0,1.0,2138.0,32.0,10.308985993422082,8.249575150000197,7.668093709082405,0.12749575014166195,534.6,1,1,C,C5,MORTGAGE,Not Verified,debt_consolidation
28800.0,11.99,60.0,10.0,105000.0,12.78,0.0,14.0,0.0,29590.0,34.1,11.561725152903833,10.268165387743457,10.295225540024292,0.2742831020656946,719.4,0,0,C,C1,RENT,Verified,debt_consolidation
7200.0,9.8,36.0,1.0,68000.0,10.57,2.0,19.0,0.0,17637.0,35.7,11.127277689932466,8.881975184248866,9.777810944448126,0.10588079587064896,352.8,1,0,B,B3,MORTGAGE,Source Verified,home_improvement
10000.0,7.49,36.0,10.0,70200.0,15.16,0.0,5.0,0.0,9478.0,82.4,11.159117834926688,9.210440366976515,9.156834104453042,0.14244811327473966,269.64,0,0,A,A4,MORTGAGE,Not Verified,debt_consolidation
7200.0,11.48,36.0,9.0,69460.0,22.98,1.0,8.0,0.0,12474.0,99.8,11.148520722969554,8.881975184248866,9.431481920619719,0.10365528857920271,413.28000000000003,1,0,B,B5,RENT,Verified,debt_consolidation
21000.0,19.48,60.0,10.0,133308.0,24.17,0.0,27.0,0.0,45924.0,68.6,11.800425020766857,9.952325334619427,10.734764910083326,0.1575287489966919,1168.8,0,0,E,E2,MORTGAGE,Verified,credit_card
5775.0,25.99,36.0,0.0,38300.0,9.77,0.0,12.0,0.0,5675.0,66.8,10.55323128448846,8.661466680572662,8.644002038279933,0.1507793530195034,935.64,0,0,F,F5,RENT,Source Verified,car
4500.0,15.77,36.0,4.0,68200.0,18.13,1.0,23.0,1.0,9038.0,37.2,11.130214506480653,8.412054873292933,9.10930382779841,0.06598143722232812,567.72,1,1,D,D1,RENT,Not Verified,debt_consolidation
15000.0,11.22,36.0,8.0,123000.0,17.26,0.0,16.0,1.0,9969.0,33.2,11.719947764402805,9.61587214452889,9.207335862955883,0.12195022804692644,403.92,0,1,B,B5,MORTGAGE,Source Verified,debt_consolidation
3500.0,7.91,36.0,5.0,80000.0,7.92,0.0,5.0,0.0,3881.0,80.9,11.289794413577894,8.160803920954665,8.264105763728955,0.043749453131835855,284.76,0,0,A,A5,RENT,Verified,credit_card
30000.0,9.17,60.0,6.0,80000.0,24.84,0.0,12.0,0.0,22224.0,65.0,11.289794413577894,10.308985993422082,10.008973060382106,0.37499531255859303,550.2,0,0,B,B2,MORTGAGE,Not Verified,credit_card
30000.0,12.88,36.0,10.0,139000.0,21.38,1.0,20.0,0.0,27281.0,80.2,11.842236406331555,10.308985993422082,10.213982423053066,0.21582578542600414,463.68,1,0,C,C2,RENT,Verified,credit_card
12000.0,9.76,36.0,10.0,70000.0,11.01,0.0,12.0,0.0,12956.0,43.2,11.156264806643742,9.392745258631441,9.46939146162881,0.17142612248396452,351.36,0,0,B,B3,RENT,Not Verified,debt_consolidation
24000.0,13.18,60.0,10.0,96000.0,13.98,0.0,7.0,0.0,1355.0,18.3,11.472113887062386,10.085850775128717,7.212294468500341,0.2499973958604598,790.8,0,0,C,C3,MORTGAGE,Source Verified,debt_consolidation
24000.0,8.49,36.0,0.0,107000.0,16.23,0.0,9.0,0.0,31540.0,70.6,11.580593459194764,10.085850775128717,10.359043565784862,0.22429696918720385,305.64,0,0,B,B1,OWN,Not Verified,debt_consolidation
5000.0,11.99,36.0,10.0,30000.0,22.04,1.0,14.0,1.0,3600.0,21.6,10.308985993422082,8.517393171418904,8.188966863648876,0.16666111129629013,431.64,1,1,C,C1,RENT,Source Verified,debt_consolidation
13725.0,12.88,36.0,3.0,105000.0,6.05,0.0,2.0,0.0,427.0,9.9,11.561725152903833,9.527047123468579,6.059123195581797,0.13071304082818258,463.68,0,0,C,C2,RENT,Source Verified,other
24000.0,11.99,60.0,1.0,160000.0,24.08,0.0,12.0,0.0,36835.0,82.8,11.982935344196433,10.085850775128717,10.514230906841258,0.14999906250585934,719.4,0,0,C,C1,RENT,Source Verified,credit_card
25000.0,13.44,36.0,,79000.0,8.85,2.0,10.0,0.0,18850.0,31.3,11.277215789596891,10.12667110305036,9.844321241866911,0.31645169048493055,483.84,1,0,C,C3,OWN,Not Verified,debt_consolidation
6000.0,5.32,36.0,0.0,52000.0,15.82,0.0,13.0,0.0,14849.0,28.7,10.859018228147885,8.699681400989512,9.605755144230846,0.11538239649237515,191.52,0,0,A,A1,MORTGAGE,Not Verified,credit_card
7000.0,5.32,36.0,2.0,45000.0,11.8,0.0,8.0,0.0,3172.0,9.4,10.714439990727769,8.853808274977197,8.062432791583195,0.15555209884224794,191.52,0,0,A,A1,OWN,Not Verified,home_improvement
14500.0,7.26,36.0,2.0,100000.0,6.29,0.0,12.0,0.0,11704.0,34.1,11.51293546492023,9.581972891547895,9.36777137992501,0.14499855001449985,261.36,0,0,A,A4,MORTGAGE,Not Verified,debt_consolidation
14400.0,13.99,60.0,1.0,91000.0,20.86,0.0,21.0,0.0,15673.0,49.4,11.418625774449596,9.575052927597381,9.65975856761281,0.15824001934044682,839.4,0,0,C,C4,RENT,Not Verified,debt_consolidation
12000.0,7.89,36.0,5.0,99905.0,22.07,0.0,18.0,0.0,23408.0,63.6,11.511985022893171,9.392745258631441,10.06087584278487,0.12011290613176386,284.03999999999996,0,0,A,A5,MORTGAGE,Not Verified,debt_consolidation
5600.0,10.78,36.0,4.0,41000.0,28.51,0.0,12.0,1.0,3255.0,49.3,10.62135173563291,8.630700432209832,8.08825472712243,0.13658203458452234,388.08,0,1,B,B4,OWN,Verified,debt_consolidation
10000.0,9.8,36.0,3.0,78000.0,12.28,0.0,7.0,0.0,9362.0,89.2,11.264476926102367,9.210440366976515,9.144521030938888,0.12820348457071062,352.8,0,0,B,B3,RENT,Source Verified,other
2425.0,18.99,36.0,9.0,20000.0,17.11,0.0,9.0,1.0,2711.0,17.2,9.903537551286169,7.793999089503995,7.905441649060286,0.12124393780310984,683.64,0,1,E,E1,RENT,Verified,debt_consolidation
35000.0,7.26,36.0,5.0,225000.0,13.56,0.0,12.0,0.0,2956.0,4.3,12.323860125621124,10.463131911491967,7.991930519852477,0.15555486420060355,261.36,0,0,A,A4,MORTGAGE,Source Verified,debt_consolidation
32000.0,14.48,60.0,10.0,95000.0,34.41,0.0,12.0,0.0,31521.0,84.3,11.461642696843066,10.373522431293592,10.358440993735487,0.3368385595941095,868.8000000000001,0,0,C,C5,MORTGAGE,Verified,debt_consolidation
